especimen,minuto,nado,inmovilidad,escalamiento,activa,sin_decidir
1,1,49,6,5,0,0
1,2,41,18,0,1,0
1,3,31,29,0,0,0
1,4,27,30,3,0,0
1,5,5,55,0,0,0
1,6,7,13,0,0,0
1,total,160,151,8,1,0
2,1,46,0,14,0,0
2,2,36,5,19,0,0
2,3,46,10,3,1,0
2,4,53,7,0,0,0
2,5,45,15,0,0,0
2,6,6,14,0,0,0
2,total,232,51,36,1,0
3,1,56,0,4,0,0
3,2,57,0,3,0,0
3,3,60,0,0,0,0
3,4,52,8,0,0,0
3,5,48,12,0,0,0
3,6,17,3,0,0,0
3,total,290,23,7,0,0
4,1,56,1,3,0,0
4,2,41,9,8,2,0
4,3,48,12,0,0,0
4,4,36,24,0,0,0
4,5,17,43,0,0,0
4,6,4,16,0,0,0
4,total,202,105,11,2,0
