video,paso,bloque,rotar,especimen,t0,t1,n,n_visto,escala_px,gx0,gx1,g_agua,g_fondo,nq,rng,path,spanx,spany,me,me_max,vert,elong,hrise,hmean,above,area,iou,dice,bx0,by0,bx1,by1,p_escalamiento,p_inmovilidad,p_nado,clase,confianza,usar
Acu-baihui2,12,1,0,1,0.0,5.0,13,13,137.8,241,514,350,616,2,0.9011993821612819,0.34360880674922745,0.7722897709084056,0.46446618408461,66.16338987806357,89.8446330080611,0.7748725454649297,2.6447828768042325,0.3157894736842105,0.09976865240023135,0.09953999312784112,0.46994716439858303,0.22223577225030056,0.3514278224888372,143,164,426,573,0.0,0.0,1.0,nado,1.0,1
Acu-baihui2,12,2,0,1,5.0,10.0,12,12,137.8,241,514,350,616,2,0.7277922268601317,0.2536437057786259,0.6934193630568853,0.2210228775846807,56.6347258460871,73.03129074315515,0.7478917747188629,2.2688227043883025,0.13157894736842105,0.03258145363408521,0.03471529638699694,0.3600845653039936,0.3370033170686983,0.49517066029478957,143,181,421,584,0.0,0.0,1.0,nado,1.0,1
Acu-baihui2,12,3,0,1,10.0,15.0,12,12,137.8,241,514,350,616,1,0.4148542033485726,0.18326716102751628,0.37491774650149334,0.17759699714302823,61.70406563516789,85.51909944957166,0.8251421965053737,2.466476048098601,0.16541353383458646,0.05513784461152882,0.054279388108756654,0.47271846286893165,0.3621530376921413,0.5206772814956176,147,185,421,584,0.0,0.0,1.0,nado,1.0,1
Acu-baihui2,12,4,0,1,15.0,20.0,13,13,137.8,241,514,350,616,1,0.40369588242166,0.1938691827078021,0.24288459305313875,0.3224553301491757,46.2008009966472,59.22073058715467,0.8037921294941708,2.2055661452651587,0.16541353383458646,-0.007518796992481203,0.08260244314395959,0.43270318047514483,0.3758768421763694,0.5400955621356677,151,127,424,524,0.999,0.0,0.001,escalamiento,0.999,1
Acu-baihui2,12,5,0,1,20.0,25.0,12,12,137.8,241,514,350,616,2,0.5638231039828653,0.2950654590778132,0.5421215823125126,0.15492153683671744,60.884901806796414,95.21630892181477,0.8888568475676708,2.850265636511052,0.2593984962406015,0.06766917293233082,0.1203849626035815,0.4913569888164108,0.2686213067825441,0.4115652957153683,149,161,421,558,1.0,0.0,0.0,escalamiento,1.0,1
Acu-baihui2,12,6,0,1,25.0,30.0,12,12,137.8,241,514,350,616,2,0.919636442889411,0.4495965140650214,0.7373332440438904,0.5496097472916592,59.32043150219593,81.20088128564022,0.8199001429196763,2.788361654421933,0.2518796992481203,0.05231829573934837,0.10517234599123561,0.48940935277953607,0.27235516557367184,0.41645960356117356,134,143,417,553,0.0,0.0,1.0,nado,1.0,1
Acu-baihui2,12,7,0,1,30.0,35.0,12,12,137.8,241,514,350,616,2,1.0115732934711077,0.4711225692791263,0.9246972529921343,0.41014085187016514,46.119753188384834,80.71466747851971,0.8993981548262021,2.86596542202448,0.24812030075187969,0.06641604010025064,0.14172122765619122,0.5412103301656932,0.29831619542914817,0.4507486106177682,146,147,420,546,1.0,0.0,0.0,escalamiento,1.0,1
Acu-baihui2,12,8,0,1,35.0,40.0,13,13,137.8,241,514,350,616,2,0.9624626824858618,0.3671106025994087,0.7611416858686457,0.5890651485285106,44.01608684416832,67.1381810733306,0.8724983780903247,2.615771268816493,0.13909774436090225,0.022845575477154424,0.07621290121841214,0.4165592618077445,0.3737629993863152,0.5336346163859027,148,144,420,541,0.0,0.0,1.0,nado,1.0,1
Acu-baihui2,12,9,0,1,40.0,45.0,12,12,137.8,241,514,350,616,2,0.7176977089178752,0.3139566378868578,0.5912097798971935,0.40689187450707254,42.33186348581956,57.9826970860628,0.7295587789850145,2.4606709737942754,0.08270676691729323,0.046052631578947366,0.12362224952973816,0.5639239774605972,0.4590888150108894,0.6209047004778366,152,150,422,546,0.0,0.0,1.0,nado,1.0,1
Acu-baihui2,12,10,0,1,45.0,50.0,12,12,137.8,241,514,350,616,1,0.7432651028252311,0.3368502503521384,0.21974306534822685,0.7100394343338728,42.31776489727226,59.6015318908616,0.8789044670802565,2.916769377037685,0.12030075187969924,-0.028822055137844613,0.08308597787037011,0.44432421046647635,0.34395578917817016,0.49977041009360157,149,141,421,538,1.0,0.0,0.0,escalamiento,1.0,1
Acu-baihui2,12,11,0,1,50.0,55.0,12,12,137.8,241,514,350,616,2,0.8568044732305045,0.23453125484410609,0.6650260742493079,0.5402353430833234,41.412549167291736,55.982642888350476,0.8557293393068077,2.249120720221089,0.10150375939849623,0.03414786967418547,0.21371357593814644,0.6744698688238407,0.34802106810733674,0.5060029313069011,148,152,421,550,0.0,0.0,1.0,nado,1.0,1
Acu-baihui2,12,12,0,1,55.0,60.0,13,13,137.8,241,514,350,616,1,1.0308349622677389,0.3505922623743051,0.8008780481419728,0.6490108407706566,45.26107178342227,59.411009025123995,0.8086672849991288,2.4977945319459733,0.20300751879699247,0.09080393290919607,0.36210643556264793,0.8559354239643229,0.37180136529020363,0.5354118098722588,152,151,424,547,0.0,0.0,1.0,nado,1.0,1
Acu-baihui2,12,13,0,1,60.0,65.0,12,12,137.8,241,514,350,616,2,0.5069053258930937,0.24778686702389444,0.4890416570562591,0.13338390863388208,47.59301990671758,59.46722849887756,0.838333258459132,2.611360511930037,0.15037593984962405,0.08928571428571429,0.16918991428436592,0.636161973530987,0.40648496132887546,0.5663357124436579,154,151,424,546,0.0,0.0,1.0,nado,1.0,1
Acu-baihui2,12,14,0,1,65.0,70.0,12,12,137.8,241,514,350,616,2,0.883854720416358,0.27592327245453113,0.7587050450275653,0.45339367160559096,46.34778786573202,66.33455470299164,0.8424875927865156,2.151897918195981,0.24436090225563908,0.07048872180451128,0.19679458450970985,0.6459133134183125,0.365774323935115,0.5231908063154254,153,172,424,567,0.0,0.0,1.0,nado,1.0,1
Acu-baihui2,12,15,0,1,70.0,75.0,13,13,137.8,241,514,350,616,2,0.8095011465827078,0.28090313307953135,0.6921877266597871,0.4197240252597824,47.54196459103227,61.692451726155646,0.7779073016090646,2.0887720123785596,0.15413533834586465,0.0670908039329092,0.13195335378310566,0.5249709192948216,0.38116591501781716,0.5398555081120476,151,168,423,564,0.0,0.0,1.0,nado,1.0,1
Acu-baihui2,12,16,0,1,75.0,80.0,12,12,137.8,241,514,350,616,1,0.4994974796707487,0.15991183528623817,0.4777678180335402,0.14572454923210457,46.91962070059996,69.60967576353836,0.727770698951562,1.8744068328659471,0.10902255639097744,0.05827067669172932,0.17884913625102847,0.6050743685910518,0.3823472060305761,0.5420741258607903,135,125,413,530,0.0,0.0,1.0,nado,1.0,1
Acu-baihui2,12,17,0,1,80.0,85.0,12,12,137.8,241,514,350,616,2,0.569250788711648,0.1826680563592312,0.5482198840551546,0.15330172593740155,44.962797788172246,62.14981528003547,0.8849020665673487,2.344703055134661,0.12030075187969924,0.07299498746867168,0.25103449350961093,0.7056320454138364,0.36188863048877234,0.526441366125297,150,118,421,511,1.0,0.0,0.0,escalamiento,1.0,1
Acu-baihui2,12,18,0,1,85.0,90.0,12,12,137.8,241,514,350,616,2,0.9103584762507118,0.3720350762529819,0.3508920846942254,0.8400162499502366,52.49128235071774,71.53026333027643,0.8806719482854927,2.505202133821586,0.17669172932330826,0.06547619047619048,0.22303941876336195,0.6599108507914371,0.27806572712871497,0.427289027427138,153,263,421,653,1.0,0.0,0.0,escalamiento,1.0,1
Acu-baihui2,12,19,0,1,90.0,95.0,13,13,137.8,241,514,350,616,2,0.8013496203448913,0.28835268243794254,0.6748270532280365,0.43216855769302115,61.15094236340243,84.95950425133304,0.9042030070225294,2.372990097997147,0.2819548872180451,0.04166666666666667,0.03243360635211355,0.35834073594873217,0.29019533364351974,0.43253233045821143,145,271,419,669,1.0,0.0,0.0,escalamiento,1.0,1
Acu-baihui2,12,20,0,1,95.0,100.0,12,12,137.8,241,514,350,616,1,0.8563059520232442,0.2810324882426521,0.14152410208145327,0.8445299355265468,44.0804617268806,56.91617319498017,0.8259979013191509,1.9456340478671452,0.09774436090225563,-0.1199874686716792,0.0038470198295926603,0.22595209968337282,0.24029063645797913,0.37484444774382547,145,279,419,677,0.999,0.0,0.001,escalamiento,0.999,1
Acu-baihui2,12,21,0,1,100.0,105.0,12,12,137.8,241,514,350,616,2,0.5217981559663272,0.2372909492952296,0.5025146626750137,0.1405429804952088,53.962090434216115,76.83228051391863,0.842691405877574,2.1586821471709845,0.11278195488721804,-0.018796992481203006,0.017699800470246736,0.36397545081009236,0.3507742966881417,0.5074594554005314,132,277,416,688,0.0,0.0,1.0,nado,1.0,1
Acu-baihui2,12,22,0,1,105.0,110.0,12,12,137.8,241,514,350,616,2,1.3354206183508628,0.540835068377975,0.8954677650785835,0.9906996061479826,55.70635307508749,80.67602422515141,0.7604618722263151,2.042090170733191,0.07894736842105263,0.03508771929824562,0.018813988653503904,0.30614732947198514,0.27523450250611803,0.3951225127668791,132,277,417,687,0.0,0.0,1.0,nado,1.0,1
Acu-baihui2,12,23,0,1,110.0,115.0,13,13,137.8,241,514,350,616,1,0.564975159221723,0.26899505998087925,0.413160512533311,0.38535090686389084,33.82616479724137,52.54258180188256,0.8165167573750745,1.9264638868530533,-0.03007518796992481,-0.20634920634920634,0.0,0.1501744809472144,0.2492802515394,0.34622899369222576,135,279,417,687,0.0,0.0,1.0,nado,1.0,1
Acu-baihui2,12,24,0,1,115.0,120.0,12,12,137.8,241,514,350,616,2,0.47797176180186907,0.11058508494983893,0.4736286159847429,0.06428793977379955,36.47051365732703,62.42890487305292,0.9156650311973702,1.9731804474405228,0.03759398496240601,-0.027882205513784463,0.007680879956233465,0.3545574900642139,0.4748553435625171,0.6351658455007765,136,242,415,647,0.0,0.0,1.0,nado,1.0,1
Acu-baihui2,12,25,0,1,120.0,125.0,12,12,137.8,241,514,350,616,2,0.8913681650355131,0.2946176664156483,0.22703634119037158,0.8619696661818598,35.45609739889959,53.24919953675318,0.715969451811001,2.590025420193565,0.35714285714285715,-0.1817042606516291,0.04594490957258099,0.42051392125891773,0.2530892951691897,0.35972522692512504,150,239,421,632,0.0,0.0,1.0,nado,1.0,1
Acu-baihui2,12,26,0,1,125.0,130.0,13,13,137.8,241,514,350,616,2,0.612817341190982,0.27809879107008284,0.49262974678508636,0.3645010648089332,41.65827451978294,62.5511870898696,0.8386951573279658,2.0713869956842452,0.12781954887218044,0.06043956043956044,0.3202342853395261,0.724455819487484,0.3114831270037747,0.4658935612193813,135,233,415,640,0.0,0.0,1.0,nado,1.0,1
Acu-baihui2,12,27,0,1,130.0,135.0,12,12,137.8,241,514,350,616,2,0.8756347577982876,0.3094005446800666,0.772874294737609,0.41158419988904965,46.81426126328557,78.9979674796748,0.7932707705748996,1.821225931760688,0.2631578947368421,0.05952380952380953,0.10130777989104048,0.45467651012193666,0.3141568074194552,0.4553981004317847,197,241,472,642,0.0,0.0,1.0,nado,1.0,1
Acu-baihui2,12,28,0,1,135.0,140.0,12,12,137.8,241,514,350,616,2,0.9854618525104722,0.26049568267157575,0.673002725504727,0.71986276068191,34.42311463774613,50.55929629160866,0.752847170809212,1.9641286889295824,0.424812030075188,0.10776942355889725,0.18920582247413936,0.6425444294626373,0.48553002190950273,0.6426843832359149,233,237,507,636,0.0,0.0,1.0,nado,1.0,1
Acu-baihui2,12,29,0,1,140.0,145.0,12,12,137.8,241,514,350,616,2,0.8568839422335179,0.41609200801617113,0.4738154349956974,0.7139671028958497,41.66232774596124,82.34859115084305,0.7488171539884935,2.07861625303403,0.45112781954887216,0.13909774436090225,0.3326290383787706,0.7274289000697611,0.40589778681862554,0.5539708584825745,240,209,514,608,0.0,0.0,1.0,nado,1.0,1
Acu-baihui2,12,30,0,1,145.0,150.0,13,13,137.8,241,514,350,616,2,0.7754406972209559,0.18824197811839996,0.6607944307350669,0.40578195526174043,36.98372994217248,56.03754161555984,0.8500291978170398,1.964485807834052,0.07142857142857142,0.02949681897050318,0.074682326536627,0.5233998532193385,0.5022113013202187,0.6622257667501293,241,224,514,623,0.0,0.0,1.0,nado,1.0,1
Acu-baihui2,12,31,0,1,150.0,155.0,12,12,137.8,241,514,350,616,1,0.45455262681496256,0.22952537435118636,0.36317621733096944,0.2733516521068623,27.661827572904727,38.53064095667646,0.9057620942046573,2.1464621389556715,0.06390977443609022,0.03101503759398496,0.07118521983424138,0.4462104345562425,0.44705302789345946,0.6085953484478933,241,228,514,626,0.0,1.0,0.0,inmovilidad,1.0,1
Acu-baihui2,12,32,0,1,155.0,160.0,12,12,137.8,241,514,350,616,2,0.849864576788897,0.2979142689108248,0.8052314853986283,0.27179413864778157,44.800275866069434,79.57053207824288,0.7333527145932489,1.90222511505073,0.04887218045112782,0.026942355889724313,0.06476328479373551,0.3875137728233127,0.3980214848838331,0.5529075719769336,241,229,514,628,0.0,0.0,1.0,nado,1.0,1
Acu-baihui2,12,33,0,1,160.0,165.0,12,12,137.8,241,514,350,616,2,0.893251893448631,0.25522569529559497,0.840009373234087,0.30378149717920705,33.025016154172654,51.88853759484939,0.7354347937030911,1.915137820612234,0.08270676691729323,0.042293233082706765,0.12342485398546031,0.504863230612666,0.5467359343246697,0.6936682232270773,241,230,514,629,0.0,0.0,1.0,nado,1.0,1
Acu-baihui2,12,34,0,1,165.0,170.0,13,13,137.8,241,514,350,616,2,1.2848868033907563,0.6018231477289144,0.6442534114980659,1.111697638434489,37.60719639483402,69.25958447291397,0.7665215721295855,2.0220430823315203,0.10902255639097744,0.010121457489878543,0.210737458501342,0.6012486067431506,0.3876286460724993,0.5373779710945698,240,224,513,623,0.0,0.0,1.0,nado,1.0,1
Acu-baihui2,12,35,0,1,170.0,175.0,12,12,137.8,241,514,350,616,2,1.144120698381461,0.3551067129834758,0.9967088012079823,0.5617684025107045,37.301834955227,68.61032889671104,0.5920861408482335,1.7295834988484324,0.45112781954887216,0.15820802005012533,0.14060703947293401,0.41435518027744894,0.37095966195416885,0.4907929210926842,241,219,514,618,0.0,0.0,1.0,nado,1.0,1
Acu-baihui2,12,36,0,1,175.0,180.0,12,12,137.8,241,514,350,616,2,0.8525988439070878,0.3370012766549828,0.5269565942847585,0.6702548294279655,32.81546986600708,57.087714366038796,0.7280270692142641,1.7411370098140548,0.45112781954887216,0.1162280701754386,0.34580628760122945,0.8236833540272889,0.4838190940352294,0.6406082311580373,241,217,514,616,0.0,0.0,1.0,nado,1.0,1
Acu-baihui2,12,37,0,1,180.0,185.0,13,13,137.8,241,514,350,616,2,0.8257478094780434,0.3202774195737983,0.5825881962631705,0.5851926506994194,32.61910884448264,65.91276586565425,0.7554623728507252,1.9505766959937274,0.45112781954887216,0.08646616541353383,0.3663418353434608,0.7544923353326749,0.4872945991424829,0.6230317634244309,241,209,514,608,0.0,0.0,1.0,nado,1.0,1
Acu-baihui2,12,38,0,1,185.0,190.0,12,12,137.8,241,514,350,616,2,0.9951770784092361,0.31937566787144045,0.6494517795434663,0.7540489396842671,36.16481778736274,68.89039181432493,0.5771646840479762,2.1270539779032736,0.45112781954887216,0.2098997493734336,0.4651691799422168,0.7757250099030738,0.49298095551431165,0.6173696488109351,241,210,514,609,0.0,0.0,1.0,nado,1.0,1
Acu-baihui2,12,39,0,1,190.0,195.0,12,12,137.8,241,514,350,616,2,0.8272251877848682,0.22540290057202328,0.4911951283671288,0.6656041294749533,28.45116887329516,46.70627758382188,0.6433251469493099,2.0315819366215284,0.45112781954887216,0.18045112781954886,0.4579006373451414,0.8975356069931063,0.6149607545737921,0.7455342262793015,240,206,514,605,0.0,0.995,0.004,inmovilidad,0.995,1
Acu-baihui2,12,40,0,1,195.0,200.0,12,12,137.8,241,514,350,616,2,1.002816799547062,0.482503090581054,0.8802328246430398,0.4804494852476667,39.06873053997507,59.717104900501624,0.6957495312581732,1.7127298774070951,0.45112781954887216,0.10776942355889725,0.11819606534592274,0.4243258485473054,0.4096321717013292,0.5551753594811663,241,228,514,627,0.0,0.0,1.0,nado,1.0,1
Acu-baihui2,12,41,0,1,200.0,205.0,13,13,137.8,241,514,350,616,2,0.7882011586515455,0.21117545808809512,0.7588397007651567,0.21312760272260922,45.843220206549375,58.01419797399697,0.8233856844412941,1.7049902536826467,0.05639097744360902,0.03788316946211683,0.029821911458591296,0.42126841089482414,0.5037199724495764,0.6615967964350454,240,222,514,621,0.0,0.0,1.0,nado,1.0,1
Acu-baihui2,12,42,0,1,205.0,210.0,12,12,137.8,241,514,350,616,2,1.048259798310671,0.28971374432213254,0.4142794946430631,0.9629232082947303,30.017225988509352,50.01842684268427,0.602823915397106,1.789116769642862,0.45112781954887216,0.16854636591478697,0.32211882228788813,0.6978590475369401,0.46086555309445815,0.600615689176952,241,218,514,617,0.0,0.0,1.0,nado,1.0,1
Acu-baihui2,12,43,0,1,210.0,215.0,12,12,137.8,241,514,350,616,2,1.0452840532761842,0.3213068163324016,0.7037820770027448,0.7728580336149655,38.87574534395357,67.09837515198409,0.6175036451529575,1.6708577744745965,0.45112781954887216,0.21397243107769423,0.38161822590088107,0.6929417052005964,0.42633031845394426,0.564932734607959,241,216,514,615,0.0,0.0,1.0,nado,1.0,1
Acu-baihui2,12,44,0,1,215.0,220.0,12,12,137.8,241,514,350,616,2,0.8394635352330699,0.24064707400333002,0.47671108138919976,0.6909743641168921,25.968065544713678,32.21607018359284,0.6255202725887403,1.8017840339085194,0.45112781954887216,0.07048872180451128,0.15721019803052608,0.6029688161187549,0.6281875282914953,0.7609298772787141,240,218,514,617,0.0,1.0,0.0,inmovilidad,1.0,1
Acu-baihui2,12,45,0,1,220.0,225.0,13,13,137.8,241,514,350,616,2,1.0884837761311243,0.3043755727997092,0.6428177557669733,0.8783975545112721,34.248799747800554,64.52427908960077,0.636471242715322,1.657457920629589,0.45112781954887216,0.10237131289762869,0.21268914367758654,0.5220474406698246,0.4890473456539364,0.6380457511174836,241,218,514,617,0.0,0.0,1.0,nado,1.0,1
Acu-baihui2,12,46,0,1,225.0,230.0,12,12,137.8,241,514,350,616,2,1.059967108837337,0.31667981762613995,0.3645945869820659,0.9952894347677765,36.41367784926516,57.68462206776716,0.6482368144358998,1.6164345033226695,0.45112781954887216,0.15664160401002505,0.273160340739332,0.6005430442079626,0.5190803595872436,0.6657506080182977,241,214,514,613,0.0,0.0,1.0,nado,1.0,1
Acu-baihui2,12,47,0,1,230.0,235.0,12,12,137.8,241,514,350,616,2,0.9854569617969108,0.2955210870896082,0.5632458197832381,0.808628202606554,35.33224424600283,56.771821803694316,0.7052906690284413,1.638712143526072,0.45112781954887216,0.09367167919799499,0.21376182818230324,0.5742324114395512,0.5182247010330276,0.6728330671290133,240,210,514,609,0.0,0.0,1.0,nado,1.0,1
Acu-baihui2,12,48,0,1,235.0,240.0,13,13,137.8,241,514,350,616,2,1.0536303325377019,0.2804055391482766,0.5237800648174561,0.9142162333623974,43.80274464080388,67.55854197349042,0.6885270009993968,1.9822214454525466,0.45112781954887216,0.09774436090225563,0.20879387160383708,0.6206318369063925,0.5226934101070781,0.6729375775404941,241,209,514,608,0.0,0.0,1.0,nado,1.0,1
Acu-baihui2,12,49,0,1,240.0,245.0,12,12,137.8,241,514,350,616,2,0.9139752217292358,0.280945299096931,0.6048331045241148,0.685220856079795,44.48649883966064,63.42820934679177,0.9024751181098685,1.88435254910178,0.10150375939849623,0.030388471177944864,0.1593464564763774,0.593669292699443,0.4072405627700066,0.5539574169871325,241,204,514,603,1.0,0.0,0.0,escalamiento,1.0,1
Acu-baihui2,12,50,0,1,245.0,250.0,12,12,137.8,241,514,350,616,2,1.0234804269468536,0.3627255441809081,0.8239140265704492,0.6071884889915014,38.50735524481342,58.42677824267783,0.7157851752571612,1.828243854200671,0.45112781954887216,0.15695488721804512,0.27508604393795366,0.6982669983284475,0.4455625577713566,0.6095141253621842,240,202,514,601,0.0,0.0,1.0,nado,1.0,1
Acu-baihui2,12,51,0,1,250.0,255.0,12,12,137.8,241,514,350,616,2,0.9550940808164463,0.3293424932025433,0.7355338254495458,0.6092574946852681,31.710695801415103,53.91767176131647,0.6339434855900002,1.8260868203978093,0.45112781954887216,0.18358395989974938,0.5435088916146174,1.0629618462332415,0.5105617699773083,0.6562360327895219,240,195,513,594,0.0,0.0,1.0,nado,1.0,1
Acu-baihui2,12,52,0,1,255.0,260.0,13,13,137.8,241,514,350,616,2,0.7358008028824421,0.3299981336290908,0.4696672850666648,0.5664057404904672,32.75805616106342,63.58934534203351,0.6030869460561599,1.764601304309949,0.45112781954887216,0.22556390977443608,0.6100068952000322,1.015216419354222,0.46663400431810764,0.6088143378952504,240,196,513,594,0.0,0.0,1.0,nado,1.0,1
Acu-baihui2,12,53,0,1,260.0,265.0,12,12,137.8,241,514,350,616,2,0.6022888353751727,0.19039373738766738,0.5134839068932133,0.3147794761086939,39.827010486386705,64.94130159534059,0.7667526757115497,1.799555297834713,0.45112781954887216,0.12280701754385964,0.22403955618770305,0.6115313961727626,0.4710245334079632,0.6199824237308214,241,200,514,599,0.0,0.0,1.0,nado,1.0,1
Acu-baihui2,12,54,0,1,265.0,270.0,12,12,137.8,241,514,350,616,2,0.9304861813296769,0.23449368811473534,0.4987798722658818,0.7855082257162651,29.31549525457275,49.967731241021106,0.620964213424989,1.8981079291746663,0.45112781954887216,0.17324561403508773,0.4689372415540983,0.8863586326193298,0.6130396139149791,0.7491848474428343,240,197,514,596,0.0,0.995,0.005,inmovilidad,0.995,1
Acu-baihui2,12,55,0,1,270.0,275.0,12,12,137.8,241,514,350,616,2,0.6243888273035633,0.19166564247417292,0.538518776844012,0.316004643396182,35.05920151183238,47.70086867654573,0.7350507655869323,1.5523278098373625,0.45112781954887216,0.09492481203007519,0.2071863632740257,0.6537740426482214,0.4906884967966816,0.6437798749824474,241,200,514,599,0.0,0.0,1.0,nado,1.0,1
Acu-baihui2,12,56,0,1,275.0,280.0,13,13,137.8,241,514,350,616,2,1.0331049767666631,0.2511336875035458,0.5657009599066507,0.8644583951704913,31.18865864887871,67.87331384315536,0.5660103426098,2.078295444990836,0.45112781954887216,0.21226142278773857,0.5593400142657005,0.9360071550021563,0.5803041181834983,0.7176612417897166,241,207,515,607,0.0,0.0,1.0,nado,1.0,1
Acu-baihui2,12,57,0,1,280.0,285.0,12,12,137.8,241,514,350,616,2,0.8710594413328274,0.26388777563562804,0.5265376713106027,0.69390390619009,30.394166165942167,56.591148912944604,0.6644530517967052,1.7455582230485087,0.45112781954887216,0.17011278195488722,0.4868432107039241,1.0014577812039156,0.50888147596607,0.6560419782094132,242,193,515,591,0.0,0.0,1.0,nado,1.0,1
Acu-baihui2,12,58,0,1,285.0,290.0,12,12,137.8,241,514,350,616,2,0.8470357823815283,0.2210418525024646,0.35623716154538376,0.7684820761532282,27.323097076053973,53.380682750697524,0.5801636496210072,1.7683725392084142,0.45112781954887216,0.27944862155388467,0.7595780543811461,1.3720086969222856,0.6233272469129856,0.7499690546443865,241,201,514,599,0.0,1.0,0.0,inmovilidad,1.0,1
Acu-baihui2,12,59,0,1,290.0,295.0,13,13,137.8,241,514,350,616,2,0.8791807609756888,0.2572282210237599,0.5900187648743721,0.6517949582237589,31.416914059986336,51.11904646542953,0.6104092018170433,1.9593541353246045,0.45112781954887216,0.1683053788316946,0.47277751281807456,0.8919484695193414,0.5060970449035473,0.6588808609482834,242,205,515,603,0.0,0.0,1.0,nado,1.0,1
Acu-baihui2,12,60,0,1,295.0,300.0,12,12,137.8,241,514,350,616,1,0.7915065324490025,0.20795341801422046,0.44615358953770623,0.6537809766673116,32.80314590173119,44.96334453963778,0.7715820121910398,1.7791779300178512,0.45112781954887216,0.07926065162907267,0.14314247557499168,0.5884185712216523,0.6078952802087733,0.7449783732508529,242,205,514,603,0.0,0.003,0.997,nado,0.997,1
Acu-baihui2,12,61,0,1,300.0,305.0,12,12,137.8,241,514,350,616,2,1.061774304332343,0.28639552028911586,0.4391025569085501,0.9667231340238032,30.45820735354369,59.48030813673568,0.6264443605794262,1.7941134343102487,0.45112781954887216,0.2844611528822055,0.8195248878945022,1.2207817771672036,0.5482459609463212,0.6713939290479112,242,201,515,599,0.0,0.001,0.999,nado,0.999,1
Acu-baihui2,12,62,0,1,305.0,310.0,11,11,137.8,241,514,350,616,1,0.6939942525677242,0.2667794795578305,0.37288433127914034,0.5853078660701071,49.88177856552076,109.8517798309337,0.7259232391760174,1.5434696815389393,0.45112781954887216,0.11209842788790157,0.16998029401923195,1.0057123530461385,0.465854234997555,0.6139710282690698,240,195,514,594,0.0,0.0,1.0,nado,1.0,1
Acu-baihui2,12,1,0,2,0.0,5.0,13,13,137.8,514,787,350,616,2,0.982541509547085,0.2258285578546208,0.9673688589344555,0.17200380445476815,58.41328233855992,88.20917621721406,0.9255783944006571,2.9973600586215268,0.2819548872180451,0.09600925390399075,0.08312478212266404,0.3944914522423239,0.35829760137307126,0.5092631029039657,419,169,702,578,1.0,0.0,0.0,escalamiento,1.0,1
Acu-baihui2,12,2,0,2,5.0,10.0,12,12,137.8,514,787,350,616,1,0.31622307833724045,0.11899197606118084,0.3010059079003329,0.09691480115120105,52.69302892320815,62.74039233681312,0.9169679065023724,2.9105950503510307,0.20300751879699247,0.11528822055137845,0.08740236043857898,0.39219424050652296,0.36320848730265864,0.5216071467422378,418,183,696,587,1.0,0.0,0.0,escalamiento,1.0,1
Acu-baihui2,12,3,0,2,10.0,15.0,12,12,137.8,514,787,350,616,2,0.7140908778304128,0.31082279049130956,0.7045746885000987,0.11619074888130501,65.73843802891226,86.59960823539218,0.8700278617006371,2.7422033208475187,0.2593984962406015,0.09993734335839599,0.07134313626966365,0.39170733149730425,0.2672083376066578,0.4089437791924007,419,187,693,586,0.0,0.0,1.0,nado,1.0,1
Acu-baihui2,12,4,0,2,15.0,20.0,13,13,137.8,514,787,350,616,2,0.5508471520348163,0.3494862230622142,0.47290609538237166,0.28247550310614056,58.36422238364166,84.10331163317294,0.8943877994331838,2.8633134583553734,0.2932330827067669,0.10497397339502602,0.06859242092444488,0.42045858302086375,0.3086920291799488,0.4604415860924163,421,129,694,525,1.0,0.0,0.0,escalamiento,1.0,1
Acu-baihui2,12,5,0,2,20.0,25.0,12,12,137.8,514,787,350,616,2,0.7965250857751639,0.4100329098863035,0.7129505991635978,0.3551811585957217,66.4326277414808,93.17022777665794,0.8464733876724712,3.15445249544297,0.2593984962406015,0.10213032581453635,0.08037069249463709,0.4187943867398751,0.27193960454987437,0.41324807088963195,421,160,693,558,0.0,0.0,1.0,nado,1.0,1
Acu-baihui2,12,6,0,2,25.0,30.0,12,12,137.8,514,787,350,616,1,0.5288737710692322,0.1981822999623998,0.3930221853370769,0.35389409087728346,51.01472807201076,71.44850358297035,0.9275963861306858,2.9677585302478913,0.24436090225563908,0.09461152882205515,0.06871996881459363,0.42085168696801534,0.32657899637609594,0.48199704991932374,413,146,696,556,1.0,0.0,0.0,escalamiento,1.0,1
Acu-baihui2,12,7,0,2,30.0,35.0,12,12,137.8,514,787,350,616,1,0.5115831865176491,0.21500907669363387,0.45688855598858125,0.23015256708153586,43.16879073146011,82.74077609928679,0.9600013982122187,2.9834724944260134,0.19548872180451127,0.08834586466165413,0.09042909211750594,0.41580713416980375,0.4086097381934766,0.5735007977927402,419,146,693,546,1.0,0.0,0.0,escalamiento,1.0,1
Acu-baihui2,12,8,0,2,35.0,40.0,13,13,137.8,514,787,350,616,2,0.7267234577542342,0.381862467814384,0.6981260666699919,0.20185880978088727,60.9986384767743,82.44551871657754,0.8216611796934453,3.00356923676061,0.20300751879699247,0.11133603238866398,0.08002719050476556,0.44097557220765016,0.3120000735045688,0.4635296511670398,420,145,692,542,0.0,0.0,1.0,nado,1.0,1
Acu-baihui2,12,9,0,2,40.0,45.0,12,12,137.8,514,787,350,616,1,0.2396403436242207,0.1034771723628251,0.09338897816651297,0.22069434303884897,35.51954619705923,47.73512848728073,0.9085482210428785,3.065779988123094,0.08646616541353383,0.017230576441102756,0.03846142516062537,0.36208045358502505,0.4772515634445748,0.6419059941768882,422,151,692,546,0.0,0.0,0.999,nado,0.999,1
Acu-baihui2,12,10,0,2,45.0,50.0,12,12,137.8,514,787,350,616,2,0.5073689712090294,0.3210839723918714,0.39717360428596316,0.3157156964805615,45.24499318791141,64.53195064573431,0.7882715155337882,2.654504120564638,0.12781954887218044,0.06328320802005012,0.03985635367352214,0.4172897940357129,0.42915036880023044,0.5922746038209444,420,142,692,539,0.0,0.0,1.0,nado,1.0,1
Acu-baihui2,12,11,0,2,50.0,55.0,12,12,137.8,514,787,350,616,1,0.3566355181357628,0.17105989701959656,0.23936390591802711,0.26437438101985195,44.18136773783373,51.955863939899835,0.8871446038175751,2.7335800984147034,0.17669172932330826,0.09899749373433583,0.06970255996833224,0.399269774126971,0.46656095201066217,0.6262095841049676,420,151,692,549,1.0,0.0,0.0,escalamiento,1.0,1
Acu-baihui2,12,12,0,2,55.0,60.0,13,13,137.8,514,787,350,616,1,0.38111638593989455,0.1572252605632742,0.1111566118076443,0.36454616618932,29.059996764391176,40.302151954325865,0.8517284052120233,3.1550278407013703,0.45112781954887216,0.030942741469057254,0.040936799028697624,0.3615395560508757,0.41969386771557116,0.5591990466005687,422,152,694,548,0.0,0.999,0.001,inmovilidad,0.999,1
Acu-baihui2,12,13,0,2,60.0,65.0,12,12,137.8,514,787,350,616,1,0.12193757570743642,0.059082136879696406,0.04880081915804605,0.1117463754173283,30.679545054384747,40.499140716298896,0.907729835855393,2.8077498316632963,0.06015037593984962,0.040413533834586464,0.02330583392773752,0.2978128509358095,0.5473194679707302,0.6969095031469322,424,151,694,546,0.0,0.999,0.001,inmovilidad,0.999,1
Acu-baihui2,12,14,0,2,65.0,70.0,12,12,137.8,514,787,350,616,1,0.6365455864853362,0.24371631168597205,0.398501087085066,0.49637401953162424,48.22143172918283,55.99963325631716,0.9819071375540315,2.989468378294491,0.2669172932330827,0.14348370927318294,0.09202580274233116,0.5136539121845061,0.4603356170691017,0.6222769737475121,422,174,693,568,1.0,0.0,0.0,escalamiento,1.0,1
Acu-baihui2,12,15,0,2,70.0,75.0,13,13,137.8,514,787,350,616,2,0.7499526760067048,0.23959023610453048,0.6761639392936885,0.32439380920180755,55.98694262724506,89.97426108859065,0.9686839400500328,3.186313738488662,0.2744360902255639,0.16512434933487563,0.10745606059580391,0.5561776364178852,0.39122638196649806,0.552036944796916,422,167,693,563,1.0,0.0,0.0,escalamiento,1.0,1
Acu-baihui2,12,16,0,2,75.0,80.0,12,12,137.8,514,787,350,616,1,0.7256914002541975,0.29137266658705185,0.5391676449208765,0.48572240948238476,50.37844580457579,79.6445126945127,0.972455732953129,3.093683538504956,0.2669172932330827,0.1707393483709273,0.17584872397800522,0.6670477963589937,0.33881684329366624,0.5012142555526536,411,123,689,528,1.0,0.0,0.0,escalamiento,1.0,1
Acu-baihui2,12,17,0,2,80.0,85.0,12,12,137.8,514,787,350,616,1,0.40937377810274317,0.23469172980748457,0.2451071915538842,0.3278861919121962,47.603491353496175,69.10280038295835,0.9421328831968047,2.895691792004681,0.2593984962406015,0.09053884711779449,0.07291352748858519,0.4460876106620251,0.34696617634068977,0.5028105619632424,417,121,688,513,1.0,0.0,0.0,escalamiento,1.0,1
Acu-baihui2,12,18,0,2,85.0,90.0,12,12,137.8,514,787,350,616,2,0.7416477400780795,0.2860665492870664,0.6519765846339339,0.35350799630559077,55.570287145582235,104.86231498243,0.8490878692271888,3.252233003128739,0.22556390977443608,0.1168546365914787,0.08123045975415838,0.4255058352453219,0.4309011556956451,0.5802476202015664,419,264,687,654,0.0,0.0,1.0,nado,1.0,1
Acu-baihui2,12,19,0,2,90.0,95.0,13,13,137.8,514,787,350,616,1,0.4513050879074122,0.20738104330031915,0.41002855781893865,0.18855467149884747,69.06949911229324,103.7074154209284,0.932585535878422,3.154924128221057,0.21804511278195488,0.09832272990167727,0.05018503334932525,0.40438754886211986,0.4047246191401817,0.5500206957947431,416,273,689,671,1.0,0.0,0.0,escalamiento,1.0,1
Acu-baihui2,12,20,0,2,95.0,100.0,12,12,137.8,514,787,350,616,2,0.6679945755064362,0.27364284124276433,0.5319933514643655,0.40397998329587553,52.01872489602311,70.93555137057962,0.8499012752943625,2.6835466906999814,0.09774436090225563,0.03144224196855776,0.019151754362601546,0.27819612040224234,0.4472571896232504,0.5838360831811092,415,281,689,679,0.0,0.0,1.0,nado,1.0,1
Acu-baihui2,12,21,0,2,100.0,105.0,12,12,137.8,514,787,350,616,1,0.2506316526453443,0.11044282408183641,0.09802454706019814,0.2306673220926179,38.948137534230725,62.92894077091821,0.8930310839660655,2.5097911211256516,0.045112781954887216,-0.02725563909774436,0.019186846903806495,0.23713784719245068,0.5805368456778451,0.7283354622450894,411,281,694,691,0.003,0.031,0.966,nado,0.966,1
Acu-baihui2,12,22,0,2,105.0,110.0,12,12,137.8,514,787,350,616,1,0.3367111769786047,0.12119180979836626,0.19459910248981335,0.2747828342754991,46.20299990423603,77.75233357897322,0.8549151243431549,2.341783357934117,0.018796992481203006,-0.08051378446115288,0.008821387545394346,0.23663339191262953,0.43740320458521675,0.5840285975186766,409,282,695,693,0.999,0.0,0.001,escalamiento,0.999,1
Acu-baihui2,12,23,0,2,110.0,115.0,13,13,137.8,514,787,350,616,1,0.33567363327771055,0.1332389439861805,0.22020233453304913,0.25335295527002255,35.49903516852099,48.344782890473105,0.9541683766957096,2.048114864319604,0.07142857142857142,-0.07781954887218046,0.005713335650790539,0.13464603146402396,0.3652464000238401,0.5148083862166313,411,283,693,691,0.0,0.0,1.0,nado,1.0,1
Acu-baihui2,12,24,0,2,115.0,120.0,12,12,137.8,514,787,350,616,2,0.664248744471322,0.16715203438645848,0.6570814339840787,0.09731589615861502,62.51213476622951,93.34297362721365,0.8111413091708554,2.573971509659797,0.13909774436090225,0.07894736842105263,0.04107143291274354,0.3257289674643473,0.46784266740759417,0.6228234644051773,412,243,691,649,0.0,0.0,1.0,nado,1.0,1
Acu-baihui2,12,25,0,2,120.0,125.0,12,12,137.8,514,787,350,616,2,0.6265991259659804,0.17002225174662378,0.5467692758959064,0.30605526232626146,45.46868083568481,79.94616502255869,0.8922417456665594,2.052856250828732,0.07518796992481203,0.05075187969924812,0.027508165737030306,0.39364180783122715,0.46205003973452036,0.6180963249861412,418,241,689,634,1.0,0.0,0.0,escalamiento,1.0,1
Acu-baihui2,12,26,0,2,125.0,130.0,13,13,137.8,514,787,350,616,1,0.3030239684256328,0.12073069954224262,0.25362823662706596,0.1658199114276205,39.22574126022388,51.70085907720316,0.9009723647732885,2.3055955922780123,0.11654135338345864,0.06217466743782534,0.05556229043242223,0.3301627750742805,0.5022976299020261,0.6611337987208648,411,236,692,643,0.148,0.002,0.85,nado,0.85,1
Acu-baihui2,12,27,0,2,130.0,135.0,12,12,137.8,514,787,350,616,2,0.6771501139193722,0.17946271239512876,0.6539557770090577,0.1757103255289751,44.919592499107814,60.535065349059614,0.8274200459728571,2.393750227996923,0.17669172932330826,0.09492481203007519,0.06722414924573264,0.36063288626032086,0.5293292752063482,0.6880255505915439,470,243,745,643,0.0,0.0,1.0,nado,1.0,1
Acu-baihui2,12,28,0,2,135.0,140.0,12,12,137.8,514,787,350,616,1,0.34277350230934645,0.1435977607563345,0.24601940161730884,0.2386799696524131,40.88712596001678,72.0248742314142,0.824447315875659,1.6213838749434497,0.34962406015037595,0.09241854636591479,0.1725456385370893,0.5308975096190883,0.5058895119634194,0.6624946858166908,506,237,780,636,0.002,0.0,0.998,nado,0.998,1
Acu-baihui2,12,29,0,2,140.0,145.0,12,12,137.8,514,787,350,616,1,0.45416968184707324,0.14721154272253828,0.4266341306851245,0.1557350905981686,30.18460291518141,55.733988889598365,0.6660936687653357,2.3116043042242427,0.45112781954887216,0.09868421052631579,0.19642611282705788,0.5183124470294632,0.4481894845846293,0.5995705795312115,513,209,786,608,0.0,0.0,1.0,nado,1.0,1
Acu-baihui2,12,30,0,2,145.0,150.0,13,13,137.8,514,787,350,616,2,0.816460052489251,0.23045823788150357,0.7627525646893635,0.291231080708342,51.787061659554496,62.46386224605392,0.8615272324788001,2.290813998600666,0.18421052631578946,0.07981492192018508,0.04545968770476639,0.3592679888644168,0.5065270334508021,0.6705688738687908,514,224,787,623,0.0,0.0,1.0,nado,1.0,1
Acu-baihui2,12,31,0,2,150.0,155.0,12,12,137.8,514,787,350,616,1,0.6069579001599665,0.2826566150409747,0.3567063485499687,0.49107888721746534,53.072457368060576,73.1243256701801,0.9224497588223869,3.0866182702990694,0.2631578947368421,0.09837092731829575,0.07023333465405711,0.5031042169847678,0.39912858783037314,0.5680457448739781,513,227,786,626,1.0,0.0,0.0,escalamiento,1.0,1
Acu-baihui2,12,32,0,2,155.0,160.0,12,12,137.8,514,787,350,616,1,0.3179516142145633,0.10926461602643699,0.18729694546081596,0.25693011346024547,52.81318791295214,71.3231778222243,0.9526060958667061,3.0032075960621025,0.2518796992481203,0.13439849624060152,0.08681894694104668,0.4803949562575145,0.41919606102499213,0.5881163623020894,513,229,786,628,1.0,0.0,0.0,escalamiento,1.0,1
Acu-baihui2,12,33,0,2,160.0,165.0,12,12,137.8,514,787,350,616,1,0.5912342946353086,0.22555986622691857,0.5349980784545181,0.25166455293283624,57.46180693051232,76.5572834851817,0.9425280301557758,2.93251392241647,0.20300751879699247,0.10902255639097744,0.06561427891795556,0.45800152840110575,0.4118140833323238,0.57742247838421,514,230,786,629,1.0,0.0,0.0,escalamiento,1.0,1
Acu-baihui2,12,34,0,2,165.0,170.0,13,13,137.8,514,787,350,616,1,0.49095490529146385,0.17527531303249222,0.39587367984954513,0.2903803516633488,35.721353627062335,82.7235020661157,0.9069258299741029,2.7526093781692627,0.21804511278195488,0.07721226142278774,0.08144034014482644,0.48102156057499135,0.39590878279463393,0.5593376503823825,513,224,786,624,0.666,0.0,0.334,activa,1.0,1
Acu-baihui2,12,35,0,2,170.0,175.0,12,12,137.8,514,787,350,616,1,0.45073323456551384,0.21840557055946258,0.29475061758878046,0.34100223191780293,33.7251880630389,51.95590327169275,0.879653983050633,2.6085104850592584,0.22556390977443608,0.07174185463659147,0.08735849476207279,0.4615107825216007,0.42062231969314423,0.5801552716806397,513,219,786,618,0.997,0.0,0.003,escalamiento,0.997,1
Acu-baihui2,12,36,0,2,175.0,180.0,12,12,137.8,514,787,350,616,2,0.7578779813189737,0.28266636292950253,0.5032920950543058,0.5666357751006991,41.765664781483494,87.00414151649998,0.9206682307340147,2.7730348809020278,0.45112781954887216,0.14724310776942354,0.2059712840348043,0.6004377665843478,0.43078564472541325,0.5847638344664029,514,217,786,616,0.927,0.0,0.073,escalamiento,0.927,1
Acu-baihui2,12,37,0,2,180.0,185.0,13,13,137.8,514,787,350,616,2,0.9075559675901266,0.2790217876970439,0.6766823266941121,0.6047800121104316,34.05634358332274,64.84856790461833,0.8296694850210595,2.229213442722617,0.45112781954887216,0.13157894736842105,0.22644811925617356,0.5544324573495005,0.3629340363717172,0.5110932487280269,513,209,786,608,0.0,0.0,1.0,nado,1.0,1
Acu-baihui2,12,38,0,2,185.0,190.0,12,12,137.8,514,787,350,616,1,0.39583062452719614,0.13942622207514682,0.3557517040887323,0.17355865968471046,25.759611971116986,40.72802558215808,0.8114306899893619,2.2002386154616316,0.45112781954887216,0.15914786967418548,0.3980064426435928,0.8897231300073544,0.5874108845985132,0.7271851429471758,514,210,787,609,0.0,0.007,0.993,nado,0.993,1
Acu-baihui2,12,39,0,2,190.0,195.0,12,12,137.8,514,787,350,616,1,0.35406805835403027,0.17752262263600188,0.2505055247680177,0.2502222452287027,35.47178911033026,73.47700908455626,0.7917161140893999,2.392321232156379,0.45112781954887216,0.18295739348370926,0.3827017081105839,0.9216266365303046,0.5390021082727535,0.6768580545101059,513,206,786,606,0.001,0.0,0.999,nado,0.999,1
Acu-baihui2,12,40,0,2,195.0,200.0,12,12,137.8,514,787,350,616,2,0.6131643861409585,0.26112664858175744,0.5788914677085504,0.20212677468821097,51.082789307110126,92.19568680308785,0.8165462323174144,1.9674376079374598,0.24436090225563908,0.07894736842105263,0.09320140287269699,0.4938441726743117,0.4294821208666837,0.5932513643782592,514,228,787,627,0.0,0.0,1.0,nado,1.0,1
Acu-baihui2,12,41,0,2,200.0,205.0,13,13,137.8,514,787,350,616,2,0.7355593681237618,0.28048853323657136,0.6693570077186771,0.30497340909090154,49.989564233519985,73.53677887847954,0.7978295952749253,2.0300997700659775,0.16165413533834586,0.07056101792943899,0.03903370352489071,0.4440893603830278,0.4251878099574477,0.5902169662731404,513,222,787,621,0.0,0.0,1.0,nado,1.0,1
Acu-baihui2,12,42,0,2,205.0,210.0,12,12,137.8,514,787,350,616,2,1.0115562031878271,0.40076278617698124,0.9089633829611236,0.4438823274738955,42.01727067867042,93.56182939262999,0.8297168279759611,2.0796286558495134,0.13157894736842105,0.07550125313283207,0.2768845366747073,0.6748251808035408,0.40842214350535816,0.5673064185926796,514,218,786,617,0.0,0.0,1.0,nado,1.0,1
Acu-baihui2,12,43,0,2,210.0,215.0,12,12,137.8,514,787,350,616,2,0.982071218868451,0.27518435197401686,0.5959931097313353,0.7805485840628613,37.22717641585759,61.795825723975994,0.8129719930578768,1.7762265929466448,0.45112781954887216,0.09210526315789473,0.31491607820557205,0.7741370724135498,0.47476289205616423,0.6347378513698546,514,216,786,615,0.0,0.0,1.0,nado,1.0,1
Acu-baihui2,12,44,0,2,215.0,220.0,12,12,137.8,514,787,350,616,2,0.8571003760143772,0.27085089717513267,0.854680115815373,0.06436578434080752,44.355248756204695,82.95262660757102,0.7973362811448563,2.030511901849017,0.45112781954887216,0.08928571428571429,0.10725157905762892,0.4472456645217885,0.4592865994694612,0.6150821811902981,513,218,786,617,0.0,0.0,1.0,nado,1.0,1
Acu-baihui2,12,45,0,2,220.0,225.0,13,13,137.8,514,787,350,616,2,1.020797242873965,0.2700767060377664,0.9510506724139185,0.3708498746934159,38.11214937510629,54.61890694239291,0.7454733048513729,1.5766244975956458,0.12781954887218044,0.047715442452284554,0.11444487514808206,0.5150626752569163,0.5348061861615474,0.6863513034358996,514,218,787,617,0.0,0.0,1.0,nado,1.0,1
Acu-baihui2,12,46,0,2,225.0,230.0,12,12,137.8,514,787,350,616,2,1.2372380376952528,0.3157370890161614,0.8682831931147181,0.8813865545119851,21.940615321253944,35.25041298221747,0.950178568600537,1.8123608140142011,0.45112781954887216,0.12343358395989976,0.1433354845516189,0.3807584586413598,0.4366193287897701,0.525333569088784,514,214,787,613,0.002,0.991,0.007,inmovilidad,0.991,1
Acu-baihui2,12,47,0,2,230.0,235.0,12,12,137.8,514,787,350,616,2,0.6435517215568596,0.26770539385502334,0.58637214824215,0.26519148192331476,41.93536810797331,61.22831881419842,0.7567229656538075,1.6675869954091347,0.07518796992481203,0.05513784461152882,0.20476497793088416,0.591414596927025,0.4955782785604028,0.6560322382876617,513,211,787,610,0.0,0.0,1.0,nado,1.0,1
Acu-baihui2,12,48,0,2,235.0,240.0,13,13,137.8,514,787,350,616,1,0.3677117630683659,0.1820813291280918,0.3292704137385215,0.16368547686129303,31.76975957475232,69.6722018089316,0.8281824307594428,1.914885016908704,0.45112781954887216,0.10150375939849623,0.13136622857448438,0.45495320131220646,0.519861381424765,0.6701822028394677,514,209,786,608,0.002,0.012,0.987,nado,0.987,1
Acu-baihui2,12,49,0,2,240.0,245.0,12,12,137.8,514,787,350,616,2,0.9608748375609005,0.36536903953410726,0.9307167667529517,0.23884462217646577,46.264336804512546,65.01804423748546,0.6455335065868387,1.7391109406051086,0.08270676691729323,0.050125313283208024,0.13440004624730847,0.5363763326147113,0.4392507328689517,0.6030914892890935,513,205,787,604,0.0,0.0,1.0,nado,1.0,1
Acu-baihui2,12,50,0,2,245.0,250.0,12,12,137.8,514,787,350,616,2,1.0666654779690954,0.3855364372212166,0.8897136658235225,0.5883747400576504,39.32002006137719,80.07874170557876,0.7109115166480371,2.0221571800258973,0.45112781954887216,0.13345864661654136,0.23195731079706988,0.5511546790296459,0.4720498563367728,0.6248322122543031,513,202,787,601,0.0,0.0,1.0,nado,1.0,1
Acu-baihui2,12,51,0,2,250.0,255.0,12,12,137.8,514,787,350,616,2,0.9165524178603591,0.29170042362946597,0.9101551097686551,0.10810185404366444,36.64163463599127,58.21365509123014,0.8140218611656037,1.7696504161402558,0.3684210526315789,0.1369047619047619,0.4265191323726148,0.9655756578218542,0.5123460429451671,0.6564732844526932,512,195,786,595,0.0,0.0,1.0,nado,1.0,1
Acu-baihui2,12,52,0,2,255.0,260.0,13,13,137.8,514,787,350,616,2,0.42228377197432826,0.16089598083028103,0.40828065483237735,0.10784475398697695,33.52457191893007,56.311544650040226,0.7147490946295824,1.7277847334244039,0.45112781954887216,0.1978021978021978,0.45702636066954505,1.0612834779644584,0.5152871001745246,0.6608740607377713,513,196,786,595,0.0,0.0,1.0,nado,1.0,1
Acu-baihui2,12,53,0,2,260.0,265.0,12,12,137.8,514,787,350,616,1,0.42305136936573795,0.19735278118035707,0.358847860607801,0.22405506925626628,28.10542799722805,44.66903196030922,0.8077759458284116,2.0661368648392595,0.45112781954887216,0.08677944862155389,0.197299039789531,0.5180229335645223,0.5471944082584099,0.6923541247240953,513,200,786,599,0.0,0.001,0.999,nado,0.999,1
Acu-baihui2,12,54,0,2,265.0,270.0,12,12,137.8,514,787,350,616,2,0.4537599430774598,0.22105440177970404,0.36904477680017406,0.26401522429240565,32.43798681121314,62.42837612933904,0.8409790228686371,1.9429451246442062,0.45112781954887216,0.1293859649122807,0.38404399781167325,0.8442519697410402,0.48053364173011537,0.6242224745006051,513,197,786,596,0.0,0.0,1.0,nado,1.0,1
Acu-baihui2,12,55,0,2,270.0,275.0,12,12,137.8,514,787,350,616,2,0.4714930665814957,0.18309974906020096,0.4441867083810081,0.15812615195491234,48.646503482408185,76.98549056886976,0.7801214660817567,1.707623340667184,0.45112781954887216,0.09649122807017545,0.1909121972902301,0.6570157161420287,0.4660518177271544,0.6215240183441028,513,199,787,599,0.0,0.0,1.0,nado,1.0,1
Acu-baihui2,12,56,0,2,275.0,280.0,13,13,137.8,514,787,350,616,1,0.6593987447228173,0.25271282151955526,0.30405794053252094,0.5851115050493788,24.949522410451685,56.6299836791793,0.8876640560591594,1.8201491823013254,0.45112781954887216,0.15905147484094853,0.39172184091337936,0.9159355711460482,0.5576159431187739,0.7005102808348954,513,206,787,606,0.0,1.0,0.0,inmovilidad,1.0,1
Acu-baihui2,12,57,0,2,280.0,285.0,12,12,137.8,514,787,350,616,1,0.7363930664121559,0.2982573752022394,0.4315493063052419,0.5966908282246026,19.61740542560968,27.81402894036727,0.7780875543709378,1.7461374926082918,0.45112781954887216,0.18483709273182958,0.374060169838865,0.6939944814367449,0.657248180026156,0.7820600296426554,514,192,787,590,0.0,1.0,0.0,inmovilidad,1.0,1
Acu-baihui2,12,58,0,2,285.0,290.0,12,12,137.8,514,787,350,616,2,0.522561282476155,0.14018768037891016,0.5113346421308395,0.10773661262565334,24.837116665320128,51.396702934388394,0.6713162544675545,1.7766967862600003,0.45112781954887216,0.2926065162907268,0.6998286164120678,1.3779349498182716,0.6655577173577594,0.7838357914718855,514,200,787,599,0.0,0.999,0.0,inmovilidad,0.999,1
Acu-baihui2,12,59,0,2,290.0,295.0,13,13,137.8,514,787,350,616,2,0.8997679395949092,0.2644449761008648,0.6165058382835875,0.6553647049430715,38.50773575176515,68.3570890549858,0.6980806937607444,1.5853752930522478,0.45112781954887216,0.1735106998264893,0.42795758913373694,0.9932417399943066,0.5210561223337427,0.67005264480611,514,204,787,603,0.0,0.0,1.0,nado,1.0,1
Acu-baihui2,12,60,0,2,295.0,300.0,12,12,137.8,514,787,350,616,2,0.7347535169916558,0.2684595709099703,0.6130952911089027,0.4049406064495104,41.30294455569299,56.502908385845856,0.7639567109262223,1.6680101617412884,0.07518796992481203,0.05357142857142857,0.05668322718129573,0.41761878660950935,0.4760009361872664,0.6316032180117449,514,204,787,603,0.0,0.0,1.0,nado,1.0,1
Acu-baihui2,12,61,0,2,300.0,305.0,12,12,137.8,514,787,350,616,1,0.28980787646602774,0.1142105113428579,0.27521618051325547,0.0908001059770503,22.09300052693838,45.98844100217098,0.7583158169017868,1.875611737990379,0.45112781954887216,0.26221804511278196,0.6744479359855876,1.4303807526490695,0.6210329554503898,0.745322289327007,514,200,787,598,0.0,1.0,0.0,inmovilidad,1.0,1
Acu-baihui2,12,62,0,2,305.0,310.0,11,11,137.8,514,787,350,616,2,0.7135302872064713,0.2656453580173214,0.5606975574538317,0.4412977677558052,49.64845415724207,113.43530564869745,0.8182208548232857,1.7028878553273346,0.45112781954887216,0.09090909090909091,0.15519357324787345,0.779824855540893,0.3852364901203042,0.5403630159504181,514,195,787,595,0.0,0.0,1.0,nado,1.0,1
Acu-baihui2,12,1,0,3,0.0,5.0,13,13,137.8,787,1060,350,616,1,0.575576212671234,0.17084167978426337,0.3940604895593057,0.4195286726330417,57.426271097286644,73.82522611956762,0.8116240566788266,2.4965435342793474,0.14285714285714285,0.0653556969346443,0.0413133689900892,0.49555392177321056,0.3106204773188003,0.4693469890942903,695,174,979,583,0.0,0.0,1.0,nado,1.0,1
Acu-baihui2,12,2,0,3,5.0,10.0,12,12,137.8,787,1060,350,616,2,0.7756867469797482,0.34075922309219536,0.6498018789410116,0.4236123789087786,58.17479259997748,85.56919378989676,0.9043825425534441,2.8481495493046243,0.2669172932330827,0.11027568922305764,0.08014259097680491,0.5215804399291741,0.2574760790052482,0.4034325411872531,693,185,971,589,1.0,0.0,0.0,escalamiento,1.0,1
Acu-baihui2,12,3,0,3,10.0,15.0,12,12,137.8,787,1060,350,616,2,0.6689055722591492,0.42566379903344476,0.5963074126042138,0.3030711703092322,67.61270541785807,85.09612871610585,0.9206149157525948,2.9216794207066332,0.22556390977443608,0.1174812030075188,0.0679391597727835,0.4758943378479797,0.28459405345583794,0.43408787012765454,691,188,965,587,1.0,0.0,0.0,escalamiento,1.0,1
Acu-baihui2,12,4,0,3,15.0,20.0,13,13,137.8,787,1060,350,616,2,0.9673980475072523,0.3678052505680762,0.9233774685993019,0.2885013566761678,56.13419529115626,80.04849978062033,0.8578827672583299,2.4967293892665383,0.2706766917293233,0.10786581839213419,0.0865908454232145,0.6226645048700331,0.2803296164934203,0.4197939527046055,691,130,964,527,0.0,0.0,1.0,nado,1.0,1
Acu-baihui2,12,5,0,3,20.0,25.0,12,12,137.8,787,1060,350,616,2,0.9777047094371523,0.4041256909102758,0.9170160087355081,0.3390990099932246,52.03591417522848,78.48600694295632,0.7007719311079116,2.26265022644285,0.15789473684210525,0.03477443609022556,0.030030442136136093,0.5411752376244882,0.3358240813092553,0.4977749621982411,692,160,965,558,0.0,0.0,1.0,nado,1.0,1
Acu-baihui2,12,6,0,3,25.0,30.0,12,12,137.8,787,1060,350,616,1,0.21713667083848365,0.08118958872429456,0.18512851131089908,0.11347144188133997,40.30163449278139,68.05164622336991,0.7309524999647049,2.1675194410143033,0.15037593984962405,0.05921052631578947,0.06703552683675604,0.5658277478209657,0.4278585724106394,0.5872528089297084,692,149,975,559,0.003,0.0,0.997,nado,0.997,1
Acu-baihui2,12,7,0,3,30.0,35.0,12,12,137.8,787,1060,350,616,2,0.8917958280594205,0.46583761400266566,0.842848546709505,0.29138655812144587,54.60553858270865,80.69389811205046,0.7851625029974941,2.486734406568411,0.14661654135338345,0.07017543859649124,0.08689790515875781,0.5507598879410902,0.30800923468800834,0.46192535354553194,692,146,965,545,0.0,0.0,1.0,nado,1.0,1
Acu-baihui2,12,8,0,3,35.0,40.0,13,13,137.8,787,1060,350,616,2,0.805295056038863,0.18173192869013644,0.7926702150401802,0.14203540920766866,53.382450587344245,79.12248704663213,0.9253644029954711,2.5991532184189294,0.2706766917293233,0.10005783689994217,0.07869097451273092,0.5315548199101195,0.3251381253546862,0.4868194447414613,691,145,963,542,1.0,0.0,0.0,escalamiento,1.0,1
Acu-baihui2,12,9,0,3,40.0,45.0,12,12,137.8,787,1060,350,616,2,0.935054279822424,0.32935002227465326,0.9148793463627641,0.19318977150220282,42.75407187695495,70.6355187431949,0.8253395221744891,2.3386671307689917,0.2706766917293233,0.07424812030075188,0.09971545583386586,0.5750877921314219,0.3441263460277622,0.49051368652468746,692,151,963,546,0.0,0.0,1.0,nado,1.0,1
Acu-baihui2,12,10,0,3,45.0,50.0,12,12,137.8,787,1060,350,616,1,0.19904736096216605,0.10446944612616031,0.1168359727019947,0.16114964284410183,37.328553957506415,48.714901310833206,0.8691319808602828,2.593684910284325,0.19172932330827067,0.06077694235588973,0.10760689103732902,0.6872830329312982,0.42125770099477194,0.5876808799971796,690,143,963,540,0.1,0.001,0.899,nado,0.899,1
Acu-baihui2,12,11,0,3,50.0,55.0,12,12,137.8,787,1060,350,616,2,0.5344302314073565,0.1919767105364515,0.5208111388751533,0.11988089866899729,36.38938160496802,53.12400053602537,0.8439442196433373,1.978884093562405,0.08270676691729323,0.03164160401002506,0.07350132755376809,0.6549715756168403,0.37475595493576136,0.5363537780377269,691,151,964,549,0.0,0.0,1.0,nado,1.0,1
Acu-baihui2,12,12,0,3,55.0,60.0,13,13,137.8,787,1060,350,616,2,0.6474230575090207,0.2590864872822442,0.6295530823131918,0.15106135159030049,42.18376151047047,66.79663480597277,0.8840721540003872,2.1317148450286356,0.2706766917293233,0.06477732793522267,0.15899350649464303,0.7655869772059322,0.4215069891029294,0.581405618884445,692,154,964,550,1.0,0.0,0.0,escalamiento,1.0,1
Acu-baihui2,12,13,0,3,60.0,65.0,12,12,137.8,787,1060,350,616,1,0.8623513505214961,0.2934647263051552,0.8227951227505297,0.2581821793311637,48.34823736419216,91.00525339925835,0.8120293674557048,2.1528541818697224,0.17293233082706766,0.03164160401002506,0.028556555405528188,0.4685117444919883,0.45379802888800697,0.6143741084825314,693,151,964,546,0.0,0.0,1.0,nado,1.0,1
Acu-baihui2,12,14,0,3,65.0,70.0,12,12,137.8,787,1060,350,616,2,0.8985553256382907,0.34686038124862595,0.8809969482689,0.1767655237138165,47.220725861138455,66.97884481558803,0.771915697507056,1.9646558351597996,0.11278195488721804,0.045112781954887216,0.04566416924294139,0.4718806284476635,0.39533417946108806,0.5584240583634731,691,175,962,569,0.0,0.0,1.0,nado,1.0,1
Acu-baihui2,12,15,0,3,70.0,75.0,13,13,137.8,787,1060,350,616,2,0.6678617925544156,0.2937368087437355,0.6308474739292088,0.21925062962539793,55.49982584635599,73.51735972087171,0.8075904411346959,2.286590468254748,0.11278195488721804,0.05552342394447658,0.041317418129459,0.4461058317891893,0.3717567610567467,0.5321282670898919,692,167,964,563,0.0,0.0,1.0,nado,1.0,1
Acu-baihui2,12,16,0,3,75.0,80.0,12,12,137.8,787,1060,350,616,1,0.6120767020769474,0.24036521570353203,0.20566469107658086,0.5764893095884492,49.29040157147344,72.10981875670487,0.8898373620816741,2.9581289235021315,0.17669172932330826,0.07769423558897244,0.087735739580026,0.5532207523930873,0.43492248128855193,0.5968193557762503,687,121,965,526,1.0,0.0,0.0,escalamiento,1.0,1
Acu-baihui2,12,17,0,3,80.0,85.0,12,12,137.8,787,1060,350,616,2,0.7933207986016928,0.3138980033685068,0.6225868278745906,0.4916742125138173,45.66160686442362,63.90234039669272,0.743332133700001,2.491774889476537,0.19548872180451127,0.06610275689223057,0.24877541116954224,0.8384002884951147,0.3129206054458377,0.4536751811425883,684,123,955,516,0.0,0.0,1.0,nado,1.0,1
Acu-baihui2,12,18,0,3,85.0,90.0,12,12,137.8,787,1060,350,616,2,0.9186509436094894,0.275049789731772,0.9038062966847746,0.16448019414980725,45.871751303863476,74.35228259820481,0.7580124558288047,1.9287689643459325,0.09398496240601503,-0.013784461152882205,0.04831804267156574,0.36637490331498085,0.32378118032559083,0.47578536686904,685,265,953,655,0.0,0.0,1.0,nado,1.0,1
Acu-baihui2,12,19,0,3,90.0,95.0,13,13,137.8,787,1060,350,616,2,0.9183111771599952,0.2774161145377954,0.9083387906266349,0.1349668831229298,65.90152658927542,91.50117096018735,0.8267124864341876,2.637670504927954,0.09398496240601503,0.03932909196067091,0.024234099128264616,0.3262634538611612,0.40203587187408574,0.5560408354480785,686,275,960,673,0.0,0.0,1.0,nado,1.0,1
Acu-baihui2,12,20,0,3,95.0,100.0,12,12,137.8,787,1060,350,616,2,0.5609649719947583,0.24351870170531825,0.4134500268680105,0.37913160655360995,48.35820952175413,61.62212306247064,0.7558427479992397,1.9283375342814242,-0.011278195488721804,-0.045739348370927316,0.00256614207561198,0.2971373195176142,0.40307765590516453,0.5515510225808754,686,284,960,681,0.0,0.0,1.0,nado,1.0,1
Acu-baihui2,12,21,0,3,100.0,105.0,12,12,137.8,787,1060,350,616,2,0.7434277326628138,0.23425343519454433,0.7154270512617409,0.20211117736311,48.68040967504508,77.49860335195531,0.6885744900975301,1.9939420093873192,0.06015037593984962,-0.005952380952380952,0.012383280477696785,0.29358419972061295,0.3924389119952678,0.539889934173054,689,284,973,695,0.0,0.0,1.0,nado,1.0,1
Acu-baihui2,12,22,0,3,105.0,110.0,12,12,137.8,787,1060,350,616,2,0.8336707728390891,0.2152387154307487,0.8263320514140967,0.110373449216261,58.34130210195559,83.79829716696806,0.793836436259006,2.488881150198928,0.08270676691729323,0.02819548872180451,0.028210016561129304,0.26982216275721116,0.41087494842794586,0.5707632722752962,687,287,972,698,0.0,0.0,1.0,nado,1.0,1
Acu-baihui2,12,23,0,3,110.0,115.0,13,13,137.8,787,1060,350,616,2,0.9485025806601876,0.22250171876516725,0.9436583755743589,0.09573931129581806,46.35586845196236,68.72059371506646,0.8190370094625605,1.7439412021655973,0.05263157894736842,0.007229612492770388,0.013669894512451352,0.24755223365158127,0.39820400922582855,0.5526921543707761,688,287,970,694,0.0,0.0,1.0,nado,1.0,1
Acu-baihui2,12,24,0,3,115.0,120.0,12,12,137.8,787,1060,350,616,2,0.8175391249512897,0.2692722568639492,0.7610352248238804,0.2986563366201798,64.55405867203466,81.1030428322243,0.848083638824409,2.601744536148017,0.12781954887218044,0.04260651629072682,0.029811113753605158,0.3525001898360737,0.42036086302232906,0.5840927926774098,689,245,968,651,0.0,0.0,1.0,nado,1.0,1
Acu-baihui2,12,25,0,3,120.0,125.0,12,12,137.8,787,1060,350,616,2,1.1273239104183042,0.39921125171931005,1.0158662293554725,0.4887484046581751,54.44469554715355,82.2873469939812,0.8478806105487929,2.428311891682621,0.20676691729323307,0.07926065162907267,0.06391229066951547,0.5699862139537523,0.3237740184585766,0.4780603764634556,686,243,956,637,0.0,0.0,1.0,nado,1.0,1
Acu-baihui2,12,26,0,3,125.0,130.0,13,13,137.8,787,1060,350,616,2,0.9759866396411914,0.37120926775229635,0.8696097025075837,0.44309015568253896,48.131209055394955,68.28677170807723,0.8298048418525217,2.1913484262583385,0.21052631578947367,0.0633314054366686,0.06268472658390385,0.5700054473657589,0.3313547987197142,0.48965604613225366,688,238,968,645,0.0,0.0,1.0,nado,1.0,1
Acu-baihui2,12,27,0,3,130.0,135.0,12,12,137.8,787,1060,350,616,2,0.7658186280433289,0.3446907560136793,0.7476935520449697,0.16562766462322276,49.55364388322707,74.66065740649526,0.6437992467826679,2.0478307819686434,0.19924812030075187,0.06359649122807018,0.08136205678367693,0.5404777733680398,0.40964921251052794,0.5663560423209485,743,245,1018,645,0.0,0.0,1.0,nado,1.0,1
Acu-baihui2,12,28,0,3,135.0,140.0,12,12,137.8,787,1060,350,616,2,0.8751411233657213,0.2503211739903051,0.8471811019524275,0.21944513277921518,45.6258829543483,74.54367109096795,0.7523669162845444,1.7608251908371697,0.33458646616541354,0.1099624060150376,0.185700954921295,0.5709775782427922,0.45644594344134354,0.6193562144679187,780,237,1053,636,0.0,0.0,1.0,nado,1.0,1
Acu-baihui2,12,29,0,3,140.0,145.0,12,12,137.8,787,1060,350,616,2,0.9918317053790611,0.36173469646090894,0.9888066861430691,0.07740458147873848,44.2088328398066,67.13380193297351,0.7390730733639698,1.8532274605152022,0.3157894736842105,0.10025062656641605,0.20632659601450443,0.656827093733052,0.39448600103533055,0.5530025422113579,786,210,1059,609,0.0,0.0,1.0,nado,1.0,1
Acu-baihui2,12,30,0,3,145.0,150.0,13,13,137.8,787,1060,350,616,2,0.9589851242699458,0.24021646844989203,0.9395004342035228,0.19233149170750785,40.864971002202275,60.716965742251226,0.592916922380161,1.9015379505973586,0.06015037593984962,0.04019664545980335,0.04028083845078971,0.4653189980988995,0.5219801732086126,0.6765887609507845,786,224,1059,623,0.0,0.0,1.0,nado,1.0,1
Acu-baihui2,12,31,0,3,150.0,155.0,12,12,137.8,787,1060,350,616,2,0.6772985699604852,0.31584979392518625,0.6275887153587886,0.25468756786467583,42.95208857500049,61.20538540195744,0.7743775774187988,2.1423189244181446,0.12781954887218044,0.06986215538847117,0.08734972162677156,0.5347620757192836,0.42197154363898287,0.5839294445954154,786,227,1059,626,0.0,0.0,1.0,nado,1.0,1
Acu-baihui2,12,32,0,3,155.0,160.0,12,12,137.8,787,1060,350,616,2,0.8719280996326817,0.32377971404289907,0.8606097433545903,0.14003385509299537,50.13425333778787,67.96148300720907,0.652443119026569,1.7952950295438297,0.10150375939849623,0.01848370927318296,0.020853742611041632,0.42412845300302754,0.43228112282121023,0.5917082418544132,786,229,1059,628,0.0,0.0,1.0,nado,1.0,1
Acu-baihui2,12,33,0,3,160.0,165.0,12,12,137.8,787,1060,350,616,2,1.0219374534910632,0.30299598156070684,1.0163357969572564,0.10685366943188031,49.138655606080135,80.84014291476979,0.6885323673905686,1.8649800418840072,0.09774436090225563,0.04636591478696742,0.04831365610391513,0.4453199613231668,0.41475445058308696,0.5813956797071721,786,230,1059,629,0.0,0.0,1.0,nado,1.0,1
Acu-baihui2,12,34,0,3,165.0,170.0,13,13,137.8,787,1060,350,616,2,1.0712989660646939,0.25282024937154146,1.0487269739131504,0.21875376311791467,32.446539604985716,58.77576824583867,0.7567904204217282,1.7761533746054572,0.12030075187969924,0.05465587044534413,0.13299398260114476,0.6365449546297142,0.5317131589180685,0.68569807459424,786,225,1059,624,0.0,0.0,1.0,nado,1.0,1
Acu-baihui2,12,35,0,3,170.0,175.0,12,12,137.8,787,1060,350,616,2,0.8386649134655142,0.36662174697104283,0.8131536740894001,0.20528014856051743,41.221563728629484,52.49426267130024,0.6417876308205287,1.500970604869786,0.2706766917293233,0.044172932330827065,0.11751614736007683,0.5237166983750254,0.4423055820325337,0.6056557261294723,786,219,1059,618,0.0,0.0,1.0,nado,1.0,1
Acu-baihui2,12,36,0,3,175.0,180.0,12,12,137.8,787,1060,350,616,2,1.0462152458987033,0.2905734899620131,1.031368307282242,0.17562959740501366,41.6083301638198,67.6712609023366,0.6843306892072324,2.008356050806706,0.2706766917293233,0.10526315789473684,0.11147145713752415,0.5693413885091113,0.5223863598692418,0.678294350098913,786,217,1059,616,0.0,0.0,1.0,nado,1.0,1
Acu-baihui2,12,37,0,3,180.0,185.0,13,13,137.8,787,1060,350,616,2,1.0601341487959766,0.24865578646110847,1.0515282608126075,0.1348062689780522,30.248396230178972,52.48669107153937,0.7362851575117225,1.7289330993752836,0.29699248120300753,0.08877964141122037,0.17006385353168152,0.6623339232759827,0.5257797692098835,0.678752623993353,786,210,1059,608,0.0,0.0,1.0,nado,1.0,1
Acu-baihui2,12,38,0,3,185.0,190.0,12,12,137.8,787,1060,350,616,2,0.8619422843115587,0.31603407468512584,0.8553471828442477,0.10642226404581416,44.107878053784894,69.88595824317211,0.6973016789747147,1.7626137373005124,0.3308270676691729,0.16228070175438597,0.36687058545950074,0.9036811882716232,0.5046879176723612,0.6596197518356028,786,210,1059,609,0.0,0.0,1.0,nado,1.0,1
Acu-baihui2,12,39,0,3,190.0,195.0,12,12,137.8,787,1060,350,616,2,0.7785231586510232,0.19431621240146119,0.7647478775533108,0.14580463755886677,30.723226650658518,50.9454659423318,0.6789620092906067,1.9010285885317886,0.3308270676691729,0.14035087719298248,0.3295277350497832,0.8744710342861529,0.6167299348767261,0.7506239690522264,786,207,1059,606,0.0,0.009,0.991,nado,0.991,1
Acu-baihui2,12,40,0,3,195.0,200.0,12,12,137.8,787,1060,350,616,1,0.31716691253698326,0.13989341643440548,0.24838145515259516,0.19723463981897746,44.504907169194475,53.16908607646698,0.6963798080436909,1.5581511476815004,0.045112781954887216,0.016917293233082706,0.026135170062386626,0.4063891734239252,0.5379366061982271,0.6929117238102206,786,228,1059,627,0.995,0.0,0.005,escalamiento,0.995,1
Acu-baihui2,12,41,0,3,200.0,205.0,13,13,137.8,787,1060,350,616,2,1.0650480015890382,0.24717978832062884,1.0488650345235997,0.18495779259769587,45.37516981568921,66.1872679330571,0.7127795868257897,1.8013678929709658,0.2706766917293233,0.06651243493348757,0.04879212940611339,0.4241190050111647,0.5111591458380464,0.6703111213568517,786,222,1059,621,0.0,0.0,1.0,nado,1.0,1
Acu-baihui2,12,42,0,3,205.0,210.0,12,12,137.8,787,1060,350,616,2,0.4760860745009887,0.23524170897700677,0.3956755375059988,0.2647618162671874,38.479662303638875,70.8652725036102,0.7583939029583298,2.206722643501326,0.3233082706766917,0.13063909774436092,0.2157182373544792,0.6906343706163709,0.4700135184686387,0.6259924100341479,786,218,1059,617,0.0,0.0,1.0,nado,1.0,1
Acu-baihui2,12,43,0,3,210.0,215.0,12,12,137.8,787,1060,350,616,1,0.40180144359706066,0.14067104873631303,0.21646043470837315,0.33851038430533265,32.44694196829437,48.80401792166498,0.8766705142198973,2.148266483681402,0.29699248120300753,0.13533834586466165,0.21577526273393727,0.7428213659557824,0.4750433760608476,0.6399492188575954,786,216,1059,615,0.996,0.0,0.004,escalamiento,0.996,1
Acu-baihui2,12,44,0,3,215.0,220.0,12,12,137.8,787,1060,350,616,1,0.6650857785676241,0.2801127161452116,0.567189618052134,0.347325538978603,46.86184949813195,78.017066173968,0.7815327547940233,1.9504391196564124,0.3308270676691729,0.06516290726817042,0.10093930820838849,0.5725216500558099,0.394061930747066,0.5558394407533985,786,218,1059,617,0.0,0.0,1.0,nado,1.0,1
Acu-baihui2,12,45,0,3,220.0,225.0,13,13,137.8,787,1060,350,616,2,0.9542970812467055,0.37614429716873965,0.8224887172812093,0.4839372161976102,44.82772187444586,77.57376140315509,0.7635656405475146,1.9228549082620583,0.3308270676691729,0.10092539039907461,0.1723313715787706,0.5887772574841607,0.44273459604073956,0.6036171121639342,786,218,1059,617,0.0,0.0,1.0,nado,1.0,1
Acu-baihui2,12,46,0,3,225.0,230.0,12,12,137.8,787,1060,350,616,2,1.015032357869456,0.313393010166693,0.9490897508495673,0.3598879441636435,39.04568452846653,65.51658234963463,0.708574466352088,1.8016676605319828,0.3308270676691729,0.08709273182957394,0.16844419778376074,0.4954057907579319,0.4666454045007904,0.6217840024239489,786,214,1059,613,0.0,0.0,1.0,nado,1.0,1
Acu-baihui2,12,47,0,3,230.0,235.0,12,12,137.8,787,1060,350,616,1,0.5368491861315648,0.25820669075132313,0.49931079066974005,0.19722013835022695,42.38961427903296,72.77619983516135,0.6853407577057092,1.780512722327492,0.31954887218045114,0.06046365914786967,0.14937578820652095,0.5564931318604489,0.5427071750824332,0.6939726233446031,786,211,1059,610,0.0,0.0,1.0,nado,1.0,1
Acu-baihui2,12,48,0,3,235.0,240.0,13,13,137.8,787,1060,350,616,2,0.580786594332593,0.21776864661354453,0.5614597764888181,0.14857990288588263,33.99633114430021,52.399169878446486,0.7399153316033646,1.7686614940743024,0.3157894736842105,0.09629843840370157,0.16072248900554845,0.5833433124498865,0.5367854994897882,0.6883209803205079,786,209,1059,608,0.0,0.0,1.0,nado,1.0,1
Acu-baihui2,12,49,0,3,240.0,245.0,12,12,137.8,787,1060,350,616,2,1.0438148080664547,0.30556526018232544,1.0289231190410926,0.1756888404013159,44.94931272737535,72.46301107616573,0.6578767672613804,1.8386072917693876,0.3308270676691729,0.08082706766917293,0.07439180078684371,0.4712489627059744,0.40945532519559696,0.5746544250381812,786,205,1059,604,0.0,0.0,1.0,nado,1.0,1
Acu-baihui2,12,50,0,3,245.0,250.0,12,12,137.8,787,1060,350,616,1,0.34381933424203903,0.10849156222337489,0.18744324422366343,0.2882304022714242,34.78724603089146,64.43297428232748,0.9709476403496837,2.284393819109292,0.3157894736842105,0.16635338345864661,0.24913072314924237,0.7580997810828876,0.5345498782808497,0.690577755580434,786,201,1060,601,1.0,0.0,0.0,escalamiento,1.0,1
Acu-baihui2,12,51,0,3,250.0,255.0,12,12,137.8,787,1060,350,616,1,0.3870054140293712,0.11968887694895475,0.19859083581616957,0.3321669315538201,38.11245352173768,61.18949811941702,0.9189187722476214,2.371243198353262,0.33458646616541354,0.2136591478696742,0.4197725913259631,1.12079874070665,0.4749547313951717,0.6246216240878885,785,196,1059,596,1.0,0.0,0.0,escalamiento,1.0,1
Acu-baihui2,12,52,0,3,255.0,260.0,13,13,137.8,787,1060,350,616,2,0.4242483422183709,0.18806271586181253,0.3140777037055311,0.28520492967355343,42.654635736782794,70.47728885734564,0.800417215067685,2.2422346551926995,0.33458646616541354,0.20647773279352225,0.44166797503988625,1.1737888153544056,0.42063823570981274,0.5672510112632432,786,196,1059,595,0.901,0.0,0.099,escalamiento,0.901,1
Acu-baihui2,12,53,0,3,260.0,265.0,12,12,137.8,787,1060,350,616,2,0.857882412131088,0.3888458229356301,0.781522683247632,0.353814257221604,46.229728119997304,60.49455828266907,0.717160166786588,2.13436536707305,0.3308270676691729,0.12030075187969924,0.2086777962752361,0.7130277984727796,0.40703535788477635,0.5692367823923602,786,200,1059,599,0.0,0.0,1.0,nado,1.0,1
Acu-baihui2,12,54,0,3,265.0,270.0,12,12,137.8,787,1060,350,616,2,0.8836801317768387,0.3641399774171258,0.8692466136301684,0.15906256627382728,40.22601684057444,66.25274958822592,0.7251428765808393,1.817510257611304,0.33458646616541354,0.15538847117794488,0.347249468358283,0.8675227111275728,0.4545846839195371,0.607713087134095,786,197,1059,596,0.0,0.0,1.0,nado,1.0,1
Acu-baihui2,12,55,0,3,270.0,275.0,12,12,137.8,787,1060,350,616,2,0.8488255810643608,0.29014211348456503,0.8463272404617279,0.0650774086890862,44.349718551641196,65.01932712956335,0.7034514289504825,1.8002430934034297,0.3308270676691729,0.09899749373433583,0.16306187927645152,0.6231207079056974,0.47989922207924085,0.6382417961941246,786,199,1060,598,0.0,0.0,1.0,nado,1.0,1
Acu-baihui2,12,56,0,3,275.0,280.0,13,13,137.8,787,1060,350,616,2,0.48355838243183696,0.19859777194075165,0.3581547691632439,0.3248905516411923,32.98826516270201,68.41460376770979,0.8587692119447125,2.3382028545274833,0.33458646616541354,0.2015615962984384,0.41208496280411333,1.0876798175161972,0.5600470646966638,0.7047904723277547,786,205,1060,605,0.001,0.0,0.999,nado,0.999,1
Acu-baihui2,12,57,0,3,280.0,285.0,12,12,137.8,787,1060,350,616,2,0.886309022316681,0.4031018784864351,0.839993420142235,0.28276268699689056,42.053417993764974,70.41783588897094,0.7644685867245001,1.9477485561876866,0.3157894736842105,0.1513157894736842,0.2513941920569617,0.7717727124498662,0.4339652200286485,0.5895600054522311,786,191,1059,589,0.0,0.0,1.0,nado,1.0,1
Acu-baihui2,12,58,0,3,285.0,290.0,12,12,137.8,787,1060,350,616,2,0.7815318460164096,0.1876857578997956,0.779605384543915,0.054840411449506986,30.839558536951262,58.3831366174288,0.5955668190762976,1.592399998027014,0.3383458646616541,0.20958646616541354,0.5712363857341786,1.3368810631761305,0.6283982423996334,0.7612619314032387,786,200,1059,599,0.002,0.992,0.006,inmovilidad,0.992,1
Acu-baihui2,12,59,0,3,290.0,295.0,13,13,137.8,787,1060,350,616,2,0.7347094612274518,0.2143774161861693,0.7100416515439321,0.18878253491755562,30.762871308235887,69.48259845610363,0.6349350311794688,2.032561947562031,0.3308270676691729,0.11914401388085599,0.3458815341078516,0.9610105906106833,0.5679857659873506,0.7126800217516565,786,204,1060,602,0.0,0.0,1.0,nado,1.0,1
Acu-baihui2,12,60,0,3,295.0,300.0,12,12,137.8,787,1060,350,616,2,0.7451904777504832,0.33853112442489597,0.7264239788737477,0.16618378695656932,45.01501916786918,65.27102803738318,0.6715880585734242,1.779625256677063,0.3308270676691729,0.08521303258145364,0.14444967273487608,0.5965117885370439,0.4805601062882024,0.6383537319165292,786,204,1059,602,0.0,0.0,1.0,nado,1.0,1
Acu-baihui2,12,61,0,3,300.0,305.0,12,12,137.8,787,1060,350,616,1,0.3596836490938983,0.15952060783257205,0.35612644273363586,0.050460719489410326,23.12327895543564,36.76653562653563,0.5164944301285553,1.5851660112849595,0.3383458646616541,0.21710526315789475,0.6316876745273559,1.4603804888116514,0.6493569236788828,0.7654785338305733,786,199,1059,597,0.0,1.0,0.0,inmovilidad,1.0,1
Acu-baihui2,12,62,0,3,305.0,310.0,11,11,137.8,787,1060,350,616,2,0.6976768444556853,0.23841335857008916,0.6554880216431687,0.2389318580096998,40.62538909402803,85.01327260897853,0.7169591919057535,1.791756571032112,0.13909774436090225,0.06971975393028025,0.09808046243681705,0.5843434498742275,0.4240605471979775,0.5745786276760088,787,195,1061,595,0.0,0.0,1.0,nado,1.0,1
