bloque,especimen,inicio_s,propuesta,seguridad,clase,confianza,origen
1,1,0,nado,1.000,nado,media,maquina
1,2,0,nado,1.000,nado,media,maquina
1,3,0,escalamiento,0.996,escalamiento,media,maquina
2,1,5,nado,1.000,nado,media,maquina
2,2,5,nado,1.000,nado,media,maquina
2,3,5,escalamiento,0.999,escalamiento,media,maquina
3,1,10,nado,1.000,nado,media,maquina
3,2,10,escalamiento,1.000,escalamiento,media,maquina
3,3,10,nado,1.000,nado,media,maquina
4,1,15,escalamiento,0.998,escalamiento,media,maquina
4,2,15,nado,1.000,nado,media,maquina
4,3,15,escalamiento,0.999,escalamiento,media,maquina
5,1,20,escalamiento,0.999,escalamiento,media,maquina
5,2,20,escalamiento,1.000,escalamiento,media,maquina
5,3,20,nado,1.000,nado,media,maquina
6,1,25,escalamiento,1.000,escalamiento,media,maquina
6,2,25,escalamiento,0.999,escalamiento,media,maquina
6,3,25,nado,1.000,nado,media,maquina
7,1,30,escalamiento,0.999,escalamiento,media,maquina
7,2,30,escalamiento,0.977,escalamiento,media,maquina
7,3,30,nado,1.000,nado,media,maquina
8,1,35,escalamiento,0.999,escalamiento,media,maquina
8,2,35,escalamiento,0.999,escalamiento,media,maquina
8,3,35,escalamiento,0.999,escalamiento,media,maquina
9,1,40,escalamiento,1.000,escalamiento,media,maquina
9,2,40,escalamiento,1.000,escalamiento,media,maquina
9,3,40,escalamiento,1.000,escalamiento,media,maquina
10,1,45,escalamiento,1.000,escalamiento,media,maquina
10,2,45,nado,1.000,nado,media,maquina
10,3,45,escalamiento,0.997,escalamiento,media,maquina
11,1,50,escalamiento,1.000,escalamiento,media,maquina
11,2,50,nado,1.000,nado,media,maquina
11,3,50,nado,1.000,nado,media,maquina
12,1,55,escalamiento,0.999,escalamiento,media,maquina
12,2,55,nado,1.000,nado,media,maquina
12,3,55,inmovilidad,0.999,inmovilidad,media,maquina
13,1,60,escalamiento,1.000,escalamiento,media,maquina
13,2,60,escalamiento,0.999,escalamiento,media,maquina
13,3,60,escalamiento,0.997,escalamiento,media,maquina
14,1,65,escalamiento,1.000,escalamiento,media,maquina
14,2,65,escalamiento,1.000,escalamiento,media,maquina
14,3,65,escalamiento,0.999,escalamiento,media,maquina
15,1,70,nado,1.000,nado,media,maquina
15,2,70,escalamiento,0.999,escalamiento,media,maquina
15,3,70,nado,1.000,nado,media,maquina
16,1,75,escalamiento,1.000,escalamiento,media,maquina
16,2,75,nado,1.000,nado,media,maquina
16,3,75,escalamiento,0.999,escalamiento,media,maquina
17,1,80,escalamiento,0.997,escalamiento,media,maquina
17,2,80,nado,1.000,nado,media,maquina
17,3,80,escalamiento,1.000,escalamiento,media,maquina
18,1,85,nado,0.995,nado,media,maquina
18,2,85,nado,1.000,nado,media,maquina
18,3,85,nado,1.000,nado,media,maquina
19,1,90,nado,0.889,nado,media,maquina
19,2,90,escalamiento,1.000,escalamiento,media,maquina
19,3,90,escalamiento,0.998,escalamiento,media,maquina
20,1,95,nado,1.000,nado,media,maquina
20,2,95,nado,1.000,nado,media,maquina
20,3,95,activa,1.000,activa,media,maquina
21,1,100,escalamiento,1.000,escalamiento,media,maquina
21,2,100,nado,0.922,nado,media,maquina
21,3,100,escalamiento,0.997,escalamiento,media,maquina
22,1,105,escalamiento,0.999,escalamiento,media,maquina
22,2,105,nado,0.999,nado,media,maquina
22,3,105,escalamiento,0.999,escalamiento,media,maquina
23,1,110,inmovilidad,0.999,inmovilidad,media,maquina
23,2,110,escalamiento,0.999,escalamiento,media,maquina
23,3,110,escalamiento,0.999,escalamiento,media,maquina
24,1,115,nado,1.000,nado,media,maquina
24,2,115,nado,1.000,nado,media,maquina
24,3,115,escalamiento,0.999,escalamiento,media,maquina
25,1,120,nado,1.000,nado,media,maquina
25,2,120,escalamiento,1.000,escalamiento,media,maquina
25,3,120,nado,1.000,nado,media,maquina
26,1,125,escalamiento,1.000,escalamiento,media,maquina
26,2,125,nado,1.000,nado,media,maquina
26,3,125,escalamiento,0.992,escalamiento,media,maquina
27,1,130,nado,1.000,nado,media,maquina
27,2,130,nado,1.000,nado,media,maquina
27,3,130,escalamiento,0.998,escalamiento,media,maquina
28,1,135,nado,1.000,nado,media,maquina
28,2,135,nado,1.000,nado,media,maquina
28,3,135,nado,1.000,nado,media,maquina
29,1,140,nado,1.000,nado,media,maquina
29,2,140,nado,1.000,nado,media,maquina
29,3,140,escalamiento,0.991,escalamiento,media,maquina
30,1,145,escalamiento,0.999,escalamiento,media,maquina
30,2,145,escalamiento,0.999,escalamiento,media,maquina
30,3,145,nado,1.000,nado,media,maquina
31,1,150,nado,1.000,nado,media,maquina
31,2,150,nado,0.995,nado,media,maquina
31,3,150,escalamiento,0.972,escalamiento,media,maquina
32,1,155,escalamiento,1.000,escalamiento,media,maquina
32,2,155,nado,1.000,nado,media,maquina
32,3,155,nado,1.000,nado,media,maquina
33,1,160,nado,1.000,nado,media,maquina
33,2,160,nado,1.000,nado,media,maquina
33,3,160,nado,0.981,nado,media,maquina
34,1,165,inmovilidad,1.000,inmovilidad,media,maquina
34,2,165,nado,1.000,nado,media,maquina
34,3,165,escalamiento,0.998,escalamiento,media,maquina
35,1,170,inmovilidad,1.000,inmovilidad,media,maquina
35,2,170,nado,1.000,nado,media,maquina
35,3,170,nado,1.000,nado,media,maquina
36,1,175,inmovilidad,1.000,inmovilidad,media,maquina
36,2,175,nado,1.000,nado,media,maquina
36,3,175,nado,1.000,nado,media,maquina
37,1,180,escalamiento,0.999,escalamiento,media,maquina
37,2,180,nado,1.000,nado,media,maquina
37,3,180,nado,0.999,nado,media,maquina
38,1,185,nado,1.000,nado,media,maquina
38,2,185,activa,0.847,activa,media,maquina
38,3,185,nado,1.000,nado,media,maquina
39,1,190,nado,1.000,nado,media,maquina
39,2,190,escalamiento,0.997,escalamiento,media,maquina
39,3,190,escalamiento,0.999,escalamiento,media,maquina
40,1,195,inmovilidad,1.000,inmovilidad,media,maquina
40,2,195,escalamiento,0.999,escalamiento,media,maquina
40,3,195,escalamiento,0.997,escalamiento,media,maquina
41,1,200,inmovilidad,1.000,inmovilidad,media,maquina
41,2,200,nado,1.000,nado,media,maquina
41,3,200,escalamiento,0.825,escalamiento,media,maquina
42,1,205,nado,0.995,nado,media,maquina
42,2,205,nado,1.000,nado,media,maquina
42,3,205,nado,1.000,nado,media,maquina
43,1,210,nado,1.000,nado,media,maquina
43,2,210,nado,1.000,nado,media,maquina
43,3,210,nado,1.000,nado,media,maquina
44,1,215,nado,1.000,nado,media,maquina
44,2,215,nado,1.000,nado,media,maquina
44,3,215,nado,1.000,nado,media,maquina
45,1,220,escalamiento,0.999,escalamiento,media,maquina
45,2,220,nado,1.000,nado,media,maquina
45,3,220,nado,1.000,nado,media,maquina
46,1,225,nado,0.994,nado,media,maquina
46,2,225,escalamiento,0.999,escalamiento,media,maquina
46,3,225,nado,1.000,nado,media,maquina
47,1,230,inmovilidad,1.000,inmovilidad,media,maquina
47,2,230,nado,0.972,nado,media,maquina
47,3,230,nado,1.000,nado,media,maquina
48,1,235,inmovilidad,0.995,inmovilidad,media,maquina
48,2,235,nado,0.992,nado,media,maquina
48,3,235,nado,1.000,nado,media,maquina
49,1,240,nado,1.000,nado,media,maquina
49,2,240,escalamiento,0.999,escalamiento,media,maquina
49,3,240,escalamiento,0.998,escalamiento,media,maquina
50,1,245,nado,0.999,nado,media,maquina
50,2,245,escalamiento,0.996,escalamiento,media,maquina
50,3,245,escalamiento,0.999,escalamiento,media,maquina
51,1,250,nado,1.000,nado,media,maquina
51,2,250,nado,0.987,nado,media,maquina
51,3,250,escalamiento,1.000,escalamiento,media,maquina
52,1,255,nado,1.000,nado,media,maquina
52,2,255,nado,1.000,nado,media,maquina
52,3,255,nado,0.997,nado,media,maquina
53,1,260,escalamiento,0.998,escalamiento,media,maquina
53,2,260,nado,1.000,nado,media,maquina
53,3,260,nado,1.000,nado,media,maquina
54,1,265,nado,0.989,nado,media,maquina
54,2,265,escalamiento,0.999,escalamiento,media,maquina
54,3,265,nado,1.000,nado,media,maquina
55,1,270,nado,1.000,nado,media,maquina
55,2,270,nado,1.000,nado,media,maquina
55,3,270,inmovilidad,1.000,inmovilidad,media,maquina
56,1,275,nado,1.000,nado,media,maquina
56,2,275,nado,0.597,inmovilidad,alta,humano_corrige
56,3,275,nado,0.979,nado,media,maquina
57,1,280,nado,0.846,nado,media,maquina
57,2,280,inmovilidad,0.739,inmovilidad,alta,humano_confirma
57,3,280,nado,0.689,inmovilidad,alta,humano_corrige
58,1,285,nado,1.000,nado,media,maquina
58,2,285,escalamiento,0.989,escalamiento,media,maquina
58,3,285,nado,0.991,inmovilidad,alta,humano_corrige
59,1,290,inmovilidad,1.000,inmovilidad,media,maquina
59,2,290,nado,1.000,nado,media,maquina
59,3,290,nado,1.000,nado,media,maquina
60,1,295,nado,1.000,nado,media,maquina
60,2,295,escalamiento,0.999,escalamiento,media,maquina
60,3,295,escalamiento,0.999,escalamiento,media,maquina
61,1,300,nado,0.998,nado,media,maquina
61,2,300,escalamiento,1.000,escalamiento,media,maquina
61,3,300,escalamiento,0.996,escalamiento,media,maquina
62,1,305,nado,1.000,nado,media,maquina
62,2,305,nado,1.000,nado,media,maquina
62,3,305,escalamiento,0.999,escalamiento,media,maquina
63,1,310,nado,0.961,nado,media,maquina
63,2,310,escalamiento,0.998,escalamiento,media,maquina
63,3,310,nado,1.000,nado,media,maquina
