especimen,segundo,inicio_s,tiempo,clase,confianza,p_escalamiento,p_inmovilidad,p_nado,ventana_s
1,1,0,0:00,escalamiento,0.997,0.997,0.0,0.003,4.0
1,2,1,0:01,nado,1.0,0.0,0.0,1.0,4.0
1,3,2,0:02,nado,1.0,0.0,0.0,1.0,4.0
1,4,3,0:03,nado,1.0,0.0,0.0,1.0,4.0
1,5,4,0:04,nado,1.0,0.0,0.0,1.0,4.0
1,6,5,0:05,nado,1.0,0.0,0.0,1.0,4.0
1,7,6,0:06,nado,1.0,0.0,0.0,1.0,4.0
1,8,7,0:07,nado,1.0,0.0,0.0,1.0,4.0
1,9,8,0:08,nado,1.0,0.0,0.0,1.0,4.0
1,10,9,0:09,nado,1.0,0.0,0.0,1.0,4.0
1,11,10,0:10,nado,1.0,0.0,0.0,1.0,4.0
1,12,11,0:11,nado,1.0,0.0,0.0,1.0,4.0
1,13,12,0:12,nado,1.0,0.0,0.0,1.0,4.0
1,14,13,0:13,nado,1.0,0.0,0.0,1.0,4.0
1,15,14,0:14,nado,1.0,0.0,0.0,1.0,4.0
1,16,15,0:15,nado,1.0,0.0,0.0,1.0,4.0
1,17,16,0:16,nado,1.0,0.0,0.0,1.0,4.0
1,18,17,0:17,nado,1.0,0.0,0.0,1.0,4.0
1,19,18,0:18,nado,1.0,0.0,0.0,1.0,4.0
1,20,19,0:19,nado,1.0,0.0,0.0,1.0,4.0
1,21,20,0:20,nado,1.0,0.0,0.0,1.0,4.0
1,22,21,0:21,nado,1.0,0.0,0.0,1.0,4.0
1,23,22,0:22,nado,0.864,0.0,0.136,0.864,4.0
1,24,23,0:23,nado,0.946,0.0,0.054,0.946,4.0
1,25,24,0:24,nado,0.999,0.0,0.0,0.999,4.0
1,26,25,0:25,nado,1.0,0.0,0.0,1.0,4.0
1,27,26,0:26,nado,1.0,0.0,0.0,1.0,4.0
1,28,27,0:27,nado,1.0,0.0,0.0,1.0,4.0
1,29,28,0:28,nado,1.0,0.0,0.0,1.0,4.0
1,30,29,0:29,nado,1.0,0.0,0.0,1.0,4.0
1,31,30,0:30,nado,1.0,0.0,0.0,1.0,4.0
1,32,31,0:31,nado,1.0,0.0,0.0,1.0,4.0
1,33,32,0:32,inmovilidad,0.603,0.0,0.603,0.397,4.0
1,34,33,0:33,inmovilidad,1.0,0.0,1.0,0.0,4.0
1,35,34,0:34,inmovilidad,1.0,0.0,1.0,0.0,4.0
1,36,35,0:35,inmovilidad,1.0,0.0,1.0,0.0,4.0
1,37,36,0:36,inmovilidad,1.0,0.0,1.0,0.0,4.0
1,38,37,0:37,nado,1.0,0.0,0.0,1.0,4.0
1,39,38,0:38,nado,1.0,0.0,0.0,1.0,4.0
1,40,39,0:39,nado,1.0,0.0,0.0,1.0,4.0
1,41,40,0:40,nado,1.0,0.0,0.0,1.0,4.0
1,42,41,0:41,nado,1.0,0.0,0.0,1.0,4.0
1,43,42,0:42,nado,1.0,0.0,0.0,1.0,4.0
1,44,43,0:43,nado,1.0,0.0,0.0,1.0,4.0
1,45,44,0:44,activa,1.0,0.413,0.0,0.586,4.0
1,46,45,0:45,nado,1.0,0.0,0.0,1.0,4.0
1,47,46,0:46,escalamiento,0.999,0.999,0.0,0.001,4.0
1,48,47,0:47,nado,1.0,0.0,0.0,1.0,4.0
1,49,48,0:48,nado,1.0,0.0,0.0,1.0,4.0
1,50,49,0:49,nado,0.996,0.004,0.0,0.996,4.0
1,51,50,0:50,escalamiento,1.0,1.0,0.0,0.0,4.0
1,52,51,0:51,escalamiento,1.0,1.0,0.0,0.0,4.0
1,53,52,0:52,escalamiento,1.0,1.0,0.0,0.0,4.0
1,54,53,0:53,escalamiento,1.0,1.0,0.0,0.0,4.0
1,55,54,0:54,nado,0.994,0.006,0.0,0.994,4.0
1,56,55,0:55,escalamiento,1.0,1.0,0.0,0.0,4.0
1,57,56,0:56,nado,1.0,0.0,0.0,1.0,4.0
1,58,57,0:57,nado,1.0,0.0,0.0,1.0,4.0
1,59,58,0:58,nado,1.0,0.0,0.0,1.0,4.0
1,60,59,0:59,nado,1.0,0.0,0.0,1.0,4.0
1,61,60,1:00,nado,1.0,0.0,0.0,1.0,4.0
1,62,61,1:01,nado,1.0,0.0,0.0,1.0,4.0
1,63,62,1:02,nado,1.0,0.0,0.0,1.0,4.0
1,64,63,1:03,nado,1.0,0.0,0.0,1.0,4.0
1,65,64,1:04,nado,1.0,0.0,0.0,1.0,4.0
1,66,65,1:05,nado,1.0,0.0,0.0,1.0,4.0
1,67,66,1:06,nado,1.0,0.0,0.0,1.0,4.0
1,68,67,1:07,nado,1.0,0.0,0.0,1.0,4.0
1,69,68,1:08,nado,0.999,0.0,0.001,0.999,4.0
1,70,69,1:09,nado,1.0,0.0,0.0,1.0,4.0
1,71,70,1:10,nado,1.0,0.0,0.0,1.0,4.0
1,72,71,1:11,nado,1.0,0.0,0.0,1.0,4.0
1,73,72,1:12,nado,1.0,0.0,0.0,1.0,4.0
1,74,73,1:13,nado,1.0,0.0,0.0,1.0,4.0
1,75,74,1:14,nado,1.0,0.0,0.0,1.0,4.0
1,76,75,1:15,nado,1.0,0.0,0.0,1.0,4.0
1,77,76,1:16,nado,1.0,0.0,0.0,1.0,4.0
1,78,77,1:17,nado,1.0,0.0,0.0,1.0,4.0
1,79,78,1:18,nado,1.0,0.0,0.0,1.0,4.0
1,80,79,1:19,nado,1.0,0.0,0.0,1.0,4.0
1,81,80,1:20,nado,1.0,0.0,0.0,1.0,4.0
1,82,81,1:21,nado,1.0,0.0,0.0,1.0,4.0
1,83,82,1:22,nado,1.0,0.0,0.0,1.0,4.0
1,84,83,1:23,nado,1.0,0.0,0.0,1.0,4.0
1,85,84,1:24,nado,1.0,0.0,0.0,1.0,4.0
1,86,85,1:25,escalamiento,0.997,0.997,0.0,0.003,4.0
1,87,86,1:26,nado,1.0,0.0,0.0,1.0,4.0
1,88,87,1:27,nado,1.0,0.0,0.0,1.0,4.0
1,89,88,1:28,nado,1.0,0.0,0.0,1.0,4.0
1,90,89,1:29,escalamiento,0.998,0.998,0.0,0.002,4.0
1,91,90,1:30,nado,1.0,0.0,0.0,1.0,4.0
1,92,91,1:31,nado,1.0,0.0,0.0,1.0,4.0
1,93,92,1:32,nado,1.0,0.0,0.0,1.0,4.0
1,94,93,1:33,nado,1.0,0.0,0.0,1.0,4.0
1,95,94,1:34,nado,1.0,0.0,0.0,1.0,4.0
1,96,95,1:35,nado,1.0,0.0,0.0,1.0,4.0
1,97,96,1:36,nado,1.0,0.0,0.0,1.0,4.0
1,98,97,1:37,nado,1.0,0.0,0.0,1.0,4.0
1,99,98,1:38,nado,1.0,0.0,0.0,1.0,4.0
1,100,99,1:39,nado,1.0,0.0,0.0,1.0,4.0
1,101,100,1:40,nado,1.0,0.0,0.0,1.0,4.0
1,102,101,1:41,inmovilidad,1.0,0.0,1.0,0.0,4.0
1,103,102,1:42,nado,1.0,0.0,0.0,1.0,4.0
1,104,103,1:43,nado,1.0,0.0,0.0,1.0,4.0
1,105,104,1:44,nado,1.0,0.0,0.0,1.0,4.0
1,106,105,1:45,nado,1.0,0.0,0.0,1.0,4.0
1,107,106,1:46,escalamiento,0.999,0.999,0.0,0.001,4.0
1,108,107,1:47,escalamiento,0.999,0.999,0.0,0.001,4.0
1,109,108,1:48,escalamiento,0.999,0.999,0.0,0.001,4.0
1,110,109,1:49,nado,1.0,0.0,0.0,1.0,4.0
1,111,110,1:50,nado,1.0,0.0,0.0,1.0,4.0
1,112,111,1:51,nado,1.0,0.0,0.0,1.0,4.0
1,113,112,1:52,nado,1.0,0.0,0.0,1.0,4.0
1,114,113,1:53,nado,1.0,0.0,0.0,1.0,4.0
1,115,114,1:54,nado,1.0,0.0,0.0,1.0,4.0
1,116,115,1:55,nado,1.0,0.0,0.0,1.0,4.0
1,117,116,1:56,nado,1.0,0.0,0.0,1.0,4.0
1,118,117,1:57,nado,1.0,0.0,0.0,1.0,4.0
1,119,118,1:58,nado,1.0,0.0,0.0,1.0,4.0
1,120,119,1:59,nado,1.0,0.0,0.0,1.0,4.0
1,121,120,2:00,nado,1.0,0.0,0.0,1.0,4.0
1,122,121,2:01,nado,1.0,0.0,0.0,1.0,4.0
1,123,122,2:02,escalamiento,0.986,0.986,0.0,0.014,4.0
1,124,123,2:03,nado,1.0,0.0,0.0,1.0,4.0
1,125,124,2:04,nado,1.0,0.0,0.0,1.0,4.0
1,126,125,2:05,nado,1.0,0.0,0.0,1.0,4.0
1,127,126,2:06,nado,1.0,0.0,0.0,1.0,4.0
1,128,127,2:07,nado,1.0,0.0,0.0,1.0,4.0
1,129,128,2:08,nado,1.0,0.0,0.0,1.0,4.0
1,130,129,2:09,nado,1.0,0.0,0.0,1.0,4.0
1,131,130,2:10,nado,1.0,0.0,0.0,1.0,4.0
1,132,131,2:11,nado,1.0,0.0,0.0,1.0,4.0
1,133,132,2:12,inmovilidad,1.0,0.0,1.0,0.0,4.0
1,134,133,2:13,nado,0.634,0.0,0.366,0.634,4.0
1,135,134,2:14,nado,1.0,0.0,0.0,1.0,4.0
1,136,135,2:15,nado,1.0,0.0,0.0,1.0,4.0
1,137,136,2:16,nado,1.0,0.0,0.0,1.0,4.0
1,138,137,2:17,nado,1.0,0.0,0.0,1.0,4.0
1,139,138,2:18,nado,1.0,0.0,0.0,1.0,4.0
1,140,139,2:19,nado,1.0,0.0,0.0,1.0,4.0
1,141,140,2:20,nado,1.0,0.0,0.0,1.0,4.0
1,142,141,2:21,escalamiento,0.999,0.999,0.0,0.001,4.0
1,143,142,2:22,escalamiento,0.999,0.999,0.0,0.001,4.0
1,144,143,2:23,activa,1.0,0.722,0.0,0.278,4.0
1,145,144,2:24,escalamiento,1.0,1.0,0.0,0.0,4.0
1,146,145,2:25,nado,1.0,0.0,0.0,1.0,4.0
1,147,146,2:26,nado,1.0,0.0,0.0,1.0,4.0
1,148,147,2:27,nado,1.0,0.0,0.0,1.0,4.0
1,149,148,2:28,nado,1.0,0.0,0.0,1.0,4.0
1,150,149,2:29,nado,1.0,0.0,0.0,1.0,4.0
1,151,150,2:30,nado,0.974,0.0,0.026,0.974,4.0
1,152,151,2:31,nado,1.0,0.0,0.0,1.0,4.0
1,153,152,2:32,nado,1.0,0.0,0.0,1.0,4.0
1,154,153,2:33,nado,1.0,0.0,0.0,1.0,4.0
1,155,154,2:34,nado,1.0,0.0,0.0,1.0,4.0
1,156,155,2:35,nado,1.0,0.0,0.0,1.0,4.0
1,157,156,2:36,nado,1.0,0.0,0.0,1.0,4.0
1,158,157,2:37,nado,1.0,0.0,0.0,1.0,4.0
1,159,158,2:38,escalamiento,0.997,0.997,0.0,0.003,4.0
1,160,159,2:39,nado,0.998,0.001,0.001,0.998,4.0
1,161,160,2:40,nado,0.999,0.001,0.0,0.999,4.0
1,162,161,2:41,nado,1.0,0.0,0.0,1.0,4.0
1,163,162,2:42,nado,1.0,0.0,0.0,1.0,4.0
1,164,163,2:43,nado,1.0,0.0,0.0,1.0,4.0
1,165,164,2:44,nado,1.0,0.0,0.0,1.0,4.0
1,166,165,2:45,nado,1.0,0.0,0.0,1.0,4.0
1,167,166,2:46,nado,1.0,0.0,0.0,1.0,4.0
1,168,167,2:47,nado,1.0,0.0,0.0,1.0,4.0
1,169,168,2:48,nado,1.0,0.0,0.0,1.0,4.0
1,170,169,2:49,nado,1.0,0.0,0.0,1.0,4.0
1,171,170,2:50,nado,1.0,0.0,0.0,1.0,4.0
1,172,171,2:51,nado,0.989,0.0,0.011,0.989,4.0
1,173,172,2:52,inmovilidad,0.997,0.0,0.997,0.003,4.0
1,174,173,2:53,inmovilidad,1.0,0.0,1.0,0.0,4.0
1,175,174,2:54,inmovilidad,0.999,0.0,0.999,0.001,4.0
1,176,175,2:55,nado,1.0,0.0,0.0,1.0,4.0
1,177,176,2:56,nado,1.0,0.0,0.0,1.0,4.0
1,178,177,2:57,nado,1.0,0.0,0.0,1.0,4.0
1,179,178,2:58,nado,1.0,0.0,0.0,1.0,4.0
1,180,179,2:59,nado,1.0,0.0,0.0,1.0,4.0
1,181,180,3:00,nado,1.0,0.0,0.0,1.0,4.0
1,182,181,3:01,nado,1.0,0.0,0.0,1.0,4.0
1,183,182,3:02,nado,0.943,0.0,0.057,0.943,4.0
1,184,183,3:03,inmovilidad,0.998,0.0,0.998,0.002,4.0
1,185,184,3:04,inmovilidad,1.0,0.0,1.0,0.0,4.0
1,186,185,3:05,inmovilidad,1.0,0.0,1.0,0.0,4.0
1,187,186,3:06,inmovilidad,1.0,0.0,1.0,0.0,4.0
1,188,187,3:07,inmovilidad,1.0,0.0,1.0,0.0,4.0
1,189,188,3:08,inmovilidad,1.0,0.0,1.0,0.0,4.0
1,190,189,3:09,inmovilidad,1.0,0.0,1.0,0.0,4.0
1,191,190,3:10,inmovilidad,1.0,0.0,1.0,0.0,4.0
1,192,191,3:11,inmovilidad,1.0,0.0,1.0,0.0,4.0
1,193,192,3:12,inmovilidad,1.0,0.0,1.0,0.0,4.0
1,194,193,3:13,inmovilidad,1.0,0.0,1.0,0.0,4.0
1,195,194,3:14,inmovilidad,1.0,0.0,1.0,0.0,4.0
1,196,195,3:15,inmovilidad,1.0,0.0,1.0,0.0,4.0
1,197,196,3:16,inmovilidad,1.0,0.0,1.0,0.0,4.0
1,198,197,3:17,inmovilidad,1.0,0.0,1.0,0.0,4.0
1,199,198,3:18,inmovilidad,1.0,0.0,1.0,0.0,4.0
1,200,199,3:19,inmovilidad,1.0,0.0,1.0,0.0,4.0
1,201,200,3:20,inmovilidad,1.0,0.0,1.0,0.0,4.0
1,202,201,3:21,inmovilidad,0.994,0.0,0.994,0.006,4.0
1,203,202,3:22,nado,0.995,0.0,0.005,0.995,4.0
1,204,203,3:23,nado,1.0,0.0,0.0,1.0,4.0
1,205,204,3:24,nado,1.0,0.0,0.0,1.0,4.0
1,206,205,3:25,nado,1.0,0.0,0.0,1.0,4.0
1,207,206,3:26,nado,1.0,0.0,0.0,1.0,4.0
1,208,207,3:27,nado,1.0,0.0,0.0,1.0,4.0
1,209,208,3:28,nado,1.0,0.0,0.0,1.0,4.0
1,210,209,3:29,nado,0.999,0.0,0.0,0.999,4.0
1,211,210,3:30,nado,1.0,0.0,0.0,1.0,4.0
1,212,211,3:31,inmovilidad,1.0,0.0,1.0,0.0,4.0
1,213,212,3:32,nado,1.0,0.0,0.0,1.0,4.0
1,214,213,3:33,nado,1.0,0.0,0.0,1.0,4.0
1,215,214,3:34,nado,1.0,0.0,0.0,1.0,4.0
1,216,215,3:35,nado,1.0,0.0,0.0,1.0,4.0
1,217,216,3:36,inmovilidad,0.999,0.0,0.999,0.001,4.0
1,218,217,3:37,inmovilidad,1.0,0.0,1.0,0.0,4.0
1,219,218,3:38,inmovilidad,1.0,0.0,1.0,0.0,4.0
1,220,219,3:39,inmovilidad,1.0,0.0,1.0,0.0,4.0
1,221,220,3:40,inmovilidad,1.0,0.0,1.0,0.0,4.0
1,222,221,3:41,inmovilidad,1.0,0.0,1.0,0.0,4.0
1,223,222,3:42,inmovilidad,1.0,0.0,1.0,0.0,4.0
1,224,223,3:43,inmovilidad,1.0,0.0,1.0,0.0,4.0
1,225,224,3:44,inmovilidad,1.0,0.0,1.0,0.0,4.0
1,226,225,3:45,inmovilidad,1.0,0.0,1.0,0.0,4.0
1,227,226,3:46,nado,1.0,0.0,0.0,1.0,4.0
1,228,227,3:47,nado,1.0,0.0,0.0,1.0,4.0
1,229,228,3:48,nado,1.0,0.0,0.0,1.0,4.0
1,230,229,3:49,nado,0.999,0.0,0.001,0.999,4.0
1,231,230,3:50,inmovilidad,0.94,0.0,0.94,0.06,4.0
1,232,231,3:51,inmovilidad,0.997,0.0,0.997,0.003,4.0
1,233,232,3:52,inmovilidad,0.998,0.0,0.998,0.002,4.0
1,234,233,3:53,nado,1.0,0.0,0.0,1.0,4.0
1,235,234,3:54,nado,1.0,0.0,0.0,1.0,4.0
1,236,235,3:55,nado,1.0,0.0,0.0,1.0,4.0
1,237,236,3:56,nado,1.0,0.0,0.0,1.0,4.0
1,238,237,3:57,nado,1.0,0.0,0.0,1.0,4.0
1,239,238,3:58,nado,1.0,0.0,0.0,1.0,4.0
1,240,239,3:59,nado,1.0,0.0,0.0,1.0,4.0
1,241,240,4:00,nado,1.0,0.0,0.0,1.0,4.0
1,242,241,4:01,inmovilidad,1.0,0.0,1.0,0.0,4.0
1,243,242,4:02,nado,1.0,0.0,0.0,1.0,4.0
1,244,243,4:03,nado,1.0,0.0,0.0,1.0,4.0
1,245,244,4:04,nado,1.0,0.0,0.0,1.0,4.0
1,246,245,4:05,nado,1.0,0.0,0.0,1.0,4.0
1,247,246,4:06,inmovilidad,1.0,0.0,1.0,0.0,4.0
1,248,247,4:07,inmovilidad,1.0,0.0,1.0,0.0,4.0
1,249,248,4:08,inmovilidad,1.0,0.0,1.0,0.0,4.0
1,250,249,4:09,inmovilidad,1.0,0.0,1.0,0.0,4.0
1,251,250,4:10,inmovilidad,1.0,0.0,1.0,0.0,4.0
1,252,251,4:11,inmovilidad,1.0,0.0,1.0,0.0,4.0
1,253,252,4:12,inmovilidad,1.0,0.0,1.0,0.0,4.0
1,254,253,4:13,nado,1.0,0.0,0.0,1.0,4.0
1,255,254,4:14,nado,1.0,0.0,0.0,1.0,4.0
1,256,255,4:15,nado,1.0,0.0,0.0,1.0,4.0
1,257,256,4:16,inmovilidad,1.0,0.0,1.0,0.0,4.0
1,258,257,4:17,inmovilidad,1.0,0.0,1.0,0.0,4.0
1,259,258,4:18,inmovilidad,1.0,0.0,1.0,0.0,4.0
1,260,259,4:19,inmovilidad,1.0,0.0,1.0,0.0,4.0
1,261,260,4:20,inmovilidad,1.0,0.0,1.0,0.0,4.0
1,262,261,4:21,inmovilidad,1.0,0.0,1.0,0.0,4.0
1,263,262,4:22,inmovilidad,1.0,0.0,1.0,0.0,4.0
1,264,263,4:23,inmovilidad,1.0,0.0,1.0,0.0,4.0
1,265,264,4:24,inmovilidad,1.0,0.0,1.0,0.0,4.0
1,266,265,4:25,inmovilidad,1.0,0.0,1.0,0.0,4.0
1,267,266,4:26,inmovilidad,1.0,0.0,1.0,0.0,4.0
1,268,267,4:27,inmovilidad,1.0,0.0,1.0,0.0,4.0
1,269,268,4:28,inmovilidad,1.0,0.0,1.0,0.0,4.0
1,270,269,4:29,inmovilidad,1.0,0.0,1.0,0.0,4.0
1,271,270,4:30,inmovilidad,1.0,0.0,1.0,0.0,4.0
1,272,271,4:31,inmovilidad,1.0,0.0,1.0,0.0,4.0
1,273,272,4:32,inmovilidad,1.0,0.0,1.0,0.0,4.0
1,274,273,4:33,nado,0.607,0.0,0.393,0.607,4.0
1,275,274,4:34,nado,1.0,0.0,0.0,1.0,4.0
1,276,275,4:35,nado,0.934,0.0,0.066,0.934,4.0
1,277,276,4:36,inmovilidad,1.0,0.0,1.0,0.0,4.0
1,278,277,4:37,inmovilidad,1.0,0.0,1.0,0.0,4.0
1,279,278,4:38,inmovilidad,0.999,0.0,0.999,0.001,4.0
1,280,279,4:39,inmovilidad,1.0,0.0,1.0,0.0,4.0
1,281,280,4:40,inmovilidad,1.0,0.0,1.0,0.0,4.0
1,282,281,4:41,inmovilidad,1.0,0.0,1.0,0.0,4.0
1,283,282,4:42,inmovilidad,0.997,0.0,0.997,0.003,4.0
1,284,283,4:43,nado,1.0,0.0,0.0,1.0,4.0
1,285,284,4:44,nado,0.999,0.0,0.001,0.999,4.0
1,286,285,4:45,nado,0.998,0.0,0.002,0.998,4.0
1,287,286,4:46,inmovilidad,0.994,0.0,0.994,0.006,4.0
1,288,287,4:47,inmovilidad,1.0,0.0,1.0,0.0,4.0
1,289,288,4:48,inmovilidad,1.0,0.0,1.0,0.0,4.0
1,290,289,4:49,inmovilidad,1.0,0.0,1.0,0.0,4.0
1,291,290,4:50,inmovilidad,1.0,0.0,1.0,0.0,4.0
1,292,291,4:51,inmovilidad,1.0,0.0,1.0,0.0,4.0
1,293,292,4:52,inmovilidad,1.0,0.0,1.0,0.0,4.0
1,294,293,4:53,inmovilidad,1.0,0.0,1.0,0.0,4.0
1,295,294,4:54,inmovilidad,1.0,0.0,1.0,0.0,4.0
1,296,295,4:55,inmovilidad,1.0,0.0,1.0,0.0,4.0
1,297,296,4:56,inmovilidad,1.0,0.0,1.0,0.0,4.0
1,298,297,4:57,inmovilidad,1.0,0.0,1.0,0.0,4.0
1,299,298,4:58,inmovilidad,1.0,0.0,1.0,0.0,4.0
1,300,299,4:59,inmovilidad,1.0,0.0,1.0,0.0,4.0
1,301,300,5:00,inmovilidad,1.0,0.0,1.0,0.0,4.0
1,302,301,5:01,inmovilidad,1.0,0.0,1.0,0.0,4.0
1,303,302,5:02,inmovilidad,1.0,0.0,1.0,0.0,4.0
1,304,303,5:03,inmovilidad,1.0,0.0,1.0,0.0,4.0
1,305,304,5:04,nado,0.771,0.0,0.229,0.771,4.0
1,306,305,5:05,nado,1.0,0.0,0.0,1.0,4.0
1,307,306,5:06,nado,1.0,0.0,0.0,1.0,4.0
1,308,307,5:07,nado,1.0,0.0,0.0,1.0,4.0
1,309,308,5:08,nado,1.0,0.0,0.0,1.0,4.0
1,310,309,5:09,nado,1.0,0.0,0.0,1.0,4.0
1,311,310,5:10,nado,1.0,0.0,0.0,1.0,4.0
1,312,311,5:11,nado,1.0,0.0,0.0,1.0,4.0
1,313,312,5:12,nado,1.0,0.0,0.0,1.0,4.0
1,314,313,5:13,nado,1.0,0.0,0.0,1.0,4.0
1,315,314,5:14,nado,1.0,0.0,0.0,1.0,4.0
1,316,315,5:15,nado,1.0,0.0,0.0,1.0,4.0
1,317,316,5:16,inmovilidad,1.0,0.0,1.0,0.0,4.0
1,318,317,5:17,inmovilidad,1.0,0.0,1.0,0.0,4.0
1,319,318,5:18,inmovilidad,1.0,0.0,1.0,0.0,4.0
1,320,319,5:19,inmovilidad,1.0,0.0,1.0,0.0,4.0
1,321,320,5:20,inmovilidad,1.0,0.0,1.0,0.0,4.0
1,322,321,5:21,inmovilidad,1.0,0.0,1.0,0.0,4.0
1,323,322,5:22,inmovilidad,1.0,0.0,1.0,0.0,4.0
1,324,323,5:23,nado,1.0,0.0,0.0,1.0,4.0
1,325,324,5:24,nado,0.664,0.0,0.336,0.664,4.0
1,326,325,5:25,inmovilidad,0.999,0.0,0.999,0.001,4.0
1,327,326,5:26,inmovilidad,0.999,0.0,0.999,0.001,4.0
1,328,327,5:27,inmovilidad,1.0,0.0,1.0,0.0,4.0
1,329,328,5:28,inmovilidad,1.0,0.0,1.0,0.0,4.0
1,330,329,5:29,inmovilidad,1.0,0.0,1.0,0.0,4.0
1,331,330,5:30,nado,1.0,0.0,0.0,1.0,4.0
1,332,331,5:31,nado,1.0,0.0,0.0,1.0,4.0
1,333,332,5:32,nado,1.0,0.0,0.0,1.0,4.0
1,334,333,5:33,nado,1.0,0.0,0.0,1.0,4.0
1,335,334,5:34,nado,0.988,0.0,0.012,0.988,4.0
1,336,335,5:35,inmovilidad,0.998,0.0,0.998,0.002,4.0
1,337,336,5:36,inmovilidad,0.908,0.0,0.908,0.092,4.0
1,338,337,5:37,inmovilidad,0.999,0.0,0.999,0.001,4.0
1,339,338,5:38,inmovilidad,1.0,0.0,1.0,0.0,4.0
1,340,339,5:39,inmovilidad,1.0,0.0,1.0,0.0,4.0
1,341,340,5:40,inmovilidad,1.0,0.0,1.0,0.0,4.0
1,342,341,5:41,inmovilidad,0.7,0.0,0.7,0.3,4.0
1,343,342,5:42,nado,1.0,0.0,0.0,1.0,4.0
1,344,343,5:43,nado,1.0,0.0,0.0,1.0,4.0
1,345,344,5:44,inmovilidad,1.0,0.0,1.0,0.0,4.0
1,346,345,5:45,inmovilidad,1.0,0.0,1.0,0.0,4.0
1,347,346,5:46,inmovilidad,1.0,0.0,1.0,0.0,4.0
1,348,347,5:47,inmovilidad,0.992,0.0,0.992,0.008,4.0
1,349,348,5:48,inmovilidad,1.0,0.0,1.0,0.0,4.0
1,350,349,5:49,nado,0.838,0.0,0.162,0.838,4.0
1,351,350,5:50,inmovilidad,1.0,0.0,1.0,0.0,4.0
1,352,351,5:51,inmovilidad,1.0,0.0,1.0,0.0,4.0
1,353,352,5:52,inmovilidad,1.0,0.0,1.0,0.0,4.0
1,354,353,5:53,inmovilidad,1.0,0.0,1.0,0.0,4.0
1,355,354,5:54,inmovilidad,1.0,0.0,1.0,0.0,4.0
1,356,355,5:55,inmovilidad,1.0,0.0,1.0,0.0,4.0
1,357,356,5:56,inmovilidad,1.0,0.0,1.0,0.0,4.0
1,358,357,5:57,inmovilidad,1.0,0.0,1.0,0.0,4.0
1,359,358,5:58,inmovilidad,1.0,0.0,1.0,0.0,4.0
1,360,359,5:59,inmovilidad,1.0,0.0,1.0,0.0,4.0
1,361,360,6:00,inmovilidad,1.0,0.0,1.0,0.0,4.0
1,362,361,6:01,inmovilidad,1.0,0.0,1.0,0.0,4.0
1,363,362,6:02,inmovilidad,1.0,0.0,1.0,0.0,4.0
2,1,0,0:00,escalamiento,0.998,0.998,0.0,0.002,4.0
2,2,1,0:01,escalamiento,0.997,0.997,0.0,0.003,4.0
2,3,2,0:02,activa,0.999,0.549,0.001,0.45,4.0
2,4,3,0:03,nado,1.0,0.0,0.0,1.0,4.0
2,5,4,0:04,escalamiento,0.982,0.982,0.0,0.018,4.0
2,6,5,0:05,nado,1.0,0.0,0.0,1.0,4.0
2,7,6,0:06,nado,1.0,0.0,0.0,1.0,4.0
2,8,7,0:07,nado,1.0,0.0,0.0,1.0,4.0
2,9,8,0:08,nado,1.0,0.0,0.0,1.0,4.0
2,10,9,0:09,nado,1.0,0.0,0.0,1.0,4.0
2,11,10,0:10,nado,1.0,0.0,0.0,1.0,4.0
2,12,11,0:11,nado,1.0,0.0,0.0,1.0,4.0
2,13,12,0:12,escalamiento,1.0,1.0,0.0,0.0,4.0
2,14,13,0:13,escalamiento,0.986,0.986,0.0,0.014,4.0
2,15,14,0:14,nado,1.0,0.0,0.0,1.0,4.0
2,16,15,0:15,nado,1.0,0.0,0.0,1.0,4.0
2,17,16,0:16,nado,1.0,0.0,0.0,1.0,4.0
2,18,17,0:17,escalamiento,0.998,0.998,0.0,0.002,4.0
2,19,18,0:18,escalamiento,1.0,1.0,0.0,0.0,4.0
2,20,19,0:19,escalamiento,1.0,1.0,0.0,0.0,4.0
2,21,20,0:20,escalamiento,1.0,1.0,0.0,0.0,4.0
2,22,21,0:21,escalamiento,1.0,1.0,0.0,0.0,4.0
2,23,22,0:22,nado,0.999,0.001,0.0,0.999,4.0
2,24,23,0:23,escalamiento,1.0,1.0,0.0,0.0,4.0
2,25,24,0:24,nado,0.999,0.001,0.0,0.999,4.0
2,26,25,0:25,nado,1.0,0.0,0.0,1.0,4.0
2,27,26,0:26,nado,1.0,0.0,0.0,1.0,4.0
2,28,27,0:27,nado,1.0,0.0,0.0,1.0,4.0
2,29,28,0:28,nado,1.0,0.0,0.0,1.0,4.0
2,30,29,0:29,nado,1.0,0.0,0.0,1.0,4.0
2,31,30,0:30,escalamiento,1.0,1.0,0.0,0.0,4.0
2,32,31,0:31,escalamiento,1.0,1.0,0.0,0.0,4.0
2,33,32,0:32,escalamiento,1.0,1.0,0.0,0.0,4.0
2,34,33,0:33,escalamiento,1.0,1.0,0.0,0.0,4.0
2,35,34,0:34,escalamiento,0.999,0.999,0.0,0.001,4.0
2,36,35,0:35,escalamiento,1.0,1.0,0.0,0.0,4.0
2,37,36,0:36,nado,1.0,0.0,0.0,1.0,4.0
2,38,37,0:37,nado,1.0,0.0,0.0,1.0,4.0
2,39,38,0:38,inmovilidad,0.998,0.0,0.998,0.002,4.0
2,40,39,0:39,inmovilidad,1.0,0.0,1.0,0.0,4.0
2,41,40,0:40,inmovilidad,1.0,0.0,1.0,0.0,4.0
2,42,41,0:41,inmovilidad,1.0,0.0,1.0,0.0,4.0
2,43,42,0:42,nado,0.924,0.001,0.076,0.924,4.0
2,44,43,0:43,nado,1.0,0.0,0.0,1.0,4.0
2,45,44,0:44,nado,1.0,0.0,0.0,1.0,4.0
2,46,45,0:45,nado,1.0,0.0,0.0,1.0,4.0
2,47,46,0:46,nado,1.0,0.0,0.0,1.0,4.0
2,48,47,0:47,nado,1.0,0.0,0.0,1.0,4.0
2,49,48,0:48,nado,1.0,0.0,0.0,1.0,4.0
2,50,49,0:49,nado,1.0,0.0,0.0,1.0,4.0
2,51,50,0:50,nado,1.0,0.0,0.0,1.0,4.0
2,52,51,0:51,nado,1.0,0.0,0.0,1.0,4.0
2,53,52,0:52,nado,1.0,0.0,0.0,1.0,4.0
2,54,53,0:53,nado,0.916,0.001,0.083,0.916,4.0
2,55,54,0:54,inmovilidad,1.0,0.0,1.0,0.0,4.0
2,56,55,0:55,inmovilidad,1.0,0.0,1.0,0.0,4.0
2,57,56,0:56,inmovilidad,1.0,0.0,1.0,0.0,4.0
2,58,57,0:57,inmovilidad,1.0,0.0,1.0,0.0,4.0
2,59,58,0:58,inmovilidad,1.0,0.0,1.0,0.0,4.0
2,60,59,0:59,inmovilidad,0.823,0.002,0.823,0.175,4.0
2,61,60,1:00,escalamiento,0.987,0.987,0.001,0.012,4.0
2,62,61,1:01,escalamiento,1.0,1.0,0.0,0.0,4.0
2,63,62,1:02,escalamiento,1.0,1.0,0.0,0.0,4.0
2,64,63,1:03,escalamiento,0.999,0.999,0.0,0.001,4.0
2,65,64,1:04,nado,1.0,0.0,0.0,1.0,4.0
2,66,65,1:05,nado,1.0,0.0,0.0,1.0,4.0
2,67,66,1:06,nado,1.0,0.0,0.0,1.0,4.0
2,68,67,1:07,nado,1.0,0.0,0.0,1.0,4.0
2,69,68,1:08,nado,1.0,0.0,0.0,1.0,4.0
2,70,69,1:09,inmovilidad,0.933,0.0,0.933,0.067,4.0
2,71,70,1:10,inmovilidad,1.0,0.0,1.0,0.0,4.0
2,72,71,1:11,inmovilidad,1.0,0.0,1.0,0.0,4.0
2,73,72,1:12,inmovilidad,1.0,0.0,1.0,0.0,4.0
2,74,73,1:13,inmovilidad,1.0,0.0,1.0,0.0,4.0
2,75,74,1:14,nado,0.982,0.001,0.017,0.982,4.0
2,76,75,1:15,nado,0.999,0.001,0.001,0.999,4.0
2,77,76,1:16,nado,1.0,0.0,0.0,1.0,4.0
2,78,77,1:17,nado,1.0,0.0,0.0,1.0,4.0
2,79,78,1:18,nado,1.0,0.0,0.0,1.0,4.0
2,80,79,1:19,nado,1.0,0.0,0.0,1.0,4.0
2,81,80,1:20,nado,1.0,0.0,0.0,1.0,4.0
2,82,81,1:21,nado,1.0,0.0,0.0,1.0,4.0
2,83,82,1:22,nado,0.999,0.001,0.0,0.999,4.0
2,84,83,1:23,nado,0.992,0.003,0.005,0.992,4.0
2,85,84,1:24,nado,0.998,0.001,0.001,0.998,4.0
2,86,85,1:25,nado,0.999,0.001,0.0,0.999,4.0
2,87,86,1:26,escalamiento,0.998,0.998,0.0,0.002,4.0
2,88,87,1:27,nado,1.0,0.0,0.0,1.0,4.0
2,89,88,1:28,nado,1.0,0.0,0.0,1.0,4.0
2,90,89,1:29,nado,1.0,0.0,0.0,1.0,4.0
2,91,90,1:30,nado,1.0,0.0,0.0,1.0,4.0
2,92,91,1:31,nado,1.0,0.0,0.0,1.0,4.0
2,93,92,1:32,nado,1.0,0.0,0.0,1.0,4.0
2,94,93,1:33,nado,1.0,0.0,0.0,1.0,4.0
2,95,94,1:34,nado,1.0,0.0,0.0,1.0,4.0
2,96,95,1:35,nado,1.0,0.0,0.0,1.0,4.0
2,97,96,1:36,nado,1.0,0.0,0.0,1.0,4.0
2,98,97,1:37,nado,0.98,0.0,0.02,0.98,4.0
2,99,98,1:38,nado,1.0,0.0,0.0,1.0,4.0
2,100,99,1:39,inmovilidad,1.0,0.0,1.0,0.0,4.0
2,101,100,1:40,inmovilidad,1.0,0.0,1.0,0.0,4.0
2,102,101,1:41,nado,0.983,0.0,0.017,0.983,4.0
2,103,102,1:42,nado,1.0,0.0,0.0,1.0,4.0
2,104,103,1:43,nado,1.0,0.0,0.0,1.0,4.0
2,105,104,1:44,nado,1.0,0.0,0.0,1.0,4.0
2,106,105,1:45,nado,1.0,0.0,0.0,1.0,4.0
2,107,106,1:46,nado,1.0,0.0,0.0,1.0,4.0
2,108,107,1:47,nado,1.0,0.0,0.0,1.0,4.0
2,109,108,1:48,nado,1.0,0.0,0.0,1.0,4.0
2,110,109,1:49,nado,1.0,0.0,0.0,1.0,4.0
2,111,110,1:50,nado,1.0,0.0,0.0,1.0,4.0
2,112,111,1:51,nado,1.0,0.0,0.0,1.0,4.0
2,113,112,1:52,nado,1.0,0.0,0.0,1.0,4.0
2,114,113,1:53,nado,1.0,0.0,0.0,1.0,4.0
2,115,114,1:54,nado,0.999,0.001,0.001,0.999,4.0
2,116,115,1:55,nado,0.998,0.001,0.001,0.998,4.0
2,117,116,1:56,nado,1.0,0.0,0.0,1.0,4.0
2,118,117,1:57,nado,0.999,0.001,0.001,0.999,4.0
2,119,118,1:58,escalamiento,1.0,1.0,0.0,0.0,4.0
2,120,119,1:59,escalamiento,1.0,1.0,0.0,0.0,4.0
2,121,120,2:00,escalamiento,1.0,1.0,0.0,0.0,4.0
2,122,121,2:01,nado,0.999,0.0,0.0,0.999,4.0
2,123,122,2:02,nado,1.0,0.0,0.0,1.0,4.0
2,124,123,2:03,nado,1.0,0.0,0.0,1.0,4.0
2,125,124,2:04,nado,1.0,0.0,0.0,1.0,4.0
2,126,125,2:05,nado,1.0,0.0,0.0,1.0,4.0
2,127,126,2:06,nado,1.0,0.0,0.0,1.0,4.0
2,128,127,2:07,inmovilidad,1.0,0.0,1.0,0.0,4.0
2,129,128,2:08,inmovilidad,0.978,0.0,0.978,0.021,4.0
2,130,129,2:09,nado,0.897,0.0,0.103,0.897,4.0
2,131,130,2:10,nado,0.914,0.0,0.086,0.914,4.0
2,132,131,2:11,inmovilidad,1.0,0.0,1.0,0.0,4.0
2,133,132,2:12,inmovilidad,1.0,0.0,1.0,0.0,4.0
2,134,133,2:13,inmovilidad,1.0,0.0,1.0,0.0,4.0
2,135,134,2:14,inmovilidad,1.0,0.0,1.0,0.0,4.0
2,136,135,2:15,nado,1.0,0.0,0.0,1.0,4.0
2,137,136,2:16,nado,1.0,0.0,0.0,1.0,4.0
2,138,137,2:17,nado,1.0,0.0,0.0,1.0,4.0
2,139,138,2:18,nado,1.0,0.0,0.0,1.0,4.0
2,140,139,2:19,nado,1.0,0.0,0.0,1.0,4.0
2,141,140,2:20,nado,1.0,0.0,0.0,1.0,4.0
2,142,141,2:21,nado,1.0,0.0,0.0,1.0,4.0
2,143,142,2:22,nado,1.0,0.0,0.0,1.0,4.0
2,144,143,2:23,nado,1.0,0.0,0.0,1.0,4.0
2,145,144,2:24,nado,0.999,0.0,0.001,0.999,4.0
2,146,145,2:25,nado,0.999,0.0,0.0,0.999,4.0
2,147,146,2:26,nado,1.0,0.0,0.0,1.0,4.0
2,148,147,2:27,nado,1.0,0.0,0.0,1.0,4.0
2,149,148,2:28,nado,1.0,0.0,0.0,1.0,4.0
2,150,149,2:29,nado,1.0,0.0,0.0,1.0,4.0
2,151,150,2:30,nado,1.0,0.0,0.0,1.0,4.0
2,152,151,2:31,nado,1.0,0.0,0.0,1.0,4.0
2,153,152,2:32,nado,1.0,0.0,0.0,1.0,4.0
2,154,153,2:33,inmovilidad,1.0,0.0,1.0,0.0,4.0
2,155,154,2:34,inmovilidad,1.0,0.0,1.0,0.0,4.0
2,156,155,2:35,inmovilidad,1.0,0.0,1.0,0.0,4.0
2,157,156,2:36,inmovilidad,1.0,0.0,1.0,0.0,4.0
2,158,157,2:37,inmovilidad,1.0,0.0,1.0,0.0,4.0
2,159,158,2:38,inmovilidad,1.0,0.0,1.0,0.0,4.0
2,160,159,2:39,inmovilidad,0.99,0.0,0.99,0.01,4.0
2,161,160,2:40,nado,0.986,0.0,0.014,0.986,4.0
2,162,161,2:41,inmovilidad,0.999,0.0,0.999,0.001,4.0
2,163,162,2:42,inmovilidad,1.0,0.0,1.0,0.0,4.0
2,164,163,2:43,inmovilidad,1.0,0.0,1.0,0.0,4.0
2,165,164,2:44,inmovilidad,1.0,0.0,1.0,0.0,4.0
2,166,165,2:45,inmovilidad,1.0,0.0,1.0,0.0,4.0
2,167,166,2:46,inmovilidad,1.0,0.0,1.0,0.0,4.0
2,168,167,2:47,inmovilidad,1.0,0.0,1.0,0.0,4.0
2,169,168,2:48,nado,0.999,0.0,0.0,0.999,4.0
2,170,169,2:49,nado,1.0,0.0,0.0,1.0,4.0
2,171,170,2:50,nado,0.998,0.001,0.001,0.998,4.0
2,172,171,2:51,nado,0.983,0.006,0.011,0.983,4.0
2,173,172,2:52,nado,1.0,0.0,0.0,1.0,4.0
2,174,173,2:53,nado,1.0,0.0,0.0,1.0,4.0
2,175,174,2:54,nado,1.0,0.0,0.0,1.0,4.0
2,176,175,2:55,escalamiento,1.0,1.0,0.0,0.0,4.0
2,177,176,2:56,nado,0.999,0.0,0.001,0.999,4.0
2,178,177,2:57,nado,0.999,0.0,0.0,0.999,4.0
2,179,178,2:58,escalamiento,1.0,1.0,0.0,0.0,4.0
2,180,179,2:59,nado,1.0,0.0,0.0,1.0,4.0
2,181,180,3:00,nado,1.0,0.0,0.0,1.0,4.0
2,182,181,3:01,nado,0.996,0.0,0.004,0.996,4.0
2,183,182,3:02,inmovilidad,1.0,0.0,1.0,0.0,4.0
2,184,183,3:03,inmovilidad,1.0,0.0,1.0,0.0,4.0
2,185,184,3:04,inmovilidad,1.0,0.0,1.0,0.0,4.0
2,186,185,3:05,inmovilidad,1.0,0.0,1.0,0.0,4.0
2,187,186,3:06,inmovilidad,1.0,0.0,1.0,0.0,4.0
2,188,187,3:07,inmovilidad,1.0,0.0,1.0,0.0,4.0
2,189,188,3:08,inmovilidad,1.0,0.0,1.0,0.0,4.0
2,190,189,3:09,inmovilidad,1.0,0.0,1.0,0.0,4.0
2,191,190,3:10,inmovilidad,1.0,0.0,1.0,0.0,4.0
2,192,191,3:11,inmovilidad,0.987,0.0,0.987,0.013,4.0
2,193,192,3:12,inmovilidad,0.999,0.0,0.999,0.001,4.0
2,194,193,3:13,inmovilidad,1.0,0.0,1.0,0.0,4.0
2,195,194,3:14,inmovilidad,1.0,0.0,1.0,0.0,4.0
2,196,195,3:15,inmovilidad,1.0,0.0,1.0,0.0,4.0
2,197,196,3:16,inmovilidad,1.0,0.0,1.0,0.0,4.0
2,198,197,3:17,inmovilidad,1.0,0.0,1.0,0.0,4.0
2,199,198,3:18,inmovilidad,1.0,0.0,1.0,0.0,4.0
2,200,199,3:19,inmovilidad,1.0,0.0,1.0,0.0,4.0
2,201,200,3:20,inmovilidad,1.0,0.0,1.0,0.0,4.0
2,202,201,3:21,inmovilidad,1.0,0.0,1.0,0.0,4.0
2,203,202,3:22,inmovilidad,1.0,0.0,1.0,0.0,4.0
2,204,203,3:23,inmovilidad,1.0,0.0,1.0,0.0,4.0
2,205,204,3:24,inmovilidad,1.0,0.0,1.0,0.0,4.0
2,206,205,3:25,inmovilidad,1.0,0.0,1.0,0.0,4.0
2,207,206,3:26,inmovilidad,1.0,0.0,1.0,0.0,4.0
2,208,207,3:27,inmovilidad,1.0,0.0,1.0,0.0,4.0
2,209,208,3:28,inmovilidad,1.0,0.0,1.0,0.0,4.0
2,210,209,3:29,inmovilidad,1.0,0.0,1.0,0.0,4.0
2,211,210,3:30,inmovilidad,1.0,0.0,1.0,0.0,4.0
2,212,211,3:31,inmovilidad,1.0,0.0,1.0,0.0,4.0
2,213,212,3:32,inmovilidad,1.0,0.0,1.0,0.0,4.0
2,214,213,3:33,inmovilidad,1.0,0.0,1.0,0.0,4.0
2,215,214,3:34,inmovilidad,1.0,0.0,1.0,0.0,4.0
2,216,215,3:35,inmovilidad,1.0,0.0,1.0,0.0,4.0
2,217,216,3:36,inmovilidad,1.0,0.0,1.0,0.0,4.0
2,218,217,3:37,inmovilidad,1.0,0.0,1.0,0.0,4.0
2,219,218,3:38,inmovilidad,1.0,0.0,1.0,0.0,4.0
2,220,219,3:39,inmovilidad,0.968,0.0,0.968,0.032,4.0
2,221,220,3:40,nado,1.0,0.0,0.0,1.0,4.0
2,222,221,3:41,nado,1.0,0.0,0.0,1.0,4.0
2,223,222,3:42,nado,1.0,0.0,0.0,1.0,4.0
2,224,223,3:43,nado,1.0,0.0,0.0,1.0,4.0
2,225,224,3:44,nado,1.0,0.0,0.0,1.0,4.0
2,226,225,3:45,nado,1.0,0.0,0.0,1.0,4.0
2,227,226,3:46,nado,1.0,0.0,0.0,1.0,4.0
2,228,227,3:47,nado,0.998,0.001,0.002,0.998,4.0
2,229,228,3:48,nado,0.999,0.0,0.0,0.999,4.0
2,230,229,3:49,nado,1.0,0.0,0.0,1.0,4.0
2,231,230,3:50,nado,1.0,0.0,0.0,1.0,4.0
2,232,231,3:51,nado,1.0,0.0,0.0,1.0,4.0
2,233,232,3:52,nado,1.0,0.0,0.0,1.0,4.0
2,234,233,3:53,nado,1.0,0.0,0.0,1.0,4.0
2,235,234,3:54,inmovilidad,1.0,0.0,1.0,0.0,4.0
2,236,235,3:55,inmovilidad,1.0,0.0,1.0,0.0,4.0
2,237,236,3:56,inmovilidad,1.0,0.0,1.0,0.0,4.0
2,238,237,3:57,inmovilidad,1.0,0.0,1.0,0.0,4.0
2,239,238,3:58,inmovilidad,1.0,0.0,1.0,0.0,4.0
2,240,239,3:59,inmovilidad,1.0,0.0,1.0,0.0,4.0
2,241,240,4:00,inmovilidad,1.0,0.0,1.0,0.0,4.0
2,242,241,4:01,inmovilidad,1.0,0.0,1.0,0.0,4.0
2,243,242,4:02,inmovilidad,1.0,0.0,1.0,0.0,4.0
2,244,243,4:03,inmovilidad,1.0,0.0,1.0,0.0,4.0
2,245,244,4:04,inmovilidad,1.0,0.0,1.0,0.0,4.0
2,246,245,4:05,inmovilidad,1.0,0.0,1.0,0.0,4.0
2,247,246,4:06,inmovilidad,1.0,0.0,1.0,0.0,4.0
2,248,247,4:07,inmovilidad,1.0,0.0,1.0,0.0,4.0
2,249,248,4:08,inmovilidad,1.0,0.0,1.0,0.0,4.0
2,250,249,4:09,inmovilidad,1.0,0.0,1.0,0.0,4.0
2,251,250,4:10,inmovilidad,1.0,0.0,1.0,0.0,4.0
2,252,251,4:11,inmovilidad,1.0,0.0,1.0,0.0,4.0
2,253,252,4:12,inmovilidad,1.0,0.0,1.0,0.0,4.0
2,254,253,4:13,inmovilidad,1.0,0.0,1.0,0.0,4.0
2,255,254,4:14,inmovilidad,1.0,0.0,1.0,0.0,4.0
2,256,255,4:15,inmovilidad,1.0,0.0,1.0,0.0,4.0
2,257,256,4:16,inmovilidad,1.0,0.0,1.0,0.0,4.0
2,258,257,4:17,inmovilidad,1.0,0.0,1.0,0.0,4.0
2,259,258,4:18,inmovilidad,1.0,0.0,1.0,0.0,4.0
2,260,259,4:19,inmovilidad,1.0,0.0,1.0,0.0,4.0
2,261,260,4:20,inmovilidad,1.0,0.0,1.0,0.0,4.0
2,262,261,4:21,inmovilidad,1.0,0.0,1.0,0.0,4.0
2,263,262,4:22,inmovilidad,1.0,0.0,1.0,0.0,4.0
2,264,263,4:23,inmovilidad,1.0,0.0,1.0,0.0,4.0
2,265,264,4:24,inmovilidad,1.0,0.0,1.0,0.0,4.0
2,266,265,4:25,inmovilidad,1.0,0.0,1.0,0.0,4.0
2,267,266,4:26,inmovilidad,1.0,0.0,1.0,0.0,4.0
2,268,267,4:27,inmovilidad,1.0,0.0,1.0,0.0,4.0
2,269,268,4:28,inmovilidad,1.0,0.0,1.0,0.0,4.0
2,270,269,4:29,inmovilidad,1.0,0.0,1.0,0.0,4.0
2,271,270,4:30,nado,0.999,0.0,0.001,0.999,4.0
2,272,271,4:31,nado,1.0,0.0,0.0,1.0,4.0
2,273,272,4:32,nado,1.0,0.0,0.0,1.0,4.0
2,274,273,4:33,inmovilidad,0.999,0.0,0.999,0.001,4.0
2,275,274,4:34,nado,1.0,0.0,0.0,1.0,4.0
2,276,275,4:35,nado,1.0,0.0,0.0,1.0,4.0
2,277,276,4:36,nado,1.0,0.0,0.0,1.0,4.0
2,278,277,4:37,nado,0.997,0.001,0.002,0.997,4.0
2,279,278,4:38,nado,0.992,0.002,0.006,0.992,4.0
2,280,279,4:39,nado,0.984,0.003,0.013,0.984,4.0
2,281,280,4:40,inmovilidad,1.0,0.0,1.0,0.0,4.0
2,282,281,4:41,inmovilidad,1.0,0.0,1.0,0.0,4.0
2,283,282,4:42,inmovilidad,1.0,0.0,1.0,0.0,4.0
2,284,283,4:43,inmovilidad,1.0,0.0,1.0,0.0,4.0
2,285,284,4:44,inmovilidad,1.0,0.0,1.0,0.0,4.0
2,286,285,4:45,inmovilidad,1.0,0.0,1.0,0.0,4.0
2,287,286,4:46,inmovilidad,1.0,0.0,1.0,0.0,4.0
2,288,287,4:47,inmovilidad,1.0,0.0,1.0,0.0,4.0
2,289,288,4:48,nado,1.0,0.0,0.0,1.0,4.0
2,290,289,4:49,nado,1.0,0.0,0.0,1.0,4.0
2,291,290,4:50,nado,1.0,0.0,0.0,1.0,4.0
2,292,291,4:51,nado,1.0,0.0,0.0,1.0,4.0
2,293,292,4:52,nado,1.0,0.0,0.0,1.0,4.0
2,294,293,4:53,nado,1.0,0.0,0.0,1.0,4.0
2,295,294,4:54,nado,1.0,0.0,0.0,1.0,4.0
2,296,295,4:55,nado,0.995,0.0,0.005,0.995,4.0
2,297,296,4:56,nado,1.0,0.0,0.0,1.0,4.0
2,298,297,4:57,inmovilidad,0.934,0.0,0.934,0.066,4.0
2,299,298,4:58,nado,1.0,0.0,0.0,1.0,4.0
2,300,299,4:59,nado,0.999,0.0,0.0,0.999,4.0
2,301,300,5:00,nado,0.998,0.0,0.002,0.998,4.0
2,302,301,5:01,inmovilidad,1.0,0.0,1.0,0.0,4.0
2,303,302,5:02,inmovilidad,1.0,0.0,1.0,0.0,4.0
2,304,303,5:03,inmovilidad,1.0,0.0,1.0,0.0,4.0
2,305,304,5:04,inmovilidad,1.0,0.0,1.0,0.0,4.0
2,306,305,5:05,inmovilidad,1.0,0.0,1.0,0.0,4.0
2,307,306,5:06,inmovilidad,1.0,0.0,1.0,0.0,4.0
2,308,307,5:07,inmovilidad,1.0,0.0,1.0,0.0,4.0
2,309,308,5:08,inmovilidad,1.0,0.0,1.0,0.0,4.0
2,310,309,5:09,inmovilidad,0.995,0.0,0.995,0.005,4.0
2,311,310,5:10,inmovilidad,1.0,0.0,1.0,0.0,4.0
2,312,311,5:11,inmovilidad,1.0,0.0,1.0,0.0,4.0
2,313,312,5:12,inmovilidad,1.0,0.0,1.0,0.0,4.0
2,314,313,5:13,inmovilidad,1.0,0.0,1.0,0.0,4.0
2,315,314,5:14,inmovilidad,1.0,0.0,1.0,0.0,4.0
2,316,315,5:15,inmovilidad,1.0,0.0,1.0,0.0,4.0
2,317,316,5:16,inmovilidad,1.0,0.0,1.0,0.0,4.0
2,318,317,5:17,inmovilidad,1.0,0.0,1.0,0.0,4.0
2,319,318,5:18,inmovilidad,1.0,0.0,1.0,0.0,4.0
2,320,319,5:19,inmovilidad,1.0,0.0,1.0,0.0,4.0
2,321,320,5:20,inmovilidad,1.0,0.0,1.0,0.0,4.0
2,322,321,5:21,inmovilidad,1.0,0.0,1.0,0.0,4.0
2,323,322,5:22,inmovilidad,1.0,0.0,1.0,0.0,4.0
2,324,323,5:23,inmovilidad,1.0,0.0,1.0,0.0,4.0
2,325,324,5:24,inmovilidad,1.0,0.0,1.0,0.0,4.0
2,326,325,5:25,inmovilidad,1.0,0.0,1.0,0.0,4.0
2,327,326,5:26,inmovilidad,1.0,0.0,1.0,0.0,4.0
2,328,327,5:27,inmovilidad,1.0,0.0,1.0,0.0,4.0
2,329,328,5:28,inmovilidad,1.0,0.0,1.0,0.0,4.0
2,330,329,5:29,inmovilidad,1.0,0.0,1.0,0.0,4.0
2,331,330,5:30,inmovilidad,1.0,0.0,1.0,0.0,4.0
2,332,331,5:31,inmovilidad,1.0,0.0,1.0,0.0,4.0
2,333,332,5:32,inmovilidad,1.0,0.0,1.0,0.0,4.0
2,334,333,5:33,inmovilidad,1.0,0.0,1.0,0.0,4.0
2,335,334,5:34,inmovilidad,1.0,0.0,1.0,0.0,4.0
2,336,335,5:35,inmovilidad,0.998,0.0,0.998,0.002,4.0
2,337,336,5:36,nado,0.99,0.0,0.01,0.99,4.0
2,338,337,5:37,nado,1.0,0.0,0.0,1.0,4.0
2,339,338,5:38,nado,0.996,0.001,0.004,0.996,4.0
2,340,339,5:39,inmovilidad,0.997,0.0,0.997,0.003,4.0
2,341,340,5:40,nado,1.0,0.0,0.0,1.0,4.0
2,342,341,5:41,nado,1.0,0.0,0.0,1.0,4.0
2,343,342,5:42,nado,0.999,0.0,0.0,0.999,4.0
2,344,343,5:43,nado,1.0,0.0,0.0,1.0,4.0
2,345,344,5:44,nado,0.998,0.001,0.001,0.998,4.0
2,346,345,5:45,nado,0.915,0.001,0.085,0.915,4.0
2,347,346,5:46,inmovilidad,1.0,0.0,1.0,0.0,4.0
2,348,347,5:47,inmovilidad,1.0,0.0,1.0,0.0,4.0
2,349,348,5:48,inmovilidad,0.769,0.0,0.769,0.231,4.0
2,350,349,5:49,nado,0.977,0.0,0.022,0.977,4.0
2,351,350,5:50,inmovilidad,1.0,0.0,1.0,0.0,4.0
2,352,351,5:51,inmovilidad,1.0,0.0,1.0,0.0,4.0
2,353,352,5:52,inmovilidad,1.0,0.0,1.0,0.0,4.0
2,354,353,5:53,inmovilidad,1.0,0.0,1.0,0.0,4.0
2,355,354,5:54,inmovilidad,1.0,0.0,1.0,0.0,4.0
2,356,355,5:55,inmovilidad,1.0,0.0,1.0,0.0,4.0
2,357,356,5:56,inmovilidad,1.0,0.0,1.0,0.0,4.0
2,358,357,5:57,inmovilidad,1.0,0.0,1.0,0.0,4.0
2,359,358,5:58,inmovilidad,1.0,0.0,1.0,0.0,4.0
2,360,359,5:59,inmovilidad,1.0,0.0,1.0,0.0,4.0
2,361,360,6:00,inmovilidad,1.0,0.0,1.0,0.0,4.0
2,362,361,6:01,inmovilidad,1.0,0.0,1.0,0.0,4.0
2,363,362,6:02,inmovilidad,1.0,0.0,1.0,0.0,4.0
3,1,0,0:00,nado,1.0,0.0,0.0,1.0,4.0
3,2,1,0:01,nado,1.0,0.0,0.0,1.0,4.0
3,3,2,0:02,nado,1.0,0.0,0.0,1.0,4.0
3,4,3,0:03,nado,1.0,0.0,0.0,1.0,4.0
3,5,4,0:04,nado,1.0,0.0,0.0,1.0,4.0
3,6,5,0:05,nado,1.0,0.0,0.0,1.0,4.0
3,7,6,0:06,nado,1.0,0.0,0.0,1.0,4.0
3,8,7,0:07,nado,1.0,0.0,0.0,1.0,4.0
3,9,8,0:08,escalamiento,1.0,1.0,0.0,0.0,4.0
3,10,9,0:09,escalamiento,1.0,1.0,0.0,0.0,4.0
3,11,10,0:10,escalamiento,1.0,1.0,0.0,0.0,4.0
3,12,11,0:11,nado,1.0,0.0,0.0,1.0,4.0
3,13,12,0:12,nado,1.0,0.0,0.0,1.0,4.0
3,14,13,0:13,nado,1.0,0.0,0.0,1.0,4.0
3,15,14,0:14,escalamiento,0.986,0.986,0.0,0.014,4.0
3,16,15,0:15,nado,1.0,0.0,0.0,1.0,4.0
3,17,16,0:16,nado,1.0,0.0,0.0,1.0,4.0
3,18,17,0:17,escalamiento,0.998,0.998,0.0,0.002,4.0
3,19,18,0:18,nado,1.0,0.0,0.0,1.0,4.0
3,20,19,0:19,nado,1.0,0.0,0.0,1.0,4.0
3,21,20,0:20,nado,1.0,0.0,0.0,1.0,4.0
3,22,21,0:21,nado,1.0,0.0,0.0,1.0,4.0
3,23,22,0:22,escalamiento,1.0,1.0,0.0,0.0,4.0
3,24,23,0:23,escalamiento,1.0,1.0,0.0,0.0,4.0
3,25,24,0:24,escalamiento,1.0,1.0,0.0,0.0,4.0
3,26,25,0:25,nado,0.999,0.0,0.0,0.999,4.0
3,27,26,0:26,nado,1.0,0.0,0.0,1.0,4.0
3,28,27,0:27,nado,1.0,0.0,0.0,1.0,4.0
3,29,28,0:28,nado,1.0,0.0,0.0,1.0,4.0
3,30,29,0:29,nado,1.0,0.0,0.0,1.0,4.0
3,31,30,0:30,escalamiento,1.0,1.0,0.0,0.0,4.0
3,32,31,0:31,escalamiento,1.0,1.0,0.0,0.0,4.0
3,33,32,0:32,escalamiento,1.0,1.0,0.0,0.0,4.0
3,34,33,0:33,nado,1.0,0.0,0.0,1.0,4.0
3,35,34,0:34,nado,1.0,0.0,0.0,1.0,4.0
3,36,35,0:35,escalamiento,1.0,1.0,0.0,0.0,4.0
3,37,36,0:36,escalamiento,1.0,1.0,0.0,0.0,4.0
3,38,37,0:37,nado,0.999,0.001,0.0,0.999,4.0
3,39,38,0:38,escalamiento,1.0,1.0,0.0,0.0,4.0
3,40,39,0:39,nado,0.999,0.001,0.0,0.999,4.0
3,41,40,0:40,escalamiento,1.0,1.0,0.0,0.0,4.0
3,42,41,0:41,nado,0.999,0.001,0.0,0.999,4.0
3,43,42,0:42,nado,1.0,0.0,0.0,1.0,4.0
3,44,43,0:43,nado,1.0,0.0,0.0,1.0,4.0
3,45,44,0:44,nado,0.999,0.001,0.0,0.999,4.0
3,46,45,0:45,escalamiento,1.0,1.0,0.0,0.0,4.0
3,47,46,0:46,nado,1.0,0.0,0.0,1.0,4.0
3,48,47,0:47,nado,1.0,0.0,0.0,1.0,4.0
3,49,48,0:48,nado,1.0,0.0,0.0,1.0,4.0
3,50,49,0:49,nado,1.0,0.0,0.0,1.0,4.0
3,51,50,0:50,nado,1.0,0.0,0.0,1.0,4.0
3,52,51,0:51,nado,1.0,0.0,0.0,1.0,4.0
3,53,52,0:52,nado,1.0,0.0,0.0,1.0,4.0
3,54,53,0:53,nado,1.0,0.0,0.0,1.0,4.0
3,55,54,0:54,nado,0.973,0.0,0.027,0.973,4.0
3,56,55,0:55,nado,0.997,0.0,0.003,0.997,4.0
3,57,56,0:56,nado,1.0,0.0,0.0,1.0,4.0
3,58,57,0:57,nado,1.0,0.0,0.0,1.0,4.0
3,59,58,0:58,nado,1.0,0.0,0.0,1.0,4.0
3,60,59,0:59,nado,0.999,0.001,0.0,0.999,4.0
3,61,60,1:00,nado,0.988,0.007,0.005,0.988,4.0
3,62,61,1:01,nado,0.995,0.004,0.001,0.995,4.0
3,63,62,1:02,nado,0.998,0.001,0.001,0.998,4.0
3,64,63,1:03,nado,0.999,0.001,0.0,0.999,4.0
3,65,64,1:04,nado,1.0,0.0,0.0,1.0,4.0
3,66,65,1:05,nado,1.0,0.0,0.0,1.0,4.0
3,67,66,1:06,escalamiento,1.0,1.0,0.0,0.0,4.0
3,68,67,1:07,escalamiento,1.0,1.0,0.0,0.0,4.0
3,69,68,1:08,escalamiento,1.0,1.0,0.0,0.0,4.0
3,70,69,1:09,escalamiento,1.0,1.0,0.0,0.0,4.0
3,71,70,1:10,nado,0.999,0.001,0.0,0.999,4.0
3,72,71,1:11,nado,0.999,0.001,0.001,0.999,4.0
3,73,72,1:12,nado,0.999,0.0,0.001,0.999,4.0
3,74,73,1:13,nado,0.999,0.0,0.001,0.999,4.0
3,75,74,1:14,nado,0.998,0.0,0.002,0.998,4.0
3,76,75,1:15,nado,1.0,0.0,0.0,1.0,4.0
3,77,76,1:16,nado,1.0,0.0,0.0,1.0,4.0
3,78,77,1:17,nado,0.999,0.001,0.0,0.999,4.0
3,79,78,1:18,nado,1.0,0.0,0.0,1.0,4.0
3,80,79,1:19,escalamiento,1.0,1.0,0.0,0.0,4.0
3,81,80,1:20,escalamiento,1.0,1.0,0.0,0.0,4.0
3,82,81,1:21,nado,0.997,0.003,0.0,0.997,4.0
3,83,82,1:22,escalamiento,1.0,1.0,0.0,0.0,4.0
3,84,83,1:23,nado,1.0,0.0,0.0,1.0,4.0
3,85,84,1:24,nado,1.0,0.0,0.0,1.0,4.0
3,86,85,1:25,nado,0.999,0.001,0.0,0.999,4.0
3,87,86,1:26,inmovilidad,0.999,0.0,0.999,0.001,4.0
3,88,87,1:27,inmovilidad,0.987,0.001,0.987,0.012,4.0
3,89,88,1:28,inmovilidad,0.993,0.001,0.993,0.006,4.0
3,90,89,1:29,nado,0.999,0.001,0.0,0.999,4.0
3,91,90,1:30,escalamiento,1.0,1.0,0.0,0.0,4.0
3,92,91,1:31,escalamiento,1.0,1.0,0.0,0.0,4.0
3,93,92,1:32,escalamiento,1.0,1.0,0.0,0.0,4.0
3,94,93,1:33,nado,0.998,0.001,0.001,0.998,4.0
3,95,94,1:34,nado,1.0,0.0,0.0,1.0,4.0
3,96,95,1:35,nado,1.0,0.0,0.0,1.0,4.0
3,97,96,1:36,nado,1.0,0.0,0.0,1.0,4.0
3,98,97,1:37,escalamiento,1.0,1.0,0.0,0.0,4.0
3,99,98,1:38,escalamiento,0.999,0.999,0.0,0.001,4.0
3,100,99,1:39,nado,1.0,0.0,0.0,1.0,4.0
3,101,100,1:40,nado,1.0,0.0,0.0,1.0,4.0
3,102,101,1:41,nado,1.0,0.0,0.0,1.0,4.0
3,103,102,1:42,escalamiento,1.0,1.0,0.0,0.0,4.0
3,104,103,1:43,nado,1.0,0.0,0.0,1.0,4.0
3,105,104,1:44,nado,1.0,0.0,0.0,1.0,4.0
3,106,105,1:45,nado,1.0,0.0,0.0,1.0,4.0
3,107,106,1:46,nado,1.0,0.0,0.0,1.0,4.0
3,108,107,1:47,nado,1.0,0.0,0.0,1.0,4.0
3,109,108,1:48,nado,1.0,0.0,0.0,1.0,4.0
3,110,109,1:49,nado,1.0,0.0,0.0,1.0,4.0
3,111,110,1:50,nado,1.0,0.0,0.0,1.0,4.0
3,112,111,1:51,nado,1.0,0.0,0.0,1.0,4.0
3,113,112,1:52,nado,1.0,0.0,0.0,1.0,4.0
3,114,113,1:53,nado,1.0,0.0,0.0,1.0,4.0
3,115,114,1:54,nado,1.0,0.0,0.0,1.0,4.0
3,116,115,1:55,nado,1.0,0.0,0.0,1.0,4.0
3,117,116,1:56,nado,1.0,0.0,0.0,1.0,4.0
3,118,117,1:57,nado,1.0,0.0,0.0,1.0,4.0
3,119,118,1:58,nado,1.0,0.0,0.0,1.0,4.0
3,120,119,1:59,nado,1.0,0.0,0.0,1.0,4.0
3,121,120,2:00,nado,1.0,0.0,0.0,1.0,4.0
3,122,121,2:01,nado,1.0,0.0,0.0,1.0,4.0
3,123,122,2:02,nado,1.0,0.0,0.0,1.0,4.0
3,124,123,2:03,nado,1.0,0.0,0.0,1.0,4.0
3,125,124,2:04,nado,0.999,0.0,0.0,0.999,4.0
3,126,125,2:05,escalamiento,1.0,1.0,0.0,0.0,4.0
3,127,126,2:06,escalamiento,1.0,1.0,0.0,0.0,4.0
3,128,127,2:07,escalamiento,1.0,1.0,0.0,0.0,4.0
3,129,128,2:08,escalamiento,1.0,1.0,0.0,0.0,4.0
3,130,129,2:09,escalamiento,1.0,1.0,0.0,0.0,4.0
3,131,130,2:10,escalamiento,1.0,1.0,0.0,0.0,4.0
3,132,131,2:11,escalamiento,1.0,1.0,0.0,0.0,4.0
3,133,132,2:12,nado,0.998,0.001,0.001,0.998,4.0
3,134,133,2:13,nado,1.0,0.0,0.0,1.0,4.0
3,135,134,2:14,nado,1.0,0.0,0.0,1.0,4.0
3,136,135,2:15,nado,1.0,0.0,0.0,1.0,4.0
3,137,136,2:16,nado,1.0,0.0,0.0,1.0,4.0
3,138,137,2:17,nado,1.0,0.0,0.0,1.0,4.0
3,139,138,2:18,nado,0.988,0.0,0.012,0.988,4.0
3,140,139,2:19,inmovilidad,1.0,0.0,1.0,0.0,4.0
3,141,140,2:20,inmovilidad,0.994,0.0,0.994,0.005,4.0
3,142,141,2:21,nado,0.972,0.002,0.026,0.972,4.0
3,143,142,2:22,nado,1.0,0.0,0.0,1.0,4.0
3,144,143,2:23,escalamiento,1.0,1.0,0.0,0.0,4.0
3,145,144,2:24,nado,1.0,0.0,0.0,1.0,4.0
3,146,145,2:25,nado,1.0,0.0,0.0,1.0,4.0
3,147,146,2:26,nado,1.0,0.0,0.0,1.0,4.0
3,148,147,2:27,nado,1.0,0.0,0.0,1.0,4.0
3,149,148,2:28,nado,1.0,0.0,0.0,1.0,4.0
3,150,149,2:29,nado,1.0,0.0,0.0,1.0,4.0
3,151,150,2:30,nado,1.0,0.0,0.0,1.0,4.0
3,152,151,2:31,nado,0.998,0.0,0.002,0.998,4.0
3,153,152,2:32,inmovilidad,1.0,0.0,1.0,0.0,4.0
3,154,153,2:33,inmovilidad,1.0,0.0,1.0,0.0,4.0
3,155,154,2:34,nado,0.999,0.0,0.001,0.999,4.0
3,156,155,2:35,nado,0.836,0.0,0.164,0.836,4.0
3,157,156,2:36,inmovilidad,1.0,0.0,1.0,0.0,4.0
3,158,157,2:37,inmovilidad,1.0,0.0,1.0,0.0,4.0
3,159,158,2:38,inmovilidad,1.0,0.0,1.0,0.0,4.0
3,160,159,2:39,inmovilidad,1.0,0.0,1.0,0.0,4.0
3,161,160,2:40,inmovilidad,1.0,0.0,1.0,0.0,4.0
3,162,161,2:41,inmovilidad,1.0,0.0,1.0,0.0,4.0
3,163,162,2:42,inmovilidad,1.0,0.0,1.0,0.0,4.0
3,164,163,2:43,inmovilidad,1.0,0.0,1.0,0.0,4.0
3,165,164,2:44,inmovilidad,1.0,0.0,1.0,0.0,4.0
3,166,165,2:45,inmovilidad,1.0,0.0,1.0,0.0,4.0
3,167,166,2:46,inmovilidad,1.0,0.0,1.0,0.0,4.0
3,168,167,2:47,inmovilidad,1.0,0.0,1.0,0.0,4.0
3,169,168,2:48,inmovilidad,1.0,0.0,1.0,0.0,4.0
3,170,169,2:49,inmovilidad,1.0,0.0,1.0,0.0,4.0
3,171,170,2:50,inmovilidad,1.0,0.0,1.0,0.0,4.0
3,172,171,2:51,inmovilidad,1.0,0.0,1.0,0.0,4.0
3,173,172,2:52,inmovilidad,1.0,0.0,1.0,0.0,4.0
3,174,173,2:53,inmovilidad,1.0,0.0,1.0,0.0,4.0
3,175,174,2:54,inmovilidad,1.0,0.0,1.0,0.0,4.0
3,176,175,2:55,inmovilidad,1.0,0.0,1.0,0.0,4.0
3,177,176,2:56,inmovilidad,1.0,0.0,1.0,0.0,4.0
3,178,177,2:57,inmovilidad,1.0,0.0,1.0,0.0,4.0
3,179,178,2:58,inmovilidad,1.0,0.0,1.0,0.0,4.0
3,180,179,2:59,inmovilidad,1.0,0.0,1.0,0.0,4.0
3,181,180,3:00,inmovilidad,1.0,0.0,1.0,0.0,4.0
3,182,181,3:01,inmovilidad,1.0,0.0,1.0,0.0,4.0
3,183,182,3:02,inmovilidad,1.0,0.0,1.0,0.0,4.0
3,184,183,3:03,inmovilidad,1.0,0.0,1.0,0.0,4.0
3,185,184,3:04,inmovilidad,1.0,0.0,1.0,0.0,4.0
3,186,185,3:05,inmovilidad,1.0,0.0,1.0,0.0,4.0
3,187,186,3:06,inmovilidad,1.0,0.0,1.0,0.0,4.0
3,188,187,3:07,nado,1.0,0.0,0.0,1.0,4.0
3,189,188,3:08,nado,1.0,0.0,0.0,1.0,4.0
3,190,189,3:09,nado,1.0,0.0,0.0,1.0,4.0
3,191,190,3:10,nado,0.995,0.0,0.005,0.995,4.0
3,192,191,3:11,inmovilidad,1.0,0.0,1.0,0.0,4.0
3,193,192,3:12,inmovilidad,0.514,0.0,0.514,0.486,4.0
3,194,193,3:13,inmovilidad,1.0,0.0,1.0,0.0,4.0
3,195,194,3:14,inmovilidad,1.0,0.0,1.0,0.0,4.0
3,196,195,3:15,inmovilidad,1.0,0.0,1.0,0.0,4.0
3,197,196,3:16,inmovilidad,1.0,0.0,1.0,0.0,4.0
3,198,197,3:17,inmovilidad,1.0,0.0,1.0,0.0,4.0
3,199,198,3:18,inmovilidad,1.0,0.0,1.0,0.0,4.0
3,200,199,3:19,inmovilidad,1.0,0.0,1.0,0.0,4.0
3,201,200,3:20,inmovilidad,1.0,0.0,1.0,0.0,4.0
3,202,201,3:21,inmovilidad,1.0,0.0,1.0,0.0,4.0
3,203,202,3:22,inmovilidad,1.0,0.0,1.0,0.0,4.0
3,204,203,3:23,inmovilidad,1.0,0.0,1.0,0.0,4.0
3,205,204,3:24,inmovilidad,1.0,0.0,1.0,0.0,4.0
3,206,205,3:25,inmovilidad,1.0,0.0,1.0,0.0,4.0
3,207,206,3:26,inmovilidad,1.0,0.0,1.0,0.0,4.0
3,208,207,3:27,inmovilidad,0.999,0.0,0.999,0.001,4.0
3,209,208,3:28,nado,0.999,0.0,0.001,0.999,4.0
3,210,209,3:29,inmovilidad,1.0,0.0,1.0,0.0,4.0
3,211,210,3:30,inmovilidad,1.0,0.0,1.0,0.0,4.0
3,212,211,3:31,inmovilidad,1.0,0.0,1.0,0.0,4.0
3,213,212,3:32,inmovilidad,1.0,0.0,1.0,0.0,4.0
3,214,213,3:33,nado,1.0,0.0,0.0,1.0,4.0
3,215,214,3:34,nado,1.0,0.0,0.0,1.0,4.0
3,216,215,3:35,nado,1.0,0.0,0.0,1.0,4.0
3,217,216,3:36,nado,1.0,0.0,0.0,1.0,4.0
3,218,217,3:37,inmovilidad,1.0,0.0,1.0,0.0,4.0
3,219,218,3:38,inmovilidad,1.0,0.0,1.0,0.0,4.0
3,220,219,3:39,inmovilidad,1.0,0.0,1.0,0.0,4.0
3,221,220,3:40,inmovilidad,1.0,0.0,1.0,0.0,4.0
3,222,221,3:41,inmovilidad,1.0,0.0,1.0,0.0,4.0
3,223,222,3:42,inmovilidad,1.0,0.0,1.0,0.0,4.0
3,224,223,3:43,inmovilidad,1.0,0.0,1.0,0.0,4.0
3,225,224,3:44,inmovilidad,1.0,0.0,1.0,0.0,4.0
3,226,225,3:45,inmovilidad,1.0,0.0,1.0,0.0,4.0
3,227,226,3:46,inmovilidad,1.0,0.0,1.0,0.0,4.0
3,228,227,3:47,inmovilidad,1.0,0.0,1.0,0.0,4.0
3,229,228,3:48,inmovilidad,1.0,0.0,1.0,0.0,4.0
3,230,229,3:49,inmovilidad,1.0,0.0,1.0,0.0,4.0
3,231,230,3:50,inmovilidad,1.0,0.0,1.0,0.0,4.0
3,232,231,3:51,inmovilidad,1.0,0.0,1.0,0.0,4.0
3,233,232,3:52,nado,0.999,0.0,0.0,0.999,4.0
3,234,233,3:53,nado,1.0,0.0,0.0,1.0,4.0
3,235,234,3:54,nado,0.999,0.0,0.0,0.999,4.0
3,236,235,3:55,nado,0.985,0.002,0.012,0.985,4.0
3,237,236,3:56,inmovilidad,1.0,0.0,1.0,0.0,4.0
3,238,237,3:57,inmovilidad,1.0,0.0,1.0,0.0,4.0
3,239,238,3:58,inmovilidad,1.0,0.0,1.0,0.0,4.0
3,240,239,3:59,inmovilidad,1.0,0.0,1.0,0.0,4.0
3,241,240,4:00,inmovilidad,1.0,0.0,1.0,0.0,4.0
3,242,241,4:01,inmovilidad,1.0,0.0,1.0,0.0,4.0
3,243,242,4:02,inmovilidad,1.0,0.0,1.0,0.0,4.0
3,244,243,4:03,inmovilidad,1.0,0.0,1.0,0.0,4.0
3,245,244,4:04,inmovilidad,1.0,0.0,1.0,0.0,4.0
3,246,245,4:05,inmovilidad,1.0,0.0,1.0,0.0,4.0
3,247,246,4:06,inmovilidad,1.0,0.0,1.0,0.0,4.0
3,248,247,4:07,inmovilidad,1.0,0.0,1.0,0.0,4.0
3,249,248,4:08,inmovilidad,1.0,0.0,1.0,0.0,4.0
3,250,249,4:09,inmovilidad,1.0,0.0,1.0,0.0,4.0
3,251,250,4:10,inmovilidad,1.0,0.0,1.0,0.0,4.0
3,252,251,4:11,inmovilidad,1.0,0.0,1.0,0.0,4.0
3,253,252,4:12,inmovilidad,1.0,0.0,1.0,0.0,4.0
3,254,253,4:13,inmovilidad,1.0,0.0,1.0,0.0,4.0
3,255,254,4:14,inmovilidad,1.0,0.0,1.0,0.0,4.0
3,256,255,4:15,inmovilidad,1.0,0.0,1.0,0.0,4.0
3,257,256,4:16,inmovilidad,1.0,0.0,1.0,0.0,4.0
3,258,257,4:17,inmovilidad,1.0,0.0,1.0,0.0,4.0
3,259,258,4:18,inmovilidad,1.0,0.0,1.0,0.0,4.0
3,260,259,4:19,inmovilidad,0.998,0.0,0.998,0.002,4.0
3,261,260,4:20,inmovilidad,0.986,0.0,0.986,0.014,4.0
3,262,261,4:21,inmovilidad,1.0,0.0,1.0,0.0,4.0
3,263,262,4:22,inmovilidad,1.0,0.0,1.0,0.0,4.0
3,264,263,4:23,inmovilidad,1.0,0.0,1.0,0.0,4.0
3,265,264,4:24,inmovilidad,1.0,0.0,1.0,0.0,4.0
3,266,265,4:25,inmovilidad,1.0,0.0,1.0,0.0,4.0
3,267,266,4:26,inmovilidad,1.0,0.0,1.0,0.0,4.0
3,268,267,4:27,nado,0.997,0.0,0.003,0.997,4.0
3,269,268,4:28,nado,1.0,0.0,0.0,1.0,4.0
3,270,269,4:29,nado,1.0,0.0,0.0,1.0,4.0
3,271,270,4:30,nado,1.0,0.0,0.0,1.0,4.0
3,272,271,4:31,nado,0.999,0.0,0.001,0.999,4.0
3,273,272,4:32,nado,1.0,0.0,0.0,1.0,4.0
3,274,273,4:33,nado,1.0,0.0,0.0,1.0,4.0
3,275,274,4:34,nado,1.0,0.0,0.0,1.0,4.0
3,276,275,4:35,nado,1.0,0.0,0.0,1.0,4.0
3,277,276,4:36,inmovilidad,1.0,0.0,1.0,0.0,4.0
3,278,277,4:37,inmovilidad,0.998,0.0,0.998,0.002,4.0
3,279,278,4:38,nado,1.0,0.0,0.0,1.0,4.0
3,280,279,4:39,nado,1.0,0.0,0.0,1.0,4.0
3,281,280,4:40,nado,1.0,0.0,0.0,1.0,4.0
3,282,281,4:41,inmovilidad,1.0,0.0,1.0,0.0,4.0
3,283,282,4:42,inmovilidad,1.0,0.0,1.0,0.0,4.0
3,284,283,4:43,inmovilidad,1.0,0.0,1.0,0.0,4.0
3,285,284,4:44,inmovilidad,1.0,0.0,1.0,0.0,4.0
3,286,285,4:45,inmovilidad,1.0,0.0,1.0,0.0,4.0
3,287,286,4:46,inmovilidad,1.0,0.0,1.0,0.0,4.0
3,288,287,4:47,inmovilidad,1.0,0.0,1.0,0.0,4.0
3,289,288,4:48,inmovilidad,1.0,0.0,1.0,0.0,4.0
3,290,289,4:49,inmovilidad,1.0,0.0,1.0,0.0,4.0
3,291,290,4:50,inmovilidad,1.0,0.0,1.0,0.0,4.0
3,292,291,4:51,inmovilidad,1.0,0.0,1.0,0.0,4.0
3,293,292,4:52,inmovilidad,1.0,0.0,1.0,0.0,4.0
3,294,293,4:53,inmovilidad,1.0,0.0,1.0,0.0,4.0
3,295,294,4:54,inmovilidad,1.0,0.0,1.0,0.0,4.0
3,296,295,4:55,inmovilidad,1.0,0.0,1.0,0.0,4.0
3,297,296,4:56,inmovilidad,1.0,0.0,1.0,0.0,4.0
3,298,297,4:57,inmovilidad,1.0,0.0,1.0,0.0,4.0
3,299,298,4:58,inmovilidad,1.0,0.0,1.0,0.0,4.0
3,300,299,4:59,inmovilidad,1.0,0.0,1.0,0.0,4.0
3,301,300,5:00,inmovilidad,1.0,0.0,1.0,0.0,4.0
3,302,301,5:01,inmovilidad,1.0,0.0,1.0,0.0,4.0
3,303,302,5:02,inmovilidad,1.0,0.0,1.0,0.0,4.0
3,304,303,5:03,inmovilidad,1.0,0.0,1.0,0.0,4.0
3,305,304,5:04,inmovilidad,1.0,0.0,1.0,0.0,4.0
3,306,305,5:05,inmovilidad,1.0,0.0,1.0,0.0,4.0
3,307,306,5:06,inmovilidad,1.0,0.0,1.0,0.0,4.0
3,308,307,5:07,inmovilidad,1.0,0.0,1.0,0.0,4.0
3,309,308,5:08,inmovilidad,1.0,0.0,1.0,0.0,4.0
3,310,309,5:09,nado,0.999,0.0,0.001,0.999,4.0
3,311,310,5:10,nado,1.0,0.0,0.0,1.0,4.0
3,312,311,5:11,nado,1.0,0.0,0.0,1.0,4.0
3,313,312,5:12,nado,1.0,0.0,0.0,1.0,4.0
3,314,313,5:13,nado,1.0,0.0,0.0,1.0,4.0
3,315,314,5:14,nado,0.999,0.0,0.0,0.999,4.0
3,316,315,5:15,nado,1.0,0.0,0.0,1.0,4.0
3,317,316,5:16,nado,1.0,0.0,0.0,1.0,4.0
3,318,317,5:17,nado,1.0,0.0,0.0,1.0,4.0
3,319,318,5:18,nado,1.0,0.0,0.0,1.0,4.0
3,320,319,5:19,nado,1.0,0.0,0.0,1.0,4.0
3,321,320,5:20,nado,1.0,0.0,0.0,1.0,4.0
3,322,321,5:21,nado,1.0,0.0,0.0,1.0,4.0
3,323,322,5:22,inmovilidad,1.0,0.0,1.0,0.0,4.0
3,324,323,5:23,inmovilidad,1.0,0.0,1.0,0.0,4.0
3,325,324,5:24,inmovilidad,1.0,0.0,1.0,0.0,4.0
3,326,325,5:25,inmovilidad,1.0,0.0,1.0,0.0,4.0
3,327,326,5:26,inmovilidad,1.0,0.0,1.0,0.0,4.0
3,328,327,5:27,inmovilidad,1.0,0.0,1.0,0.0,4.0
3,329,328,5:28,inmovilidad,1.0,0.0,1.0,0.0,4.0
3,330,329,5:29,inmovilidad,1.0,0.0,1.0,0.0,4.0
3,331,330,5:30,inmovilidad,1.0,0.0,1.0,0.0,4.0
3,332,331,5:31,inmovilidad,1.0,0.0,1.0,0.0,4.0
3,333,332,5:32,inmovilidad,1.0,0.0,1.0,0.0,4.0
3,334,333,5:33,inmovilidad,1.0,0.0,1.0,0.0,4.0
3,335,334,5:34,inmovilidad,1.0,0.0,1.0,0.0,4.0
3,336,335,5:35,inmovilidad,1.0,0.0,1.0,0.0,4.0
3,337,336,5:36,inmovilidad,1.0,0.0,1.0,0.0,4.0
3,338,337,5:37,inmovilidad,1.0,0.0,1.0,0.0,4.0
3,339,338,5:38,inmovilidad,1.0,0.0,1.0,0.0,4.0
3,340,339,5:39,nado,0.869,0.0,0.131,0.869,4.0
3,341,340,5:40,nado,1.0,0.0,0.0,1.0,4.0
3,342,341,5:41,nado,1.0,0.0,0.0,1.0,4.0
3,343,342,5:42,inmovilidad,1.0,0.0,1.0,0.0,4.0
3,344,343,5:43,inmovilidad,1.0,0.0,1.0,0.0,4.0
3,345,344,5:44,inmovilidad,1.0,0.0,1.0,0.0,4.0
3,346,345,5:45,inmovilidad,1.0,0.0,1.0,0.0,4.0
3,347,346,5:46,inmovilidad,1.0,0.0,1.0,0.0,4.0
3,348,347,5:47,inmovilidad,1.0,0.0,1.0,0.0,4.0
3,349,348,5:48,inmovilidad,1.0,0.0,1.0,0.0,4.0
3,350,349,5:49,inmovilidad,1.0,0.0,1.0,0.0,4.0
3,351,350,5:50,inmovilidad,1.0,0.0,1.0,0.0,4.0
3,352,351,5:51,inmovilidad,1.0,0.0,1.0,0.0,4.0
3,353,352,5:52,inmovilidad,1.0,0.0,1.0,0.0,4.0
3,354,353,5:53,inmovilidad,1.0,0.0,1.0,0.0,4.0
3,355,354,5:54,nado,1.0,0.0,0.0,1.0,4.0
3,356,355,5:55,nado,1.0,0.0,0.0,1.0,4.0
3,357,356,5:56,nado,1.0,0.0,0.0,1.0,4.0
3,358,357,5:57,nado,1.0,0.0,0.0,1.0,4.0
3,359,358,5:58,nado,0.997,0.0,0.003,0.997,4.0
3,360,359,5:59,nado,0.954,0.0,0.046,0.954,4.0
3,361,360,6:00,inmovilidad,1.0,0.0,1.0,0.0,4.0
3,362,361,6:01,inmovilidad,1.0,0.0,1.0,0.0,4.0
3,363,362,6:02,inmovilidad,1.0,0.0,1.0,0.0,4.0
4,1,0,0:00,escalamiento,0.997,0.997,0.0,0.003,4.0
4,2,1,0:01,nado,1.0,0.0,0.0,1.0,4.0
4,3,2,0:02,escalamiento,1.0,1.0,0.0,0.0,4.0
4,4,3,0:03,escalamiento,1.0,1.0,0.0,0.0,4.0
4,5,4,0:04,escalamiento,1.0,1.0,0.0,0.0,4.0
4,6,5,0:05,escalamiento,1.0,1.0,0.0,0.0,4.0
4,7,6,0:06,nado,1.0,0.0,0.0,1.0,4.0
4,8,7,0:07,nado,1.0,0.0,0.0,1.0,4.0
4,9,8,0:08,nado,1.0,0.0,0.0,1.0,4.0
4,10,9,0:09,nado,1.0,0.0,0.0,1.0,4.0
4,11,10,0:10,escalamiento,1.0,1.0,0.0,0.0,4.0
4,12,11,0:11,escalamiento,1.0,1.0,0.0,0.0,4.0
4,13,12,0:12,escalamiento,1.0,1.0,0.0,0.0,4.0
4,14,13,0:13,escalamiento,1.0,1.0,0.0,0.0,4.0
4,15,14,0:14,escalamiento,0.999,0.999,0.0,0.001,4.0
4,16,15,0:15,escalamiento,1.0,1.0,0.0,0.0,4.0
4,17,16,0:16,escalamiento,0.994,0.994,0.0,0.006,4.0
4,18,17,0:17,escalamiento,1.0,1.0,0.0,0.0,4.0
4,19,18,0:18,escalamiento,1.0,1.0,0.0,0.0,4.0
4,20,19,0:19,escalamiento,1.0,1.0,0.0,0.0,4.0
4,21,20,0:20,escalamiento,1.0,1.0,0.0,0.0,4.0
4,22,21,0:21,escalamiento,1.0,1.0,0.0,0.0,4.0
4,23,22,0:22,escalamiento,1.0,1.0,0.0,0.0,4.0
4,24,23,0:23,escalamiento,1.0,1.0,0.0,0.0,4.0
4,25,24,0:24,escalamiento,1.0,1.0,0.0,0.0,4.0
4,26,25,0:25,escalamiento,1.0,1.0,0.0,0.0,4.0
4,27,26,0:26,escalamiento,1.0,1.0,0.0,0.0,4.0
4,28,27,0:27,escalamiento,1.0,1.0,0.0,0.0,4.0
4,29,28,0:28,nado,1.0,0.0,0.0,1.0,4.0
4,30,29,0:29,nado,1.0,0.0,0.0,1.0,4.0
4,31,30,0:30,nado,1.0,0.0,0.0,1.0,4.0
4,32,31,0:31,escalamiento,1.0,1.0,0.0,0.0,4.0
4,33,32,0:32,escalamiento,1.0,1.0,0.0,0.0,4.0
4,34,33,0:33,escalamiento,1.0,1.0,0.0,0.0,4.0
4,35,34,0:34,escalamiento,1.0,1.0,0.0,0.0,4.0
4,36,35,0:35,escalamiento,1.0,1.0,0.0,0.0,4.0
4,37,36,0:36,escalamiento,1.0,1.0,0.0,0.0,4.0
4,38,37,0:37,escalamiento,1.0,1.0,0.0,0.0,4.0
4,39,38,0:38,escalamiento,1.0,1.0,0.0,0.0,4.0
4,40,39,0:39,escalamiento,1.0,1.0,0.0,0.0,4.0
4,41,40,0:40,escalamiento,1.0,1.0,0.0,0.0,4.0
4,42,41,0:41,escalamiento,1.0,1.0,0.0,0.0,4.0
4,43,42,0:42,escalamiento,1.0,1.0,0.0,0.0,4.0
4,44,43,0:43,escalamiento,1.0,1.0,0.0,0.0,4.0
4,45,44,0:44,escalamiento,1.0,1.0,0.0,0.0,4.0
4,46,45,0:45,escalamiento,1.0,1.0,0.0,0.0,4.0
4,47,46,0:46,escalamiento,1.0,1.0,0.0,0.0,4.0
4,48,47,0:47,escalamiento,1.0,1.0,0.0,0.0,4.0
4,49,48,0:48,escalamiento,1.0,1.0,0.0,0.0,4.0
4,50,49,0:49,escalamiento,1.0,1.0,0.0,0.0,4.0
4,51,50,0:50,escalamiento,1.0,1.0,0.0,0.0,4.0
4,52,51,0:51,nado,1.0,0.0,0.0,1.0,4.0
4,53,52,0:52,nado,1.0,0.0,0.0,1.0,4.0
4,54,53,0:53,nado,1.0,0.0,0.0,1.0,4.0
4,55,54,0:54,nado,0.998,0.0,0.002,0.998,4.0
4,56,55,0:55,nado,1.0,0.0,0.0,1.0,4.0
4,57,56,0:56,escalamiento,1.0,1.0,0.0,0.0,4.0
4,58,57,0:57,escalamiento,1.0,1.0,0.0,0.0,4.0
4,59,58,0:58,escalamiento,1.0,1.0,0.0,0.0,4.0
4,60,59,0:59,nado,0.999,0.001,0.001,0.999,4.0
4,61,60,1:00,nado,1.0,0.0,0.0,1.0,4.0
4,62,61,1:01,nado,1.0,0.0,0.0,1.0,4.0
4,63,62,1:02,nado,1.0,0.0,0.0,1.0,4.0
4,64,63,1:03,nado,1.0,0.0,0.0,1.0,4.0
4,65,64,1:04,nado,1.0,0.0,0.0,1.0,4.0
4,66,65,1:05,nado,1.0,0.0,0.0,1.0,4.0
4,67,66,1:06,nado,1.0,0.0,0.0,1.0,4.0
4,68,67,1:07,nado,1.0,0.0,0.0,1.0,4.0
4,69,68,1:08,nado,1.0,0.0,0.0,1.0,4.0
4,70,69,1:09,nado,1.0,0.0,0.0,1.0,4.0
4,71,70,1:10,nado,1.0,0.0,0.0,1.0,4.0
4,72,71,1:11,nado,1.0,0.0,0.0,1.0,4.0
4,73,72,1:12,nado,1.0,0.0,0.0,1.0,4.0
4,74,73,1:13,nado,1.0,0.0,0.0,1.0,4.0
4,75,74,1:14,nado,1.0,0.0,0.0,1.0,4.0
4,76,75,1:15,nado,1.0,0.0,0.0,1.0,4.0
4,77,76,1:16,nado,1.0,0.0,0.0,1.0,4.0
4,78,77,1:17,nado,1.0,0.0,0.0,1.0,4.0
4,79,78,1:18,escalamiento,0.997,0.997,0.0,0.003,4.0
4,80,79,1:19,nado,1.0,0.0,0.0,1.0,4.0
4,81,80,1:20,nado,1.0,0.0,0.0,1.0,4.0
4,82,81,1:21,nado,1.0,0.0,0.0,1.0,4.0
4,83,82,1:22,nado,1.0,0.0,0.0,1.0,4.0
4,84,83,1:23,nado,1.0,0.0,0.0,1.0,4.0
4,85,84,1:24,nado,1.0,0.0,0.0,1.0,4.0
4,86,85,1:25,nado,1.0,0.0,0.0,1.0,4.0
4,87,86,1:26,nado,1.0,0.0,0.0,1.0,4.0
4,88,87,1:27,escalamiento,1.0,1.0,0.0,0.0,4.0
4,89,88,1:28,escalamiento,1.0,1.0,0.0,0.0,4.0
4,90,89,1:29,nado,1.0,0.0,0.0,1.0,4.0
4,91,90,1:30,nado,1.0,0.0,0.0,1.0,4.0
4,92,91,1:31,nado,1.0,0.0,0.0,1.0,4.0
4,93,92,1:32,nado,1.0,0.0,0.0,1.0,4.0
4,94,93,1:33,nado,1.0,0.0,0.0,1.0,4.0
4,95,94,1:34,nado,0.999,0.0,0.0,0.999,4.0
4,96,95,1:35,nado,1.0,0.0,0.0,1.0,4.0
4,97,96,1:36,nado,0.999,0.001,0.001,0.999,4.0
4,98,97,1:37,escalamiento,1.0,1.0,0.0,0.0,4.0
4,99,98,1:38,escalamiento,0.987,0.987,0.0,0.012,4.0
4,100,99,1:39,escalamiento,1.0,1.0,0.0,0.0,4.0
4,101,100,1:40,escalamiento,1.0,1.0,0.0,0.0,4.0
4,102,101,1:41,escalamiento,0.999,0.999,0.0,0.001,4.0
4,103,102,1:42,nado,1.0,0.0,0.0,1.0,4.0
4,104,103,1:43,nado,1.0,0.0,0.0,1.0,4.0
4,105,104,1:44,nado,1.0,0.0,0.0,1.0,4.0
4,106,105,1:45,nado,1.0,0.0,0.0,1.0,4.0
4,107,106,1:46,nado,0.999,0.001,0.001,0.999,4.0
4,108,107,1:47,nado,1.0,0.0,0.0,1.0,4.0
4,109,108,1:48,nado,0.999,0.0,0.0,0.999,4.0
4,110,109,1:49,nado,1.0,0.0,0.0,1.0,4.0
4,111,110,1:50,nado,0.999,0.001,0.001,0.999,4.0
4,112,111,1:51,nado,0.999,0.0,0.001,0.999,4.0
4,113,112,1:52,inmovilidad,0.999,0.0,0.999,0.0,4.0
4,114,113,1:53,nado,1.0,0.0,0.0,1.0,4.0
4,115,114,1:54,nado,1.0,0.0,0.0,1.0,4.0
4,116,115,1:55,nado,1.0,0.0,0.0,1.0,4.0
4,117,116,1:56,nado,1.0,0.0,0.0,1.0,4.0
4,118,117,1:57,nado,1.0,0.0,0.0,1.0,4.0
4,119,118,1:58,nado,1.0,0.0,0.0,1.0,4.0
4,120,119,1:59,nado,1.0,0.0,0.0,1.0,4.0
4,121,120,2:00,nado,1.0,0.0,0.0,1.0,4.0
4,122,121,2:01,escalamiento,1.0,1.0,0.0,0.0,4.0
4,123,122,2:02,escalamiento,1.0,1.0,0.0,0.0,4.0
4,124,123,2:03,nado,1.0,0.0,0.0,1.0,4.0
4,125,124,2:04,nado,1.0,0.0,0.0,1.0,4.0
4,126,125,2:05,nado,1.0,0.0,0.0,1.0,4.0
4,127,126,2:06,nado,1.0,0.0,0.0,1.0,4.0
4,128,127,2:07,escalamiento,1.0,1.0,0.0,0.0,4.0
4,129,128,2:08,nado,0.999,0.0,0.0,0.999,4.0
4,130,129,2:09,nado,0.999,0.0,0.001,0.999,4.0
4,131,130,2:10,nado,1.0,0.0,0.0,1.0,4.0
4,132,131,2:11,nado,1.0,0.0,0.0,1.0,4.0
4,133,132,2:12,nado,1.0,0.0,0.0,1.0,4.0
4,134,133,2:13,nado,1.0,0.0,0.0,1.0,4.0
4,135,134,2:14,nado,1.0,0.0,0.0,1.0,4.0
4,136,135,2:15,nado,1.0,0.0,0.0,1.0,4.0
4,137,136,2:16,nado,1.0,0.0,0.0,1.0,4.0
4,138,137,2:17,nado,0.999,0.0,0.0,0.999,4.0
4,139,138,2:18,nado,0.999,0.0,0.0,0.999,4.0
4,140,139,2:19,nado,1.0,0.0,0.0,1.0,4.0
4,141,140,2:20,nado,0.999,0.0,0.0,0.999,4.0
4,142,141,2:21,nado,1.0,0.0,0.0,1.0,4.0
4,143,142,2:22,nado,0.993,0.0,0.007,0.993,4.0
4,144,143,2:23,nado,0.997,0.0,0.002,0.997,4.0
4,145,144,2:24,nado,0.871,0.002,0.127,0.871,4.0
4,146,145,2:25,nado,1.0,0.0,0.0,1.0,4.0
4,147,146,2:26,nado,1.0,0.0,0.0,1.0,4.0
4,148,147,2:27,nado,1.0,0.0,0.0,1.0,4.0
4,149,148,2:28,nado,1.0,0.0,0.0,1.0,4.0
4,150,149,2:29,nado,1.0,0.0,0.0,1.0,4.0
4,151,150,2:30,nado,1.0,0.0,0.0,1.0,4.0
4,152,151,2:31,nado,1.0,0.0,0.0,1.0,4.0
4,153,152,2:32,nado,1.0,0.0,0.0,1.0,4.0
4,154,153,2:33,nado,1.0,0.0,0.0,1.0,4.0
4,155,154,2:34,nado,1.0,0.0,0.0,1.0,4.0
4,156,155,2:35,nado,1.0,0.0,0.0,1.0,4.0
4,157,156,2:36,nado,1.0,0.0,0.0,1.0,4.0
4,158,157,2:37,nado,1.0,0.0,0.0,1.0,4.0
4,159,158,2:38,nado,1.0,0.0,0.0,1.0,4.0
4,160,159,2:39,nado,1.0,0.0,0.0,1.0,4.0
4,161,160,2:40,nado,1.0,0.0,0.0,1.0,4.0
4,162,161,2:41,nado,1.0,0.0,0.0,1.0,4.0
4,163,162,2:42,nado,1.0,0.0,0.0,1.0,4.0
4,164,163,2:43,nado,1.0,0.0,0.0,1.0,4.0
4,165,164,2:44,nado,1.0,0.0,0.0,1.0,4.0
4,166,165,2:45,nado,0.999,0.0,0.0,0.999,4.0
4,167,166,2:46,nado,1.0,0.0,0.0,1.0,4.0
4,168,167,2:47,nado,1.0,0.0,0.0,1.0,4.0
4,169,168,2:48,nado,1.0,0.0,0.0,1.0,4.0
4,170,169,2:49,nado,1.0,0.0,0.0,1.0,4.0
4,171,170,2:50,nado,1.0,0.0,0.0,1.0,4.0
4,172,171,2:51,nado,1.0,0.0,0.0,1.0,4.0
4,173,172,2:52,nado,1.0,0.0,0.0,1.0,4.0
4,174,173,2:53,nado,1.0,0.0,0.0,1.0,4.0
4,175,174,2:54,nado,1.0,0.0,0.0,1.0,4.0
4,176,175,2:55,nado,1.0,0.0,0.0,1.0,4.0
4,177,176,2:56,nado,1.0,0.0,0.0,1.0,4.0
4,178,177,2:57,nado,1.0,0.0,0.0,1.0,4.0
4,179,178,2:58,nado,1.0,0.0,0.0,1.0,4.0
4,180,179,2:59,nado,1.0,0.0,0.0,1.0,4.0
4,181,180,3:00,nado,1.0,0.0,0.0,1.0,4.0
4,182,181,3:01,nado,1.0,0.0,0.0,1.0,4.0
4,183,182,3:02,nado,1.0,0.0,0.0,1.0,4.0
4,184,183,3:03,nado,1.0,0.0,0.0,1.0,4.0
4,185,184,3:04,nado,1.0,0.0,0.0,1.0,4.0
4,186,185,3:05,nado,1.0,0.0,0.0,1.0,4.0
4,187,186,3:06,nado,1.0,0.0,0.0,1.0,4.0
4,188,187,3:07,nado,1.0,0.0,0.0,1.0,4.0
4,189,188,3:08,nado,1.0,0.0,0.0,1.0,4.0
4,190,189,3:09,nado,1.0,0.0,0.0,1.0,4.0
4,191,190,3:10,nado,1.0,0.0,0.0,1.0,4.0
4,192,191,3:11,nado,1.0,0.0,0.0,1.0,4.0
4,193,192,3:12,nado,1.0,0.0,0.0,1.0,4.0
4,194,193,3:13,nado,1.0,0.0,0.0,1.0,4.0
4,195,194,3:14,nado,1.0,0.0,0.0,1.0,4.0
4,196,195,3:15,nado,1.0,0.0,0.0,1.0,4.0
4,197,196,3:16,nado,1.0,0.0,0.0,1.0,4.0
4,198,197,3:17,nado,1.0,0.0,0.0,1.0,4.0
4,199,198,3:18,nado,1.0,0.0,0.0,1.0,4.0
4,200,199,3:19,nado,1.0,0.0,0.0,1.0,4.0
4,201,200,3:20,nado,1.0,0.0,0.0,1.0,4.0
4,202,201,3:21,nado,1.0,0.0,0.0,1.0,4.0
4,203,202,3:22,nado,1.0,0.0,0.0,1.0,4.0
4,204,203,3:23,nado,1.0,0.0,0.0,1.0,4.0
4,205,204,3:24,nado,1.0,0.0,0.0,1.0,4.0
4,206,205,3:25,nado,1.0,0.0,0.0,1.0,4.0
4,207,206,3:26,nado,1.0,0.0,0.0,1.0,4.0
4,208,207,3:27,nado,1.0,0.0,0.0,1.0,4.0
4,209,208,3:28,nado,1.0,0.0,0.0,1.0,4.0
4,210,209,3:29,nado,1.0,0.0,0.0,1.0,4.0
4,211,210,3:30,nado,1.0,0.0,0.0,1.0,4.0
4,212,211,3:31,nado,1.0,0.0,0.0,1.0,4.0
4,213,212,3:32,nado,1.0,0.0,0.0,1.0,4.0
4,214,213,3:33,nado,1.0,0.0,0.0,1.0,4.0
4,215,214,3:34,nado,1.0,0.0,0.0,1.0,4.0
4,216,215,3:35,nado,1.0,0.0,0.0,1.0,4.0
4,217,216,3:36,nado,1.0,0.0,0.0,1.0,4.0
4,218,217,3:37,nado,1.0,0.0,0.0,1.0,4.0
4,219,218,3:38,nado,1.0,0.0,0.0,1.0,4.0
4,220,219,3:39,inmovilidad,0.995,0.0,0.995,0.005,4.0
4,221,220,3:40,inmovilidad,0.999,0.0,0.999,0.001,4.0
4,222,221,3:41,inmovilidad,1.0,0.0,1.0,0.0,4.0
4,223,222,3:42,nado,1.0,0.0,0.0,1.0,4.0
4,224,223,3:43,nado,1.0,0.0,0.0,1.0,4.0
4,225,224,3:44,nado,1.0,0.0,0.0,1.0,4.0
4,226,225,3:45,nado,1.0,0.0,0.0,1.0,4.0
4,227,226,3:46,nado,1.0,0.0,0.0,1.0,4.0
4,228,227,3:47,nado,1.0,0.0,0.0,1.0,4.0
4,229,228,3:48,nado,1.0,0.0,0.0,1.0,4.0
4,230,229,3:49,nado,1.0,0.0,0.0,1.0,4.0
4,231,230,3:50,nado,0.96,0.0,0.04,0.96,4.0
4,232,231,3:51,inmovilidad,1.0,0.0,1.0,0.0,4.0
4,233,232,3:52,nado,1.0,0.0,0.0,1.0,4.0
4,234,233,3:53,nado,1.0,0.0,0.0,1.0,4.0
4,235,234,3:54,nado,1.0,0.0,0.0,1.0,4.0
4,236,235,3:55,nado,1.0,0.0,0.0,1.0,4.0
4,237,236,3:56,nado,1.0,0.0,0.0,1.0,4.0
4,238,237,3:57,nado,1.0,0.0,0.0,1.0,4.0
4,239,238,3:58,inmovilidad,0.903,0.0,0.903,0.097,4.0
4,240,239,3:59,inmovilidad,1.0,0.0,1.0,0.0,4.0
4,241,240,4:00,nado,1.0,0.0,0.0,1.0,4.0
4,242,241,4:01,nado,1.0,0.0,0.0,1.0,4.0
4,243,242,4:02,nado,1.0,0.0,0.0,1.0,4.0
4,244,243,4:03,nado,1.0,0.0,0.0,1.0,4.0
4,245,244,4:04,inmovilidad,1.0,0.0,1.0,0.0,4.0
4,246,245,4:05,inmovilidad,1.0,0.0,1.0,0.0,4.0
4,247,246,4:06,inmovilidad,1.0,0.0,1.0,0.0,4.0
4,248,247,4:07,nado,1.0,0.0,0.0,1.0,4.0
4,249,248,4:08,nado,1.0,0.0,0.0,1.0,4.0
4,250,249,4:09,nado,1.0,0.0,0.0,1.0,4.0
4,251,250,4:10,nado,1.0,0.0,0.0,1.0,4.0
4,252,251,4:11,nado,1.0,0.0,0.0,1.0,4.0
4,253,252,4:12,nado,1.0,0.0,0.0,1.0,4.0
4,254,253,4:13,nado,1.0,0.0,0.0,1.0,4.0
4,255,254,4:14,nado,1.0,0.0,0.0,1.0,4.0
4,256,255,4:15,nado,0.657,0.0,0.343,0.657,4.0
4,257,256,4:16,inmovilidad,1.0,0.0,1.0,0.0,4.0
4,258,257,4:17,inmovilidad,1.0,0.0,1.0,0.0,4.0
4,259,258,4:18,inmovilidad,1.0,0.0,1.0,0.0,4.0
4,260,259,4:19,inmovilidad,1.0,0.0,1.0,0.0,4.0
4,261,260,4:20,inmovilidad,1.0,0.0,1.0,0.0,4.0
4,262,261,4:21,nado,1.0,0.0,0.0,1.0,4.0
4,263,262,4:22,nado,1.0,0.0,0.0,1.0,4.0
4,264,263,4:23,nado,1.0,0.0,0.0,1.0,4.0
4,265,264,4:24,inmovilidad,1.0,0.0,1.0,0.0,4.0
4,266,265,4:25,inmovilidad,1.0,0.0,1.0,0.0,4.0
4,267,266,4:26,inmovilidad,1.0,0.0,1.0,0.0,4.0
4,268,267,4:27,inmovilidad,1.0,0.0,1.0,0.0,4.0
4,269,268,4:28,nado,0.57,0.0,0.43,0.57,4.0
4,270,269,4:29,nado,1.0,0.0,0.0,1.0,4.0
4,271,270,4:30,nado,1.0,0.0,0.0,1.0,4.0
4,272,271,4:31,nado,1.0,0.0,0.0,1.0,4.0
4,273,272,4:32,nado,1.0,0.0,0.0,1.0,4.0
4,274,273,4:33,nado,1.0,0.0,0.0,1.0,4.0
4,275,274,4:34,nado,1.0,0.0,0.0,1.0,4.0
4,276,275,4:35,nado,1.0,0.0,0.0,1.0,4.0
4,277,276,4:36,nado,1.0,0.0,0.0,1.0,4.0
4,278,277,4:37,nado,1.0,0.0,0.0,1.0,4.0
4,279,278,4:38,nado,1.0,0.0,0.0,1.0,4.0
4,280,279,4:39,nado,1.0,0.0,0.0,1.0,4.0
4,281,280,4:40,nado,1.0,0.0,0.0,1.0,4.0
4,282,281,4:41,escalamiento,0.873,0.873,0.0,0.126,4.0
4,283,282,4:42,nado,1.0,0.0,0.0,1.0,4.0
4,284,283,4:43,nado,1.0,0.0,0.0,1.0,4.0
4,285,284,4:44,nado,1.0,0.0,0.0,1.0,4.0
4,286,285,4:45,nado,1.0,0.0,0.0,1.0,4.0
4,287,286,4:46,nado,1.0,0.0,0.0,1.0,4.0
4,288,287,4:47,nado,1.0,0.0,0.0,1.0,4.0
4,289,288,4:48,nado,1.0,0.0,0.0,1.0,4.0
4,290,289,4:49,nado,1.0,0.0,0.0,1.0,4.0
4,291,290,4:50,nado,1.0,0.0,0.0,1.0,4.0
4,292,291,4:51,nado,1.0,0.0,0.0,1.0,4.0
4,293,292,4:52,nado,1.0,0.0,0.0,1.0,4.0
4,294,293,4:53,nado,1.0,0.0,0.0,1.0,4.0
4,295,294,4:54,nado,1.0,0.0,0.0,1.0,4.0
4,296,295,4:55,nado,1.0,0.0,0.0,1.0,4.0
4,297,296,4:56,nado,1.0,0.0,0.0,1.0,4.0
4,298,297,4:57,nado,1.0,0.0,0.0,1.0,4.0
4,299,298,4:58,nado,1.0,0.0,0.0,1.0,4.0
4,300,299,4:59,nado,1.0,0.0,0.0,1.0,4.0
4,301,300,5:00,nado,0.999,0.0,0.001,0.999,4.0
4,302,301,5:01,inmovilidad,0.988,0.0,0.988,0.012,4.0
4,303,302,5:02,inmovilidad,0.999,0.0,0.999,0.001,4.0
4,304,303,5:03,inmovilidad,1.0,0.0,1.0,0.0,4.0
4,305,304,5:04,nado,0.939,0.0,0.061,0.939,4.0
4,306,305,5:05,nado,1.0,0.0,0.0,1.0,4.0
4,307,306,5:06,nado,1.0,0.0,0.0,1.0,4.0
4,308,307,5:07,nado,1.0,0.0,0.0,1.0,4.0
4,309,308,5:08,nado,0.996,0.0,0.004,0.996,4.0
4,310,309,5:09,inmovilidad,1.0,0.0,1.0,0.0,4.0
4,311,310,5:10,inmovilidad,1.0,0.0,1.0,0.0,4.0
4,312,311,5:11,inmovilidad,1.0,0.0,1.0,0.0,4.0
4,313,312,5:12,nado,1.0,0.0,0.0,1.0,4.0
4,314,313,5:13,nado,1.0,0.0,0.0,1.0,4.0
4,315,314,5:14,nado,1.0,0.0,0.0,1.0,4.0
4,316,315,5:15,nado,1.0,0.0,0.0,1.0,4.0
4,317,316,5:16,inmovilidad,1.0,0.0,1.0,0.0,4.0
4,318,317,5:17,inmovilidad,1.0,0.0,1.0,0.0,4.0
4,319,318,5:18,inmovilidad,1.0,0.0,1.0,0.0,4.0
4,320,319,5:19,inmovilidad,0.993,0.0,0.993,0.007,4.0
4,321,320,5:20,nado,1.0,0.0,0.0,1.0,4.0
4,322,321,5:21,nado,1.0,0.0,0.0,1.0,4.0
4,323,322,5:22,nado,1.0,0.0,0.0,1.0,4.0
4,324,323,5:23,nado,1.0,0.0,0.0,1.0,4.0
4,325,324,5:24,inmovilidad,1.0,0.0,1.0,0.0,4.0
4,326,325,5:25,inmovilidad,1.0,0.0,1.0,0.0,4.0
4,327,326,5:26,inmovilidad,0.998,0.0,0.998,0.002,4.0
4,328,327,5:27,inmovilidad,0.997,0.0,0.997,0.003,4.0
4,329,328,5:28,nado,0.828,0.0,0.171,0.828,4.0
4,330,329,5:29,nado,0.922,0.0,0.078,0.922,4.0
4,331,330,5:30,inmovilidad,1.0,0.0,1.0,0.0,4.0
4,332,331,5:31,inmovilidad,1.0,0.0,1.0,0.0,4.0
4,333,332,5:32,inmovilidad,1.0,0.0,1.0,0.0,4.0
4,334,333,5:33,inmovilidad,1.0,0.0,1.0,0.0,4.0
4,335,334,5:34,inmovilidad,1.0,0.0,1.0,0.0,4.0
4,336,335,5:35,inmovilidad,1.0,0.0,1.0,0.0,4.0
4,337,336,5:36,nado,1.0,0.0,0.0,1.0,4.0
4,338,337,5:37,nado,1.0,0.0,0.0,1.0,4.0
4,339,338,5:38,nado,0.998,0.0,0.002,0.998,4.0
4,340,339,5:39,nado,0.997,0.0,0.003,0.997,4.0
4,341,340,5:40,inmovilidad,1.0,0.0,1.0,0.0,4.0
4,342,341,5:41,inmovilidad,1.0,0.0,1.0,0.0,4.0
4,343,342,5:42,inmovilidad,1.0,0.0,1.0,0.0,4.0
4,344,343,5:43,inmovilidad,1.0,0.0,1.0,0.0,4.0
4,345,344,5:44,inmovilidad,1.0,0.0,1.0,0.0,4.0
4,346,345,5:45,inmovilidad,1.0,0.0,1.0,0.0,4.0
4,347,346,5:46,inmovilidad,1.0,0.0,1.0,0.0,4.0
4,348,347,5:47,inmovilidad,1.0,0.0,1.0,0.0,4.0
4,349,348,5:48,inmovilidad,1.0,0.0,1.0,0.0,4.0
4,350,349,5:49,inmovilidad,1.0,0.0,1.0,0.0,4.0
4,351,350,5:50,inmovilidad,1.0,0.0,1.0,0.0,4.0
4,352,351,5:51,inmovilidad,1.0,0.0,1.0,0.0,4.0
4,353,352,5:52,inmovilidad,0.969,0.0,0.969,0.031,4.0
4,354,353,5:53,inmovilidad,0.999,0.0,0.999,0.001,4.0
4,355,354,5:54,inmovilidad,1.0,0.0,1.0,0.0,4.0
4,356,355,5:55,inmovilidad,1.0,0.0,1.0,0.0,4.0
4,357,356,5:56,inmovilidad,1.0,0.0,1.0,0.0,4.0
4,358,357,5:57,nado,0.997,0.0,0.003,0.997,4.0
4,359,358,5:58,nado,1.0,0.0,0.0,1.0,4.0
4,360,359,5:59,nado,1.0,0.0,0.0,1.0,4.0
4,361,360,6:00,nado,1.0,0.0,0.0,1.0,4.0
4,362,361,6:01,nado,1.0,0.0,0.0,1.0,4.0
4,363,362,6:02,nado,1.0,0.0,0.0,1.0,4.0
