especimen,segundo,inicio_s,tiempo,clase,origen,propuesta,bloque,clase_bloque
1,1,0,0:00,nado,humano_ciego,,1,escalamiento
1,2,1,0:01,escalamiento,humano_ciego,,1,escalamiento
1,3,2,0:02,escalamiento,humano_ciego,,1,escalamiento
1,4,3,0:03,escalamiento,humano_ciego,,1,escalamiento
1,5,4,0:04,escalamiento,humano_ciego,,1,escalamiento
1,6,5,0:05,nado,humano_ciego,,2,nado
1,7,6,0:06,nado,humano_ciego,,2,nado
1,8,7,0:07,nado,humano_ciego,,2,nado
1,9,8,0:08,nado,humano_ciego,,2,nado
1,10,9,0:09,escalamiento,humano_ciego,,2,nado
1,11,10,0:10,escalamiento,humano_ciego,,3,escalamiento
1,12,11,0:11,escalamiento,humano_ciego,,3,escalamiento
1,13,12,0:12,nado,humano_ciego,,3,escalamiento
1,14,13,0:13,escalamiento,humano_ciego,,3,escalamiento
1,15,14,0:14,escalamiento,humano_ciego,,3,escalamiento
1,16,15,0:15,nado,humano_ciego,,4,escalamiento
1,17,16,0:16,escalamiento,humano_ciego,,4,escalamiento
1,18,17,0:17,escalamiento,humano_ciego,,4,escalamiento
1,19,18,0:18,escalamiento,humano_ciego,,4,escalamiento
1,20,19,0:19,nado,humano_ciego,,4,escalamiento
1,21,20,0:20,escalamiento,humano_ciego,,5,escalamiento
1,22,21,0:21,nado,humano_ciego,,5,escalamiento
1,23,22,0:22,nado,humano_ciego,,5,escalamiento
1,24,23,0:23,escalamiento,humano_ciego,,5,escalamiento
1,25,24,0:24,escalamiento,humano_ciego,,5,escalamiento
1,26,25,0:25,nado,humano_ciego,,6,activa
1,27,26,0:26,escalamiento,humano_ciego,,6,activa
1,28,27,0:27,escalamiento,humano_ciego,,6,activa
1,29,28,0:28,inmovilidad,humano_ciego,,6,activa
1,30,29,0:29,inmovilidad,humano_ciego,,6,activa
1,31,30,0:30,nado,humano_ciego,,7,escalamiento
1,32,31,0:31,escalamiento,humano_ciego,,7,escalamiento
1,33,32,0:32,escalamiento,humano_ciego,,7,escalamiento
1,34,33,0:33,escalamiento,humano_ciego,,7,escalamiento
1,35,34,0:34,nado,humano_ciego,,7,escalamiento
1,36,35,0:35,escalamiento,humano_ciego,,8,activa
1,37,36,0:36,inmovilidad,humano_ciego,,8,activa
1,38,37,0:37,nado,humano_ciego,,8,activa
1,39,38,0:38,nado,humano_ciego,,8,activa
1,40,39,0:39,escalamiento,humano_ciego,,8,activa
1,41,40,0:40,escalamiento,humano_ciego,,9,escalamiento
1,42,41,0:41,escalamiento,humano_ciego,,9,escalamiento
1,43,42,0:42,escalamiento,humano_ciego,,9,escalamiento
1,44,43,0:43,escalamiento,humano_ciego,,9,escalamiento
1,45,44,0:44,escalamiento,humano_ciego,,9,escalamiento
1,46,45,0:45,escalamiento,humano_ciego,,10,escalamiento
1,47,46,0:46,escalamiento,humano_ciego,,10,escalamiento
1,48,47,0:47,nado,humano_ciego,,10,escalamiento
1,49,48,0:48,escalamiento,humano_ciego,,10,escalamiento
1,50,49,0:49,escalamiento,humano_ciego,,10,escalamiento
1,51,50,0:50,escalamiento,humano_ciego,,11,nado
1,52,51,0:51,nado,humano_ciego,,11,nado
1,53,52,0:52,nado,humano_ciego,,11,nado
1,54,53,0:53,nado,humano_ciego,,11,nado
1,55,54,0:54,nado,humano_ciego,,11,nado
1,56,55,0:55,nado,humano_ciego,,12,escalamiento
1,57,56,0:56,escalamiento,humano_ciego,,12,escalamiento
1,58,57,0:57,escalamiento,humano_ciego,,12,escalamiento
1,59,58,0:58,escalamiento,humano_ciego,,12,escalamiento
1,60,59,0:59,escalamiento,humano_ciego,,12,escalamiento
1,61,60,1:00,nado,humano_ciego,,13,escalamiento
1,62,61,1:01,escalamiento,humano_ciego,,13,escalamiento
1,63,62,1:02,escalamiento,humano_ciego,,13,escalamiento
1,64,63,1:03,escalamiento,humano_ciego,,13,escalamiento
1,65,64,1:04,escalamiento,humano_ciego,,13,escalamiento
1,66,65,1:05,escalamiento,humano_ciego,,14,escalamiento
1,67,66,1:06,nado,humano_ciego,,14,escalamiento
1,68,67,1:07,nado,humano_ciego,,14,escalamiento
1,69,68,1:08,escalamiento,humano_ciego,,14,escalamiento
1,70,69,1:09,escalamiento,humano_ciego,,14,escalamiento
1,71,70,1:10,escalamiento,humano_ciego,,15,escalamiento
1,72,71,1:11,nado,humano_ciego,,15,escalamiento
1,73,72,1:12,escalamiento,humano_ciego,,15,escalamiento
1,74,73,1:13,escalamiento,humano_ciego,,15,escalamiento
1,75,74,1:14,escalamiento,humano_ciego,,15,escalamiento
1,76,75,1:15,escalamiento,humano_ciego,,16,nado
1,77,76,1:16,escalamiento,humano_ciego,,16,nado
1,78,77,1:17,nado,humano_ciego,,16,nado
1,79,78,1:18,nado,humano_ciego,,16,nado
1,80,79,1:19,nado,humano_ciego,,16,nado
1,81,80,1:20,nado,humano_ciego,,17,escalamiento
1,82,81,1:21,escalamiento,humano_ciego,,17,escalamiento
1,83,82,1:22,escalamiento,humano_ciego,,17,escalamiento
1,84,83,1:23,escalamiento,humano_ciego,,17,escalamiento
1,85,84,1:24,nado,humano_ciego,,17,escalamiento
1,86,85,1:25,escalamiento,humano_ciego,,18,nado
1,87,86,1:26,nado,humano_ciego,,18,nado
1,88,87,1:27,nado,humano_ciego,,18,nado
1,89,88,1:28,nado,humano_ciego,,18,nado
1,90,89,1:29,nado,humano_ciego,,18,nado
1,91,90,1:30,escalamiento,humano_ciego,,19,escalamiento
1,92,91,1:31,escalamiento,humano_ciego,,19,escalamiento
1,93,92,1:32,escalamiento,humano_ciego,,19,escalamiento
1,94,93,1:33,nado,humano_ciego,,19,escalamiento
1,95,94,1:34,escalamiento,humano_ciego,,19,escalamiento
1,96,95,1:35,escalamiento,humano_ciego,,20,escalamiento
1,97,96,1:36,nado,humano_ciego,,20,escalamiento
1,98,97,1:37,escalamiento,humano_ciego,,20,escalamiento
1,99,98,1:38,escalamiento,humano_ciego,,20,escalamiento
1,100,99,1:39,escalamiento,humano_ciego,,20,escalamiento
1,101,100,1:40,escalamiento,humano_ciego,,21,nado
1,102,101,1:41,nado,humano_ciego,,21,nado
1,103,102,1:42,nado,humano_ciego,,21,nado
1,104,103,1:43,escalamiento,humano_ciego,,21,nado
1,105,104,1:44,nado,humano_ciego,,21,nado
1,106,105,1:45,nado,humano_ciego,,22,nado
1,107,106,1:46,escalamiento,humano_ciego,,22,nado
1,108,107,1:47,nado,humano_ciego,,22,nado
1,109,108,1:48,escalamiento,humano_ciego,,22,nado
1,110,109,1:49,nado,humano_ciego,,22,nado
1,111,110,1:50,nado,humano_ciego,,23,escalamiento
1,112,111,1:51,escalamiento,humano_ciego,,23,escalamiento
1,113,112,1:52,escalamiento,humano_ciego,,23,escalamiento
1,114,113,1:53,escalamiento,humano_ciego,,23,escalamiento
1,115,114,1:54,escalamiento,humano_ciego,,23,escalamiento
1,116,115,1:55,escalamiento,humano_ciego,,24,escalamiento
1,117,116,1:56,escalamiento,humano_ciego,,24,escalamiento
1,118,117,1:57,escalamiento,humano_ciego,,24,escalamiento
1,119,118,1:58,nado,humano_ciego,,24,escalamiento
1,120,119,1:59,nado,humano_ciego,,24,escalamiento
1,121,120,2:00,nado,humano_ciego,,25,inmovilidad
1,122,121,2:01,inmovilidad,humano_ciego,,25,inmovilidad
1,123,122,2:02,inmovilidad,humano_ciego,,25,inmovilidad
1,124,123,2:03,inmovilidad,humano_ciego,,25,inmovilidad
1,125,124,2:04,inmovilidad,humano_ciego,,25,inmovilidad
1,126,125,2:05,nado,humano_ciego,,26,inmovilidad
1,127,126,2:06,nado,humano_ciego,,26,inmovilidad
1,128,127,2:07,inmovilidad,humano_ciego,,26,inmovilidad
1,129,128,2:08,inmovilidad,humano_ciego,,26,inmovilidad
1,130,129,2:09,inmovilidad,humano_ciego,,26,inmovilidad
1,131,130,2:10,nado,humano_ciego,,27,nado
1,132,131,2:11,nado,humano_ciego,,27,nado
1,133,132,2:12,inmovilidad,humano_ciego,,27,nado
1,134,133,2:13,nado,humano_ciego,,27,nado
1,135,134,2:14,nado,humano_ciego,,27,nado
1,136,135,2:15,nado,humano_ciego,,28,inmovilidad
1,137,136,2:16,nado,humano_ciego,,28,inmovilidad
1,138,137,2:17,inmovilidad,humano_ciego,,28,inmovilidad
1,139,138,2:18,inmovilidad,humano_ciego,,28,inmovilidad
1,140,139,2:19,inmovilidad,humano_ciego,,28,inmovilidad
1,141,140,2:20,activa,humano_ciego,,29,activa
1,142,141,2:21,activa,humano_ciego,,29,activa
1,143,142,2:22,inmovilidad,humano_ciego,,29,activa
1,144,143,2:23,nado,humano_ciego,,29,activa
1,145,144,2:24,nado,humano_ciego,,29,activa
1,146,145,2:25,nado,humano_ciego,,30,nado
1,147,146,2:26,nado,humano_ciego,,30,nado
1,148,147,2:27,inmovilidad,humano_ciego,,30,nado
1,149,148,2:28,nado,humano_ciego,,30,nado
1,150,149,2:29,nado,humano_ciego,,30,nado
1,151,150,2:30,nado,humano_ciego,,31,nado
1,152,151,2:31,nado,humano_ciego,,31,nado
1,153,152,2:32,inmovilidad,humano_ciego,,31,nado
1,154,153,2:33,nado,humano_ciego,,31,nado
1,155,154,2:34,nado,humano_ciego,,31,nado
1,156,155,2:35,inmovilidad,humano_ciego,,32,inmovilidad
1,157,156,2:36,nado,humano_ciego,,32,inmovilidad
1,158,157,2:37,nado,humano_ciego,,32,inmovilidad
1,159,158,2:38,inmovilidad,humano_ciego,,32,inmovilidad
1,160,159,2:39,inmovilidad,humano_ciego,,32,inmovilidad
1,161,160,2:40,nado,humano_ciego,,33,inmovilidad
1,162,161,2:41,nado,humano_ciego,,33,inmovilidad
1,163,162,2:42,inmovilidad,humano_ciego,,33,inmovilidad
1,164,163,2:43,inmovilidad,humano_ciego,,33,inmovilidad
1,165,164,2:44,inmovilidad,humano_ciego,,33,inmovilidad
1,166,165,2:45,nado,humano_ciego,,34,nado
1,167,166,2:46,nado,humano_ciego,,34,nado
1,168,167,2:47,nado,humano_ciego,,34,nado
1,169,168,2:48,inmovilidad,humano_ciego,,34,nado
1,170,169,2:49,inmovilidad,humano_ciego,,34,nado
1,171,170,2:50,nado,humano_ciego,,35,nado
1,172,171,2:51,nado,humano_ciego,,35,nado
1,173,172,2:52,nado,humano_ciego,,35,nado
1,174,173,2:53,nado,humano_ciego,,35,nado
1,175,174,2:54,inmovilidad,humano_ciego,,35,nado
1,176,175,2:55,nado,humano_ciego,,36,nado
1,177,176,2:56,nado,humano_ciego,,36,nado
1,178,177,2:57,nado,humano_ciego,,36,nado
1,179,178,2:58,nado,humano_ciego,,36,nado
1,180,179,2:59,inmovilidad,humano_ciego,,36,nado
1,181,180,3:00,inmovilidad,humano_ciego,,37,inmovilidad
1,182,181,3:01,inmovilidad,humano_ciego,,37,inmovilidad
1,183,182,3:02,nado,humano_ciego,,37,inmovilidad
1,184,183,3:03,inmovilidad,humano_ciego,,37,inmovilidad
1,185,184,3:04,inmovilidad,humano_ciego,,37,inmovilidad
1,186,185,3:05,nado,humano_ciego,,38,inmovilidad
1,187,186,3:06,inmovilidad,humano_ciego,,38,inmovilidad
1,188,187,3:07,inmovilidad,humano_ciego,,38,inmovilidad
1,189,188,3:08,inmovilidad,humano_ciego,,38,inmovilidad
1,190,189,3:09,nado,humano_ciego,,38,inmovilidad
1,191,190,3:10,inmovilidad,humano_ciego,,39,inmovilidad
1,192,191,3:11,nado,humano_ciego,,39,inmovilidad
1,193,192,3:12,inmovilidad,humano_ciego,,39,inmovilidad
1,194,193,3:13,inmovilidad,humano_ciego,,39,inmovilidad
1,195,194,3:14,nado,humano_ciego,,39,inmovilidad
1,196,195,3:15,nado,humano_ciego,,40,nado
1,197,196,3:16,nado,humano_ciego,,40,nado
1,198,197,3:17,nado,humano_ciego,,40,nado
1,199,198,3:18,nado,humano_ciego,,40,nado
1,200,199,3:19,nado,humano_ciego,,40,nado
1,201,200,3:20,inmovilidad,humano_ciego,,41,inmovilidad
1,202,201,3:21,inmovilidad,humano_ciego,,41,inmovilidad
1,203,202,3:22,inmovilidad,humano_ciego,,41,inmovilidad
1,204,203,3:23,inmovilidad,humano_ciego,,41,inmovilidad
1,205,204,3:24,inmovilidad,humano_ciego,,41,inmovilidad
1,206,205,3:25,inmovilidad,humano_ciego,,42,inmovilidad
1,207,206,3:26,inmovilidad,humano_ciego,,42,inmovilidad
1,208,207,3:27,nado,humano_ciego,,42,inmovilidad
1,209,208,3:28,inmovilidad,humano_ciego,,42,inmovilidad
1,210,209,3:29,inmovilidad,humano_ciego,,42,inmovilidad
1,211,210,3:30,inmovilidad,humano_ciego,,43,nado
1,212,211,3:31,nado,humano_ciego,,43,nado
1,213,212,3:32,nado,humano_ciego,,43,nado
1,214,213,3:33,inmovilidad,humano_ciego,,43,nado
1,215,214,3:34,nado,humano_ciego,,43,nado
1,216,215,3:35,nado,humano_ciego,,44,nado
1,217,216,3:36,nado,humano_ciego,,44,nado
1,218,217,3:37,inmovilidad,humano_ciego,,44,nado
1,219,218,3:38,nado,humano_ciego,,44,nado
1,220,219,3:39,nado,humano_ciego,,44,nado
1,221,220,3:40,nado,humano_ciego,,45,inmovilidad
1,222,221,3:41,nado,humano_ciego,,45,inmovilidad
1,223,222,3:42,inmovilidad,humano_ciego,,45,inmovilidad
1,224,223,3:43,inmovilidad,humano_ciego,,45,inmovilidad
1,225,224,3:44,inmovilidad,humano_ciego,,45,inmovilidad
1,226,225,3:45,inmovilidad,humano_ciego,,46,inmovilidad
1,227,226,3:46,inmovilidad,humano_ciego,,46,inmovilidad
1,228,227,3:47,inmovilidad,humano_ciego,,46,inmovilidad
1,229,228,3:48,nado,humano_ciego,,46,inmovilidad
1,230,229,3:49,nado,humano_ciego,,46,inmovilidad
1,231,230,3:50,nado,humano_ciego,,47,nado
1,232,231,3:51,nado,humano_ciego,,47,nado
1,233,232,3:52,escalamiento,humano_ciego,,47,nado
1,234,233,3:53,nado,humano_ciego,,47,nado
1,235,234,3:54,escalamiento,humano_ciego,,47,nado
1,236,235,3:55,escalamiento,humano_ciego,,48,escalamiento
1,237,236,3:56,escalamiento,humano_ciego,,48,escalamiento
1,238,237,3:57,escalamiento,humano_ciego,,48,escalamiento
1,239,238,3:58,escalamiento,humano_ciego,,48,escalamiento
1,240,239,3:59,escalamiento,humano_ciego,,48,escalamiento
1,241,240,4:00,nado,humano_ciego,,49,nado
1,242,241,4:01,nado,humano_ciego,,49,nado
1,243,242,4:02,nado,humano_ciego,,49,nado
1,244,243,4:03,nado,humano_ciego,,49,nado
1,245,244,4:04,inmovilidad,humano_ciego,,49,nado
1,246,245,4:05,inmovilidad,humano_ciego,,50,inmovilidad
1,247,246,4:06,inmovilidad,humano_ciego,,50,inmovilidad
1,248,247,4:07,inmovilidad,humano_ciego,,50,inmovilidad
1,249,248,4:08,inmovilidad,humano_ciego,,50,inmovilidad
1,250,249,4:09,nado,humano_ciego,,50,inmovilidad
1,251,250,4:10,nado,humano_ciego,,51,nado
1,252,251,4:11,nado,humano_ciego,,51,nado
1,253,252,4:12,nado,humano_ciego,,51,nado
1,254,253,4:13,inmovilidad,humano_ciego,,51,nado
1,255,254,4:14,inmovilidad,humano_ciego,,51,nado
1,256,255,4:15,nado,humano_ciego,,52,nado
1,257,256,4:16,nado,humano_ciego,,52,nado
1,258,257,4:17,nado,humano_ciego,,52,nado
1,259,258,4:18,nado,humano_ciego,,52,nado
1,260,259,4:19,nado,humano_ciego,,52,nado
1,261,260,4:20,inmovilidad,humano_ciego,,53,inmovilidad
1,262,261,4:21,inmovilidad,humano_ciego,,53,inmovilidad
1,263,262,4:22,inmovilidad,humano_ciego,,53,inmovilidad
1,264,263,4:23,inmovilidad,humano_ciego,,53,inmovilidad
1,265,264,4:24,nado,humano_ciego,,53,inmovilidad
1,266,265,4:25,inmovilidad,humano_ciego,,54,inmovilidad
1,267,266,4:26,inmovilidad,humano_ciego,,54,inmovilidad
1,268,267,4:27,inmovilidad,humano_ciego,,54,inmovilidad
1,269,268,4:28,inmovilidad,humano_ciego,,54,inmovilidad
1,270,269,4:29,inmovilidad,humano_ciego,,54,inmovilidad
1,271,270,4:30,inmovilidad,humano_ciego,,55,inmovilidad
1,272,271,4:31,inmovilidad,humano_ciego,,55,inmovilidad
1,273,272,4:32,inmovilidad,humano_ciego,,55,inmovilidad
1,274,273,4:33,inmovilidad,humano_ciego,,55,inmovilidad
1,275,274,4:34,nado,humano_ciego,,55,inmovilidad
1,276,275,4:35,nado,humano_ciego,,56,nado
1,277,276,4:36,nado,humano_ciego,,56,nado
1,278,277,4:37,nado,humano_ciego,,56,nado
1,279,278,4:38,inmovilidad,humano_ciego,,56,nado
1,280,279,4:39,nado,humano_ciego,,56,nado
1,281,280,4:40,nado,humano_ciego,,57,inmovilidad
1,282,281,4:41,inmovilidad,humano_ciego,,57,inmovilidad
1,283,282,4:42,inmovilidad,humano_ciego,,57,inmovilidad
1,284,283,4:43,inmovilidad,humano_ciego,,57,inmovilidad
1,285,284,4:44,inmovilidad,humano_ciego,,57,inmovilidad
1,286,285,4:45,inmovilidad,humano_ciego,,58,nado
1,287,286,4:46,nado,humano_ciego,,58,nado
1,288,287,4:47,nado,humano_ciego,,58,nado
1,289,288,4:48,nado,humano_ciego,,58,nado
1,290,289,4:49,nado,humano_ciego,,58,nado
1,291,290,4:50,nado,humano_ciego,,59,nado
1,292,291,4:51,nado,humano_ciego,,59,nado
1,293,292,4:52,inmovilidad,humano_ciego,,59,nado
1,294,293,4:53,nado,humano_ciego,,59,nado
1,295,294,4:54,nado,humano_ciego,,59,nado
1,296,295,4:55,inmovilidad,humano_ciego,,60,inmovilidad
1,297,296,4:56,inmovilidad,humano_ciego,,60,inmovilidad
1,298,297,4:57,inmovilidad,humano_ciego,,60,inmovilidad
1,299,298,4:58,inmovilidad,humano_ciego,,60,inmovilidad
1,300,299,4:59,inmovilidad,humano_ciego,,60,inmovilidad
1,301,300,5:00,inmovilidad,humano_ciego,,61,inmovilidad
1,302,301,5:01,nado,humano_ciego,,61,inmovilidad
1,303,302,5:02,inmovilidad,humano_ciego,,61,inmovilidad
1,304,303,5:03,inmovilidad,humano_ciego,,61,inmovilidad
1,305,304,5:04,inmovilidad,humano_ciego,,61,inmovilidad
1,306,305,5:05,inmovilidad,humano_ciego,,62,nado
1,307,306,5:06,inmovilidad,humano_ciego,,62,nado
1,308,307,5:07,nado,humano_ciego,,62,nado
1,309,308,5:08,nado,humano_ciego,,62,nado
1,310,309,5:09,nado,humano_ciego,,62,nado
1,311,310,5:10,inmovilidad,humano_ciego,,63,inmovilidad
1,312,311,5:11,inmovilidad,humano_ciego,,63,inmovilidad
1,313,312,5:12,inmovilidad,humano_ciego,,63,inmovilidad
1,314,313,5:13,inmovilidad,humano_ciego,,63,inmovilidad
1,315,314,5:14,inmovilidad,humano_ciego,,63,inmovilidad
1,316,315,5:15,inmovilidad,humano_ciego,,64,inmovilidad
1,317,316,5:16,inmovilidad,humano_ciego,,64,inmovilidad
1,318,317,5:17,inmovilidad,humano_ciego,,64,inmovilidad
1,319,318,5:18,inmovilidad,humano_ciego,,64,inmovilidad
1,320,319,5:19,inmovilidad,humano_ciego,,64,inmovilidad
1,321,320,5:20,nado,humano_ciego,,65,nado
1,322,321,5:21,nado,humano_ciego,,65,nado
1,323,322,5:22,nado,humano_ciego,,65,nado
1,324,323,5:23,nado,humano_ciego,,65,nado
1,325,324,5:24,nado,humano_ciego,,65,nado
1,326,325,5:25,inmovilidad,humano_ciego,,66,inmovilidad
1,327,326,5:26,inmovilidad,humano_ciego,,66,inmovilidad
1,328,327,5:27,inmovilidad,humano_ciego,,66,inmovilidad
1,329,328,5:28,inmovilidad,humano_ciego,,66,inmovilidad
1,330,329,5:29,inmovilidad,humano_ciego,,66,inmovilidad
1,331,330,5:30,inmovilidad,humano_ciego,,67,inmovilidad
1,332,331,5:31,inmovilidad,humano_ciego,,67,inmovilidad
1,333,332,5:32,inmovilidad,humano_ciego,,67,inmovilidad
1,334,333,5:33,inmovilidad,humano_ciego,,67,inmovilidad
1,335,334,5:34,nado,humano_ciego,,67,inmovilidad
1,336,335,5:35,nado,humano_ciego,,68,nado
1,337,336,5:36,inmovilidad,humano_ciego,,68,nado
1,338,337,5:37,inmovilidad,humano_ciego,,68,nado
1,339,338,5:38,nado,humano_ciego,,68,nado
1,340,339,5:39,nado,humano_ciego,,68,nado
1,341,340,5:40,inmovilidad,humano_ciego,,69,inmovilidad
1,342,341,5:41,inmovilidad,humano_ciego,,69,inmovilidad
1,343,342,5:42,inmovilidad,humano_ciego,,69,inmovilidad
1,344,343,5:43,inmovilidad,humano_ciego,,69,inmovilidad
1,345,344,5:44,inmovilidad,humano_ciego,,69,inmovilidad
1,346,345,5:45,inmovilidad,humano_ciego,,70,inmovilidad
1,347,346,5:46,nado,humano_ciego,,70,inmovilidad
1,348,347,5:47,nado,humano_ciego,,70,inmovilidad
1,349,348,5:48,inmovilidad,humano_ciego,,70,inmovilidad
1,350,349,5:49,inmovilidad,humano_ciego,,70,inmovilidad
1,351,350,5:50,inmovilidad,humano_ciego,,71,inmovilidad
1,352,351,5:51,inmovilidad,humano_ciego,,71,inmovilidad
1,353,352,5:52,inmovilidad,humano_ciego,,71,inmovilidad
1,354,353,5:53,inmovilidad,humano_ciego,,71,inmovilidad
1,355,354,5:54,inmovilidad,humano_ciego,,71,inmovilidad
1,356,355,5:55,inmovilidad,humano_ciego,,72,inmovilidad
1,357,356,5:56,nado,humano_ciego,,72,inmovilidad
1,358,357,5:57,nado,humano_ciego,,72,inmovilidad
1,359,358,5:58,inmovilidad,humano_ciego,,72,inmovilidad
1,360,359,5:59,inmovilidad,humano_ciego,,72,inmovilidad
1,361,360,6:00,nado,humano_ciego,,73,inmovilidad
1,362,361,6:01,nado,humano_ciego,,73,inmovilidad
1,363,362,6:02,inmovilidad,humano_ciego,,73,inmovilidad
1,364,363,6:03,inmovilidad,humano_ciego,,73,inmovilidad
1,365,364,6:04,inmovilidad,humano_ciego,,73,inmovilidad
1,366,365,6:05,inmovilidad,humano_ciego,,74,inmovilidad
1,367,366,6:06,inmovilidad,humano_ciego,,74,inmovilidad
1,368,367,6:07,inmovilidad,humano_ciego,,74,inmovilidad
1,369,368,6:08,inmovilidad,humano_ciego,,74,inmovilidad
1,370,369,6:09,inmovilidad,humano_ciego,,74,inmovilidad
1,371,370,6:10,inmovilidad,humano_ciego,,75,inmovilidad
2,1,0,0:00,,sin_revisar,,1,
2,2,1,0:01,,sin_revisar,,1,
2,3,2,0:02,,sin_revisar,,1,
2,4,3,0:03,,sin_revisar,,1,
2,5,4,0:04,,sin_revisar,,1,
2,6,5,0:05,,sin_revisar,,2,
2,7,6,0:06,,sin_revisar,,2,
2,8,7,0:07,,sin_revisar,,2,
2,9,8,0:08,,sin_revisar,,2,
2,10,9,0:09,,sin_revisar,,2,
2,11,10,0:10,,sin_revisar,,3,
2,12,11,0:11,,sin_revisar,,3,
2,13,12,0:12,,sin_revisar,,3,
2,14,13,0:13,,sin_revisar,,3,
2,15,14,0:14,,sin_revisar,,3,
2,16,15,0:15,,sin_revisar,,4,
2,17,16,0:16,,sin_revisar,,4,
2,18,17,0:17,,sin_revisar,,4,
2,19,18,0:18,,sin_revisar,,4,
2,20,19,0:19,,sin_revisar,,4,
2,21,20,0:20,,sin_revisar,,5,
2,22,21,0:21,,sin_revisar,,5,
2,23,22,0:22,,sin_revisar,,5,
2,24,23,0:23,,sin_revisar,,5,
2,25,24,0:24,,sin_revisar,,5,
2,26,25,0:25,,sin_revisar,,6,
2,27,26,0:26,,sin_revisar,,6,
2,28,27,0:27,,sin_revisar,,6,
2,29,28,0:28,,sin_revisar,,6,
2,30,29,0:29,,sin_revisar,,6,
2,31,30,0:30,,sin_revisar,,7,
2,32,31,0:31,,sin_revisar,,7,
2,33,32,0:32,,sin_revisar,,7,
2,34,33,0:33,,sin_revisar,,7,
2,35,34,0:34,,sin_revisar,,7,
2,36,35,0:35,,sin_revisar,,8,
2,37,36,0:36,,sin_revisar,,8,
2,38,37,0:37,,sin_revisar,,8,
2,39,38,0:38,,sin_revisar,,8,
2,40,39,0:39,,sin_revisar,,8,
2,41,40,0:40,,sin_revisar,,9,
2,42,41,0:41,,sin_revisar,,9,
2,43,42,0:42,,sin_revisar,,9,
2,44,43,0:43,,sin_revisar,,9,
2,45,44,0:44,,sin_revisar,,9,
2,46,45,0:45,,sin_revisar,,10,
2,47,46,0:46,,sin_revisar,,10,
2,48,47,0:47,,sin_revisar,,10,
2,49,48,0:48,,sin_revisar,,10,
2,50,49,0:49,,sin_revisar,,10,
2,51,50,0:50,,sin_revisar,,11,
2,52,51,0:51,,sin_revisar,,11,
2,53,52,0:52,,sin_revisar,,11,
2,54,53,0:53,,sin_revisar,,11,
2,55,54,0:54,,sin_revisar,,11,
2,56,55,0:55,,sin_revisar,,12,
2,57,56,0:56,,sin_revisar,,12,
2,58,57,0:57,,sin_revisar,,12,
2,59,58,0:58,,sin_revisar,,12,
2,60,59,0:59,,sin_revisar,,12,
2,61,60,1:00,,sin_revisar,,13,
2,62,61,1:01,,sin_revisar,,13,
2,63,62,1:02,,sin_revisar,,13,
2,64,63,1:03,,sin_revisar,,13,
2,65,64,1:04,,sin_revisar,,13,
2,66,65,1:05,,sin_revisar,,14,
2,67,66,1:06,,sin_revisar,,14,
2,68,67,1:07,,sin_revisar,,14,
2,69,68,1:08,,sin_revisar,,14,
2,70,69,1:09,,sin_revisar,,14,
2,71,70,1:10,,sin_revisar,,15,
2,72,71,1:11,,sin_revisar,,15,
2,73,72,1:12,,sin_revisar,,15,
2,74,73,1:13,,sin_revisar,,15,
2,75,74,1:14,,sin_revisar,,15,
2,76,75,1:15,,sin_revisar,,16,
2,77,76,1:16,,sin_revisar,,16,
2,78,77,1:17,,sin_revisar,,16,
2,79,78,1:18,,sin_revisar,,16,
2,80,79,1:19,,sin_revisar,,16,
2,81,80,1:20,,sin_revisar,,17,
2,82,81,1:21,,sin_revisar,,17,
2,83,82,1:22,,sin_revisar,,17,
2,84,83,1:23,,sin_revisar,,17,
2,85,84,1:24,,sin_revisar,,17,
2,86,85,1:25,,sin_revisar,,18,
2,87,86,1:26,,sin_revisar,,18,
2,88,87,1:27,,sin_revisar,,18,
2,89,88,1:28,,sin_revisar,,18,
2,90,89,1:29,,sin_revisar,,18,
2,91,90,1:30,,sin_revisar,,19,
2,92,91,1:31,,sin_revisar,,19,
2,93,92,1:32,,sin_revisar,,19,
2,94,93,1:33,,sin_revisar,,19,
2,95,94,1:34,,sin_revisar,,19,
2,96,95,1:35,,sin_revisar,,20,
2,97,96,1:36,,sin_revisar,,20,
2,98,97,1:37,,sin_revisar,,20,
2,99,98,1:38,,sin_revisar,,20,
2,100,99,1:39,,sin_revisar,,20,
2,101,100,1:40,,sin_revisar,,21,
2,102,101,1:41,,sin_revisar,,21,
2,103,102,1:42,,sin_revisar,,21,
2,104,103,1:43,,sin_revisar,,21,
2,105,104,1:44,,sin_revisar,,21,
2,106,105,1:45,,sin_revisar,,22,
2,107,106,1:46,,sin_revisar,,22,
2,108,107,1:47,,sin_revisar,,22,
2,109,108,1:48,,sin_revisar,,22,
2,110,109,1:49,,sin_revisar,,22,
2,111,110,1:50,,sin_revisar,,23,
2,112,111,1:51,,sin_revisar,,23,
2,113,112,1:52,,sin_revisar,,23,
2,114,113,1:53,,sin_revisar,,23,
2,115,114,1:54,,sin_revisar,,23,
2,116,115,1:55,,sin_revisar,,24,
2,117,116,1:56,,sin_revisar,,24,
2,118,117,1:57,,sin_revisar,,24,
2,119,118,1:58,,sin_revisar,,24,
2,120,119,1:59,,sin_revisar,,24,
2,121,120,2:00,,sin_revisar,,25,
2,122,121,2:01,,sin_revisar,,25,
2,123,122,2:02,,sin_revisar,,25,
2,124,123,2:03,,sin_revisar,,25,
2,125,124,2:04,,sin_revisar,,25,
2,126,125,2:05,,sin_revisar,,26,
2,127,126,2:06,,sin_revisar,,26,
2,128,127,2:07,,sin_revisar,,26,
2,129,128,2:08,,sin_revisar,,26,
2,130,129,2:09,,sin_revisar,,26,
2,131,130,2:10,,sin_revisar,,27,
2,132,131,2:11,,sin_revisar,,27,
2,133,132,2:12,,sin_revisar,,27,
2,134,133,2:13,,sin_revisar,,27,
2,135,134,2:14,,sin_revisar,,27,
2,136,135,2:15,,sin_revisar,,28,
2,137,136,2:16,,sin_revisar,,28,
2,138,137,2:17,,sin_revisar,,28,
2,139,138,2:18,,sin_revisar,,28,
2,140,139,2:19,,sin_revisar,,28,
2,141,140,2:20,,sin_revisar,,29,
2,142,141,2:21,,sin_revisar,,29,
2,143,142,2:22,,sin_revisar,,29,
2,144,143,2:23,,sin_revisar,,29,
2,145,144,2:24,,sin_revisar,,29,
2,146,145,2:25,,sin_revisar,,30,
2,147,146,2:26,,sin_revisar,,30,
2,148,147,2:27,,sin_revisar,,30,
2,149,148,2:28,,sin_revisar,,30,
2,150,149,2:29,,sin_revisar,,30,
2,151,150,2:30,,sin_revisar,,31,
2,152,151,2:31,,sin_revisar,,31,
2,153,152,2:32,,sin_revisar,,31,
2,154,153,2:33,,sin_revisar,,31,
2,155,154,2:34,,sin_revisar,,31,
2,156,155,2:35,,sin_revisar,,32,
2,157,156,2:36,,sin_revisar,,32,
2,158,157,2:37,,sin_revisar,,32,
2,159,158,2:38,,sin_revisar,,32,
2,160,159,2:39,,sin_revisar,,32,
2,161,160,2:40,,sin_revisar,,33,
2,162,161,2:41,,sin_revisar,,33,
2,163,162,2:42,,sin_revisar,,33,
2,164,163,2:43,,sin_revisar,,33,
2,165,164,2:44,,sin_revisar,,33,
2,166,165,2:45,,sin_revisar,,34,
2,167,166,2:46,,sin_revisar,,34,
2,168,167,2:47,,sin_revisar,,34,
2,169,168,2:48,,sin_revisar,,34,
2,170,169,2:49,,sin_revisar,,34,
2,171,170,2:50,,sin_revisar,,35,
2,172,171,2:51,,sin_revisar,,35,
2,173,172,2:52,,sin_revisar,,35,
2,174,173,2:53,,sin_revisar,,35,
2,175,174,2:54,,sin_revisar,,35,
2,176,175,2:55,,sin_revisar,,36,
2,177,176,2:56,,sin_revisar,,36,
2,178,177,2:57,,sin_revisar,,36,
2,179,178,2:58,,sin_revisar,,36,
2,180,179,2:59,,sin_revisar,,36,
2,181,180,3:00,,sin_revisar,,37,
2,182,181,3:01,,sin_revisar,,37,
2,183,182,3:02,,sin_revisar,,37,
2,184,183,3:03,,sin_revisar,,37,
2,185,184,3:04,,sin_revisar,,37,
2,186,185,3:05,,sin_revisar,,38,
2,187,186,3:06,,sin_revisar,,38,
2,188,187,3:07,,sin_revisar,,38,
2,189,188,3:08,,sin_revisar,,38,
2,190,189,3:09,,sin_revisar,,38,
2,191,190,3:10,,sin_revisar,,39,
2,192,191,3:11,,sin_revisar,,39,
2,193,192,3:12,,sin_revisar,,39,
2,194,193,3:13,,sin_revisar,,39,
2,195,194,3:14,,sin_revisar,,39,
2,196,195,3:15,,sin_revisar,,40,
2,197,196,3:16,,sin_revisar,,40,
2,198,197,3:17,,sin_revisar,,40,
2,199,198,3:18,,sin_revisar,,40,
2,200,199,3:19,,sin_revisar,,40,
2,201,200,3:20,,sin_revisar,,41,
2,202,201,3:21,,sin_revisar,,41,
2,203,202,3:22,,sin_revisar,,41,
2,204,203,3:23,,sin_revisar,,41,
2,205,204,3:24,,sin_revisar,,41,
2,206,205,3:25,,sin_revisar,,42,
2,207,206,3:26,,sin_revisar,,42,
2,208,207,3:27,,sin_revisar,,42,
2,209,208,3:28,,sin_revisar,,42,
2,210,209,3:29,,sin_revisar,,42,
2,211,210,3:30,,sin_revisar,,43,
2,212,211,3:31,,sin_revisar,,43,
2,213,212,3:32,,sin_revisar,,43,
2,214,213,3:33,,sin_revisar,,43,
2,215,214,3:34,,sin_revisar,,43,
2,216,215,3:35,,sin_revisar,,44,
2,217,216,3:36,,sin_revisar,,44,
2,218,217,3:37,,sin_revisar,,44,
2,219,218,3:38,,sin_revisar,,44,
2,220,219,3:39,,sin_revisar,,44,
2,221,220,3:40,,sin_revisar,,45,
2,222,221,3:41,,sin_revisar,,45,
2,223,222,3:42,,sin_revisar,,45,
2,224,223,3:43,,sin_revisar,,45,
2,225,224,3:44,,sin_revisar,,45,
2,226,225,3:45,,sin_revisar,,46,
2,227,226,3:46,,sin_revisar,,46,
2,228,227,3:47,,sin_revisar,,46,
2,229,228,3:48,,sin_revisar,,46,
2,230,229,3:49,,sin_revisar,,46,
2,231,230,3:50,,sin_revisar,,47,
2,232,231,3:51,,sin_revisar,,47,
2,233,232,3:52,,sin_revisar,,47,
2,234,233,3:53,,sin_revisar,,47,
2,235,234,3:54,,sin_revisar,,47,
2,236,235,3:55,,sin_revisar,,48,
2,237,236,3:56,,sin_revisar,,48,
2,238,237,3:57,,sin_revisar,,48,
2,239,238,3:58,,sin_revisar,,48,
2,240,239,3:59,,sin_revisar,,48,
2,241,240,4:00,,sin_revisar,,49,
2,242,241,4:01,,sin_revisar,,49,
2,243,242,4:02,,sin_revisar,,49,
2,244,243,4:03,,sin_revisar,,49,
2,245,244,4:04,,sin_revisar,,49,
2,246,245,4:05,,sin_revisar,,50,
2,247,246,4:06,,sin_revisar,,50,
2,248,247,4:07,,sin_revisar,,50,
2,249,248,4:08,,sin_revisar,,50,
2,250,249,4:09,,sin_revisar,,50,
2,251,250,4:10,,sin_revisar,,51,
2,252,251,4:11,,sin_revisar,,51,
2,253,252,4:12,,sin_revisar,,51,
2,254,253,4:13,,sin_revisar,,51,
2,255,254,4:14,,sin_revisar,,51,
2,256,255,4:15,,sin_revisar,,52,
2,257,256,4:16,,sin_revisar,,52,
2,258,257,4:17,,sin_revisar,,52,
2,259,258,4:18,,sin_revisar,,52,
2,260,259,4:19,,sin_revisar,,52,
2,261,260,4:20,,sin_revisar,,53,
2,262,261,4:21,,sin_revisar,,53,
2,263,262,4:22,,sin_revisar,,53,
2,264,263,4:23,,sin_revisar,,53,
2,265,264,4:24,,sin_revisar,,53,
2,266,265,4:25,,sin_revisar,,54,
2,267,266,4:26,,sin_revisar,,54,
2,268,267,4:27,,sin_revisar,,54,
2,269,268,4:28,,sin_revisar,,54,
2,270,269,4:29,,sin_revisar,,54,
2,271,270,4:30,,sin_revisar,,55,
2,272,271,4:31,,sin_revisar,,55,
2,273,272,4:32,,sin_revisar,,55,
2,274,273,4:33,,sin_revisar,,55,
2,275,274,4:34,,sin_revisar,,55,
2,276,275,4:35,,sin_revisar,,56,
2,277,276,4:36,,sin_revisar,,56,
2,278,277,4:37,,sin_revisar,,56,
2,279,278,4:38,,sin_revisar,,56,
2,280,279,4:39,,sin_revisar,,56,
2,281,280,4:40,,sin_revisar,,57,
2,282,281,4:41,,sin_revisar,,57,
2,283,282,4:42,,sin_revisar,,57,
2,284,283,4:43,,sin_revisar,,57,
2,285,284,4:44,,sin_revisar,,57,
2,286,285,4:45,,sin_revisar,,58,
2,287,286,4:46,,sin_revisar,,58,
2,288,287,4:47,,sin_revisar,,58,
2,289,288,4:48,,sin_revisar,,58,
2,290,289,4:49,,sin_revisar,,58,
2,291,290,4:50,,sin_revisar,,59,
2,292,291,4:51,,sin_revisar,,59,
2,293,292,4:52,,sin_revisar,,59,
2,294,293,4:53,,sin_revisar,,59,
2,295,294,4:54,,sin_revisar,,59,
2,296,295,4:55,,sin_revisar,,60,
2,297,296,4:56,,sin_revisar,,60,
2,298,297,4:57,,sin_revisar,,60,
2,299,298,4:58,,sin_revisar,,60,
2,300,299,4:59,,sin_revisar,,60,
2,301,300,5:00,,sin_revisar,,61,
2,302,301,5:01,,sin_revisar,,61,
2,303,302,5:02,,sin_revisar,,61,
2,304,303,5:03,,sin_revisar,,61,
2,305,304,5:04,,sin_revisar,,61,
2,306,305,5:05,,sin_revisar,,62,
2,307,306,5:06,,sin_revisar,,62,
2,308,307,5:07,,sin_revisar,,62,
2,309,308,5:08,,sin_revisar,,62,
2,310,309,5:09,,sin_revisar,,62,
2,311,310,5:10,,sin_revisar,,63,
2,312,311,5:11,,sin_revisar,,63,
2,313,312,5:12,,sin_revisar,,63,
2,314,313,5:13,,sin_revisar,,63,
2,315,314,5:14,,sin_revisar,,63,
2,316,315,5:15,,sin_revisar,,64,
2,317,316,5:16,,sin_revisar,,64,
2,318,317,5:17,,sin_revisar,,64,
2,319,318,5:18,,sin_revisar,,64,
2,320,319,5:19,,sin_revisar,,64,
2,321,320,5:20,,sin_revisar,,65,
2,322,321,5:21,,sin_revisar,,65,
2,323,322,5:22,,sin_revisar,,65,
2,324,323,5:23,,sin_revisar,,65,
2,325,324,5:24,,sin_revisar,,65,
2,326,325,5:25,,sin_revisar,,66,
2,327,326,5:26,,sin_revisar,,66,
2,328,327,5:27,,sin_revisar,,66,
2,329,328,5:28,,sin_revisar,,66,
2,330,329,5:29,,sin_revisar,,66,
2,331,330,5:30,,sin_revisar,,67,
2,332,331,5:31,,sin_revisar,,67,
2,333,332,5:32,,sin_revisar,,67,
2,334,333,5:33,,sin_revisar,,67,
2,335,334,5:34,,sin_revisar,,67,
2,336,335,5:35,,sin_revisar,,68,
2,337,336,5:36,,sin_revisar,,68,
2,338,337,5:37,,sin_revisar,,68,
2,339,338,5:38,,sin_revisar,,68,
2,340,339,5:39,,sin_revisar,,68,
2,341,340,5:40,,sin_revisar,,69,
2,342,341,5:41,,sin_revisar,,69,
2,343,342,5:42,,sin_revisar,,69,
2,344,343,5:43,,sin_revisar,,69,
2,345,344,5:44,,sin_revisar,,69,
2,346,345,5:45,,sin_revisar,,70,
2,347,346,5:46,,sin_revisar,,70,
2,348,347,5:47,,sin_revisar,,70,
2,349,348,5:48,,sin_revisar,,70,
2,350,349,5:49,,sin_revisar,,70,
2,351,350,5:50,,sin_revisar,,71,
2,352,351,5:51,,sin_revisar,,71,
2,353,352,5:52,,sin_revisar,,71,
2,354,353,5:53,,sin_revisar,,71,
2,355,354,5:54,,sin_revisar,,71,
2,356,355,5:55,,sin_revisar,,72,
2,357,356,5:56,,sin_revisar,,72,
2,358,357,5:57,,sin_revisar,,72,
2,359,358,5:58,,sin_revisar,,72,
2,360,359,5:59,,sin_revisar,,72,
2,361,360,6:00,,sin_revisar,,73,
2,362,361,6:01,,sin_revisar,,73,
2,363,362,6:02,,sin_revisar,,73,
2,364,363,6:03,,sin_revisar,,73,
2,365,364,6:04,,sin_revisar,,73,
2,366,365,6:05,,sin_revisar,,74,
2,367,366,6:06,,sin_revisar,,74,
2,368,367,6:07,,sin_revisar,,74,
2,369,368,6:08,,sin_revisar,,74,
2,370,369,6:09,,sin_revisar,,74,
2,371,370,6:10,,sin_revisar,,75,
3,1,0,0:00,,sin_revisar,,1,
3,2,1,0:01,,sin_revisar,,1,
3,3,2,0:02,,sin_revisar,,1,
3,4,3,0:03,,sin_revisar,,1,
3,5,4,0:04,,sin_revisar,,1,
3,6,5,0:05,,sin_revisar,,2,
3,7,6,0:06,,sin_revisar,,2,
3,8,7,0:07,,sin_revisar,,2,
3,9,8,0:08,,sin_revisar,,2,
3,10,9,0:09,,sin_revisar,,2,
3,11,10,0:10,,sin_revisar,,3,
3,12,11,0:11,,sin_revisar,,3,
3,13,12,0:12,,sin_revisar,,3,
3,14,13,0:13,,sin_revisar,,3,
3,15,14,0:14,,sin_revisar,,3,
3,16,15,0:15,,sin_revisar,,4,
3,17,16,0:16,,sin_revisar,,4,
3,18,17,0:17,,sin_revisar,,4,
3,19,18,0:18,,sin_revisar,,4,
3,20,19,0:19,,sin_revisar,,4,
3,21,20,0:20,,sin_revisar,,5,
3,22,21,0:21,,sin_revisar,,5,
3,23,22,0:22,,sin_revisar,,5,
3,24,23,0:23,,sin_revisar,,5,
3,25,24,0:24,,sin_revisar,,5,
3,26,25,0:25,,sin_revisar,,6,
3,27,26,0:26,,sin_revisar,,6,
3,28,27,0:27,,sin_revisar,,6,
3,29,28,0:28,,sin_revisar,,6,
3,30,29,0:29,,sin_revisar,,6,
3,31,30,0:30,,sin_revisar,,7,
3,32,31,0:31,,sin_revisar,,7,
3,33,32,0:32,,sin_revisar,,7,
3,34,33,0:33,,sin_revisar,,7,
3,35,34,0:34,,sin_revisar,,7,
3,36,35,0:35,,sin_revisar,,8,
3,37,36,0:36,,sin_revisar,,8,
3,38,37,0:37,,sin_revisar,,8,
3,39,38,0:38,,sin_revisar,,8,
3,40,39,0:39,,sin_revisar,,8,
3,41,40,0:40,,sin_revisar,,9,
3,42,41,0:41,,sin_revisar,,9,
3,43,42,0:42,,sin_revisar,,9,
3,44,43,0:43,,sin_revisar,,9,
3,45,44,0:44,,sin_revisar,,9,
3,46,45,0:45,,sin_revisar,,10,
3,47,46,0:46,,sin_revisar,,10,
3,48,47,0:47,,sin_revisar,,10,
3,49,48,0:48,,sin_revisar,,10,
3,50,49,0:49,,sin_revisar,,10,
3,51,50,0:50,,sin_revisar,,11,
3,52,51,0:51,,sin_revisar,,11,
3,53,52,0:52,,sin_revisar,,11,
3,54,53,0:53,,sin_revisar,,11,
3,55,54,0:54,,sin_revisar,,11,
3,56,55,0:55,,sin_revisar,,12,
3,57,56,0:56,,sin_revisar,,12,
3,58,57,0:57,,sin_revisar,,12,
3,59,58,0:58,,sin_revisar,,12,
3,60,59,0:59,,sin_revisar,,12,
3,61,60,1:00,,sin_revisar,,13,
3,62,61,1:01,,sin_revisar,,13,
3,63,62,1:02,,sin_revisar,,13,
3,64,63,1:03,,sin_revisar,,13,
3,65,64,1:04,,sin_revisar,,13,
3,66,65,1:05,,sin_revisar,,14,
3,67,66,1:06,,sin_revisar,,14,
3,68,67,1:07,,sin_revisar,,14,
3,69,68,1:08,,sin_revisar,,14,
3,70,69,1:09,,sin_revisar,,14,
3,71,70,1:10,,sin_revisar,,15,
3,72,71,1:11,,sin_revisar,,15,
3,73,72,1:12,,sin_revisar,,15,
3,74,73,1:13,,sin_revisar,,15,
3,75,74,1:14,,sin_revisar,,15,
3,76,75,1:15,,sin_revisar,,16,
3,77,76,1:16,,sin_revisar,,16,
3,78,77,1:17,,sin_revisar,,16,
3,79,78,1:18,,sin_revisar,,16,
3,80,79,1:19,,sin_revisar,,16,
3,81,80,1:20,,sin_revisar,,17,
3,82,81,1:21,,sin_revisar,,17,
3,83,82,1:22,,sin_revisar,,17,
3,84,83,1:23,,sin_revisar,,17,
3,85,84,1:24,,sin_revisar,,17,
3,86,85,1:25,,sin_revisar,,18,
3,87,86,1:26,,sin_revisar,,18,
3,88,87,1:27,,sin_revisar,,18,
3,89,88,1:28,,sin_revisar,,18,
3,90,89,1:29,,sin_revisar,,18,
3,91,90,1:30,,sin_revisar,,19,
3,92,91,1:31,,sin_revisar,,19,
3,93,92,1:32,,sin_revisar,,19,
3,94,93,1:33,,sin_revisar,,19,
3,95,94,1:34,,sin_revisar,,19,
3,96,95,1:35,,sin_revisar,,20,
3,97,96,1:36,,sin_revisar,,20,
3,98,97,1:37,,sin_revisar,,20,
3,99,98,1:38,,sin_revisar,,20,
3,100,99,1:39,,sin_revisar,,20,
3,101,100,1:40,,sin_revisar,,21,
3,102,101,1:41,,sin_revisar,,21,
3,103,102,1:42,,sin_revisar,,21,
3,104,103,1:43,,sin_revisar,,21,
3,105,104,1:44,,sin_revisar,,21,
3,106,105,1:45,,sin_revisar,,22,
3,107,106,1:46,,sin_revisar,,22,
3,108,107,1:47,,sin_revisar,,22,
3,109,108,1:48,,sin_revisar,,22,
3,110,109,1:49,,sin_revisar,,22,
3,111,110,1:50,,sin_revisar,,23,
3,112,111,1:51,,sin_revisar,,23,
3,113,112,1:52,,sin_revisar,,23,
3,114,113,1:53,,sin_revisar,,23,
3,115,114,1:54,,sin_revisar,,23,
3,116,115,1:55,,sin_revisar,,24,
3,117,116,1:56,,sin_revisar,,24,
3,118,117,1:57,,sin_revisar,,24,
3,119,118,1:58,,sin_revisar,,24,
3,120,119,1:59,,sin_revisar,,24,
3,121,120,2:00,,sin_revisar,,25,
3,122,121,2:01,,sin_revisar,,25,
3,123,122,2:02,,sin_revisar,,25,
3,124,123,2:03,,sin_revisar,,25,
3,125,124,2:04,,sin_revisar,,25,
3,126,125,2:05,,sin_revisar,,26,
3,127,126,2:06,,sin_revisar,,26,
3,128,127,2:07,,sin_revisar,,26,
3,129,128,2:08,,sin_revisar,,26,
3,130,129,2:09,,sin_revisar,,26,
3,131,130,2:10,,sin_revisar,,27,
3,132,131,2:11,,sin_revisar,,27,
3,133,132,2:12,,sin_revisar,,27,
3,134,133,2:13,,sin_revisar,,27,
3,135,134,2:14,,sin_revisar,,27,
3,136,135,2:15,,sin_revisar,,28,
3,137,136,2:16,,sin_revisar,,28,
3,138,137,2:17,,sin_revisar,,28,
3,139,138,2:18,,sin_revisar,,28,
3,140,139,2:19,,sin_revisar,,28,
3,141,140,2:20,,sin_revisar,,29,
3,142,141,2:21,,sin_revisar,,29,
3,143,142,2:22,,sin_revisar,,29,
3,144,143,2:23,,sin_revisar,,29,
3,145,144,2:24,,sin_revisar,,29,
3,146,145,2:25,,sin_revisar,,30,
3,147,146,2:26,,sin_revisar,,30,
3,148,147,2:27,,sin_revisar,,30,
3,149,148,2:28,,sin_revisar,,30,
3,150,149,2:29,,sin_revisar,,30,
3,151,150,2:30,,sin_revisar,,31,
3,152,151,2:31,,sin_revisar,,31,
3,153,152,2:32,,sin_revisar,,31,
3,154,153,2:33,,sin_revisar,,31,
3,155,154,2:34,,sin_revisar,,31,
3,156,155,2:35,,sin_revisar,,32,
3,157,156,2:36,,sin_revisar,,32,
3,158,157,2:37,,sin_revisar,,32,
3,159,158,2:38,,sin_revisar,,32,
3,160,159,2:39,,sin_revisar,,32,
3,161,160,2:40,,sin_revisar,,33,
3,162,161,2:41,,sin_revisar,,33,
3,163,162,2:42,,sin_revisar,,33,
3,164,163,2:43,,sin_revisar,,33,
3,165,164,2:44,,sin_revisar,,33,
3,166,165,2:45,,sin_revisar,,34,
3,167,166,2:46,,sin_revisar,,34,
3,168,167,2:47,,sin_revisar,,34,
3,169,168,2:48,,sin_revisar,,34,
3,170,169,2:49,,sin_revisar,,34,
3,171,170,2:50,,sin_revisar,,35,
3,172,171,2:51,,sin_revisar,,35,
3,173,172,2:52,,sin_revisar,,35,
3,174,173,2:53,,sin_revisar,,35,
3,175,174,2:54,,sin_revisar,,35,
3,176,175,2:55,,sin_revisar,,36,
3,177,176,2:56,,sin_revisar,,36,
3,178,177,2:57,,sin_revisar,,36,
3,179,178,2:58,,sin_revisar,,36,
3,180,179,2:59,,sin_revisar,,36,
3,181,180,3:00,,sin_revisar,,37,
3,182,181,3:01,,sin_revisar,,37,
3,183,182,3:02,,sin_revisar,,37,
3,184,183,3:03,,sin_revisar,,37,
3,185,184,3:04,,sin_revisar,,37,
3,186,185,3:05,,sin_revisar,,38,
3,187,186,3:06,,sin_revisar,,38,
3,188,187,3:07,,sin_revisar,,38,
3,189,188,3:08,,sin_revisar,,38,
3,190,189,3:09,,sin_revisar,,38,
3,191,190,3:10,,sin_revisar,,39,
3,192,191,3:11,,sin_revisar,,39,
3,193,192,3:12,,sin_revisar,,39,
3,194,193,3:13,,sin_revisar,,39,
3,195,194,3:14,,sin_revisar,,39,
3,196,195,3:15,,sin_revisar,,40,
3,197,196,3:16,,sin_revisar,,40,
3,198,197,3:17,,sin_revisar,,40,
3,199,198,3:18,,sin_revisar,,40,
3,200,199,3:19,,sin_revisar,,40,
3,201,200,3:20,,sin_revisar,,41,
3,202,201,3:21,,sin_revisar,,41,
3,203,202,3:22,,sin_revisar,,41,
3,204,203,3:23,,sin_revisar,,41,
3,205,204,3:24,,sin_revisar,,41,
3,206,205,3:25,,sin_revisar,,42,
3,207,206,3:26,,sin_revisar,,42,
3,208,207,3:27,,sin_revisar,,42,
3,209,208,3:28,,sin_revisar,,42,
3,210,209,3:29,,sin_revisar,,42,
3,211,210,3:30,,sin_revisar,,43,
3,212,211,3:31,,sin_revisar,,43,
3,213,212,3:32,,sin_revisar,,43,
3,214,213,3:33,,sin_revisar,,43,
3,215,214,3:34,,sin_revisar,,43,
3,216,215,3:35,,sin_revisar,,44,
3,217,216,3:36,,sin_revisar,,44,
3,218,217,3:37,,sin_revisar,,44,
3,219,218,3:38,,sin_revisar,,44,
3,220,219,3:39,,sin_revisar,,44,
3,221,220,3:40,,sin_revisar,,45,
3,222,221,3:41,,sin_revisar,,45,
3,223,222,3:42,,sin_revisar,,45,
3,224,223,3:43,,sin_revisar,,45,
3,225,224,3:44,,sin_revisar,,45,
3,226,225,3:45,,sin_revisar,,46,
3,227,226,3:46,,sin_revisar,,46,
3,228,227,3:47,,sin_revisar,,46,
3,229,228,3:48,,sin_revisar,,46,
3,230,229,3:49,,sin_revisar,,46,
3,231,230,3:50,,sin_revisar,,47,
3,232,231,3:51,,sin_revisar,,47,
3,233,232,3:52,,sin_revisar,,47,
3,234,233,3:53,,sin_revisar,,47,
3,235,234,3:54,,sin_revisar,,47,
3,236,235,3:55,,sin_revisar,,48,
3,237,236,3:56,,sin_revisar,,48,
3,238,237,3:57,,sin_revisar,,48,
3,239,238,3:58,,sin_revisar,,48,
3,240,239,3:59,,sin_revisar,,48,
3,241,240,4:00,,sin_revisar,,49,
3,242,241,4:01,,sin_revisar,,49,
3,243,242,4:02,,sin_revisar,,49,
3,244,243,4:03,,sin_revisar,,49,
3,245,244,4:04,,sin_revisar,,49,
3,246,245,4:05,,sin_revisar,,50,
3,247,246,4:06,,sin_revisar,,50,
3,248,247,4:07,,sin_revisar,,50,
3,249,248,4:08,,sin_revisar,,50,
3,250,249,4:09,,sin_revisar,,50,
3,251,250,4:10,,sin_revisar,,51,
3,252,251,4:11,,sin_revisar,,51,
3,253,252,4:12,,sin_revisar,,51,
3,254,253,4:13,,sin_revisar,,51,
3,255,254,4:14,,sin_revisar,,51,
3,256,255,4:15,,sin_revisar,,52,
3,257,256,4:16,,sin_revisar,,52,
3,258,257,4:17,,sin_revisar,,52,
3,259,258,4:18,,sin_revisar,,52,
3,260,259,4:19,,sin_revisar,,52,
3,261,260,4:20,,sin_revisar,,53,
3,262,261,4:21,,sin_revisar,,53,
3,263,262,4:22,,sin_revisar,,53,
3,264,263,4:23,,sin_revisar,,53,
3,265,264,4:24,,sin_revisar,,53,
3,266,265,4:25,,sin_revisar,,54,
3,267,266,4:26,,sin_revisar,,54,
3,268,267,4:27,,sin_revisar,,54,
3,269,268,4:28,,sin_revisar,,54,
3,270,269,4:29,,sin_revisar,,54,
3,271,270,4:30,,sin_revisar,,55,
3,272,271,4:31,,sin_revisar,,55,
3,273,272,4:32,,sin_revisar,,55,
3,274,273,4:33,,sin_revisar,,55,
3,275,274,4:34,,sin_revisar,,55,
3,276,275,4:35,,sin_revisar,,56,
3,277,276,4:36,,sin_revisar,,56,
3,278,277,4:37,,sin_revisar,,56,
3,279,278,4:38,,sin_revisar,,56,
3,280,279,4:39,,sin_revisar,,56,
3,281,280,4:40,,sin_revisar,,57,
3,282,281,4:41,,sin_revisar,,57,
3,283,282,4:42,,sin_revisar,,57,
3,284,283,4:43,,sin_revisar,,57,
3,285,284,4:44,,sin_revisar,,57,
3,286,285,4:45,,sin_revisar,,58,
3,287,286,4:46,,sin_revisar,,58,
3,288,287,4:47,,sin_revisar,,58,
3,289,288,4:48,,sin_revisar,,58,
3,290,289,4:49,,sin_revisar,,58,
3,291,290,4:50,,sin_revisar,,59,
3,292,291,4:51,,sin_revisar,,59,
3,293,292,4:52,,sin_revisar,,59,
3,294,293,4:53,,sin_revisar,,59,
3,295,294,4:54,,sin_revisar,,59,
3,296,295,4:55,,sin_revisar,,60,
3,297,296,4:56,,sin_revisar,,60,
3,298,297,4:57,,sin_revisar,,60,
3,299,298,4:58,,sin_revisar,,60,
3,300,299,4:59,,sin_revisar,,60,
3,301,300,5:00,,sin_revisar,,61,
3,302,301,5:01,,sin_revisar,,61,
3,303,302,5:02,,sin_revisar,,61,
3,304,303,5:03,,sin_revisar,,61,
3,305,304,5:04,,sin_revisar,,61,
3,306,305,5:05,,sin_revisar,,62,
3,307,306,5:06,,sin_revisar,,62,
3,308,307,5:07,,sin_revisar,,62,
3,309,308,5:08,,sin_revisar,,62,
3,310,309,5:09,,sin_revisar,,62,
3,311,310,5:10,,sin_revisar,,63,
3,312,311,5:11,,sin_revisar,,63,
3,313,312,5:12,,sin_revisar,,63,
3,314,313,5:13,,sin_revisar,,63,
3,315,314,5:14,,sin_revisar,,63,
3,316,315,5:15,,sin_revisar,,64,
3,317,316,5:16,,sin_revisar,,64,
3,318,317,5:17,,sin_revisar,,64,
3,319,318,5:18,,sin_revisar,,64,
3,320,319,5:19,,sin_revisar,,64,
3,321,320,5:20,,sin_revisar,,65,
3,322,321,5:21,,sin_revisar,,65,
3,323,322,5:22,,sin_revisar,,65,
3,324,323,5:23,,sin_revisar,,65,
3,325,324,5:24,,sin_revisar,,65,
3,326,325,5:25,,sin_revisar,,66,
3,327,326,5:26,,sin_revisar,,66,
3,328,327,5:27,,sin_revisar,,66,
3,329,328,5:28,,sin_revisar,,66,
3,330,329,5:29,,sin_revisar,,66,
3,331,330,5:30,,sin_revisar,,67,
3,332,331,5:31,,sin_revisar,,67,
3,333,332,5:32,,sin_revisar,,67,
3,334,333,5:33,,sin_revisar,,67,
3,335,334,5:34,,sin_revisar,,67,
3,336,335,5:35,,sin_revisar,,68,
3,337,336,5:36,,sin_revisar,,68,
3,338,337,5:37,,sin_revisar,,68,
3,339,338,5:38,,sin_revisar,,68,
3,340,339,5:39,,sin_revisar,,68,
3,341,340,5:40,,sin_revisar,,69,
3,342,341,5:41,,sin_revisar,,69,
3,343,342,5:42,,sin_revisar,,69,
3,344,343,5:43,,sin_revisar,,69,
3,345,344,5:44,,sin_revisar,,69,
3,346,345,5:45,,sin_revisar,,70,
3,347,346,5:46,,sin_revisar,,70,
3,348,347,5:47,,sin_revisar,,70,
3,349,348,5:48,,sin_revisar,,70,
3,350,349,5:49,,sin_revisar,,70,
3,351,350,5:50,,sin_revisar,,71,
3,352,351,5:51,,sin_revisar,,71,
3,353,352,5:52,,sin_revisar,,71,
3,354,353,5:53,,sin_revisar,,71,
3,355,354,5:54,,sin_revisar,,71,
3,356,355,5:55,,sin_revisar,,72,
3,357,356,5:56,,sin_revisar,,72,
3,358,357,5:57,,sin_revisar,,72,
3,359,358,5:58,,sin_revisar,,72,
3,360,359,5:59,,sin_revisar,,72,
3,361,360,6:00,,sin_revisar,,73,
3,362,361,6:01,,sin_revisar,,73,
3,363,362,6:02,,sin_revisar,,73,
3,364,363,6:03,,sin_revisar,,73,
3,365,364,6:04,,sin_revisar,,73,
3,366,365,6:05,,sin_revisar,,74,
3,367,366,6:06,,sin_revisar,,74,
3,368,367,6:07,,sin_revisar,,74,
3,369,368,6:08,,sin_revisar,,74,
3,370,369,6:09,,sin_revisar,,74,
3,371,370,6:10,,sin_revisar,,75,
4,1,0,0:00,,sin_revisar,,1,
4,2,1,0:01,,sin_revisar,,1,
4,3,2,0:02,,sin_revisar,,1,
4,4,3,0:03,,sin_revisar,,1,
4,5,4,0:04,,sin_revisar,,1,
4,6,5,0:05,,sin_revisar,,2,
4,7,6,0:06,,sin_revisar,,2,
4,8,7,0:07,,sin_revisar,,2,
4,9,8,0:08,,sin_revisar,,2,
4,10,9,0:09,,sin_revisar,,2,
4,11,10,0:10,,sin_revisar,,3,
4,12,11,0:11,,sin_revisar,,3,
4,13,12,0:12,,sin_revisar,,3,
4,14,13,0:13,,sin_revisar,,3,
4,15,14,0:14,,sin_revisar,,3,
4,16,15,0:15,,sin_revisar,,4,
4,17,16,0:16,,sin_revisar,,4,
4,18,17,0:17,,sin_revisar,,4,
4,19,18,0:18,,sin_revisar,,4,
4,20,19,0:19,,sin_revisar,,4,
4,21,20,0:20,,sin_revisar,,5,
4,22,21,0:21,,sin_revisar,,5,
4,23,22,0:22,,sin_revisar,,5,
4,24,23,0:23,,sin_revisar,,5,
4,25,24,0:24,,sin_revisar,,5,
4,26,25,0:25,,sin_revisar,,6,
4,27,26,0:26,,sin_revisar,,6,
4,28,27,0:27,,sin_revisar,,6,
4,29,28,0:28,,sin_revisar,,6,
4,30,29,0:29,,sin_revisar,,6,
4,31,30,0:30,,sin_revisar,,7,
4,32,31,0:31,,sin_revisar,,7,
4,33,32,0:32,,sin_revisar,,7,
4,34,33,0:33,,sin_revisar,,7,
4,35,34,0:34,,sin_revisar,,7,
4,36,35,0:35,,sin_revisar,,8,
4,37,36,0:36,,sin_revisar,,8,
4,38,37,0:37,,sin_revisar,,8,
4,39,38,0:38,,sin_revisar,,8,
4,40,39,0:39,,sin_revisar,,8,
4,41,40,0:40,,sin_revisar,,9,
4,42,41,0:41,,sin_revisar,,9,
4,43,42,0:42,,sin_revisar,,9,
4,44,43,0:43,,sin_revisar,,9,
4,45,44,0:44,,sin_revisar,,9,
4,46,45,0:45,,sin_revisar,,10,
4,47,46,0:46,,sin_revisar,,10,
4,48,47,0:47,,sin_revisar,,10,
4,49,48,0:48,,sin_revisar,,10,
4,50,49,0:49,,sin_revisar,,10,
4,51,50,0:50,,sin_revisar,,11,
4,52,51,0:51,,sin_revisar,,11,
4,53,52,0:52,,sin_revisar,,11,
4,54,53,0:53,,sin_revisar,,11,
4,55,54,0:54,,sin_revisar,,11,
4,56,55,0:55,,sin_revisar,,12,
4,57,56,0:56,,sin_revisar,,12,
4,58,57,0:57,,sin_revisar,,12,
4,59,58,0:58,,sin_revisar,,12,
4,60,59,0:59,,sin_revisar,,12,
4,61,60,1:00,,sin_revisar,,13,
4,62,61,1:01,,sin_revisar,,13,
4,63,62,1:02,,sin_revisar,,13,
4,64,63,1:03,,sin_revisar,,13,
4,65,64,1:04,,sin_revisar,,13,
4,66,65,1:05,,sin_revisar,,14,
4,67,66,1:06,,sin_revisar,,14,
4,68,67,1:07,,sin_revisar,,14,
4,69,68,1:08,,sin_revisar,,14,
4,70,69,1:09,,sin_revisar,,14,
4,71,70,1:10,,sin_revisar,,15,
4,72,71,1:11,,sin_revisar,,15,
4,73,72,1:12,,sin_revisar,,15,
4,74,73,1:13,,sin_revisar,,15,
4,75,74,1:14,,sin_revisar,,15,
4,76,75,1:15,,sin_revisar,,16,
4,77,76,1:16,,sin_revisar,,16,
4,78,77,1:17,,sin_revisar,,16,
4,79,78,1:18,,sin_revisar,,16,
4,80,79,1:19,,sin_revisar,,16,
4,81,80,1:20,,sin_revisar,,17,
4,82,81,1:21,,sin_revisar,,17,
4,83,82,1:22,,sin_revisar,,17,
4,84,83,1:23,,sin_revisar,,17,
4,85,84,1:24,,sin_revisar,,17,
4,86,85,1:25,,sin_revisar,,18,
4,87,86,1:26,,sin_revisar,,18,
4,88,87,1:27,,sin_revisar,,18,
4,89,88,1:28,,sin_revisar,,18,
4,90,89,1:29,,sin_revisar,,18,
4,91,90,1:30,,sin_revisar,,19,
4,92,91,1:31,,sin_revisar,,19,
4,93,92,1:32,,sin_revisar,,19,
4,94,93,1:33,,sin_revisar,,19,
4,95,94,1:34,,sin_revisar,,19,
4,96,95,1:35,,sin_revisar,,20,
4,97,96,1:36,,sin_revisar,,20,
4,98,97,1:37,,sin_revisar,,20,
4,99,98,1:38,,sin_revisar,,20,
4,100,99,1:39,,sin_revisar,,20,
4,101,100,1:40,,sin_revisar,,21,
4,102,101,1:41,,sin_revisar,,21,
4,103,102,1:42,,sin_revisar,,21,
4,104,103,1:43,,sin_revisar,,21,
4,105,104,1:44,,sin_revisar,,21,
4,106,105,1:45,,sin_revisar,,22,
4,107,106,1:46,,sin_revisar,,22,
4,108,107,1:47,,sin_revisar,,22,
4,109,108,1:48,,sin_revisar,,22,
4,110,109,1:49,,sin_revisar,,22,
4,111,110,1:50,,sin_revisar,,23,
4,112,111,1:51,,sin_revisar,,23,
4,113,112,1:52,,sin_revisar,,23,
4,114,113,1:53,,sin_revisar,,23,
4,115,114,1:54,,sin_revisar,,23,
4,116,115,1:55,,sin_revisar,,24,
4,117,116,1:56,,sin_revisar,,24,
4,118,117,1:57,,sin_revisar,,24,
4,119,118,1:58,,sin_revisar,,24,
4,120,119,1:59,,sin_revisar,,24,
4,121,120,2:00,,sin_revisar,,25,
4,122,121,2:01,,sin_revisar,,25,
4,123,122,2:02,,sin_revisar,,25,
4,124,123,2:03,,sin_revisar,,25,
4,125,124,2:04,,sin_revisar,,25,
4,126,125,2:05,,sin_revisar,,26,
4,127,126,2:06,,sin_revisar,,26,
4,128,127,2:07,,sin_revisar,,26,
4,129,128,2:08,,sin_revisar,,26,
4,130,129,2:09,,sin_revisar,,26,
4,131,130,2:10,,sin_revisar,,27,
4,132,131,2:11,,sin_revisar,,27,
4,133,132,2:12,,sin_revisar,,27,
4,134,133,2:13,,sin_revisar,,27,
4,135,134,2:14,,sin_revisar,,27,
4,136,135,2:15,,sin_revisar,,28,
4,137,136,2:16,,sin_revisar,,28,
4,138,137,2:17,,sin_revisar,,28,
4,139,138,2:18,,sin_revisar,,28,
4,140,139,2:19,,sin_revisar,,28,
4,141,140,2:20,,sin_revisar,,29,
4,142,141,2:21,,sin_revisar,,29,
4,143,142,2:22,,sin_revisar,,29,
4,144,143,2:23,,sin_revisar,,29,
4,145,144,2:24,,sin_revisar,,29,
4,146,145,2:25,,sin_revisar,,30,
4,147,146,2:26,,sin_revisar,,30,
4,148,147,2:27,,sin_revisar,,30,
4,149,148,2:28,,sin_revisar,,30,
4,150,149,2:29,,sin_revisar,,30,
4,151,150,2:30,,sin_revisar,,31,
4,152,151,2:31,,sin_revisar,,31,
4,153,152,2:32,,sin_revisar,,31,
4,154,153,2:33,,sin_revisar,,31,
4,155,154,2:34,,sin_revisar,,31,
4,156,155,2:35,,sin_revisar,,32,
4,157,156,2:36,,sin_revisar,,32,
4,158,157,2:37,,sin_revisar,,32,
4,159,158,2:38,,sin_revisar,,32,
4,160,159,2:39,,sin_revisar,,32,
4,161,160,2:40,,sin_revisar,,33,
4,162,161,2:41,,sin_revisar,,33,
4,163,162,2:42,,sin_revisar,,33,
4,164,163,2:43,,sin_revisar,,33,
4,165,164,2:44,,sin_revisar,,33,
4,166,165,2:45,,sin_revisar,,34,
4,167,166,2:46,,sin_revisar,,34,
4,168,167,2:47,,sin_revisar,,34,
4,169,168,2:48,,sin_revisar,,34,
4,170,169,2:49,,sin_revisar,,34,
4,171,170,2:50,,sin_revisar,,35,
4,172,171,2:51,,sin_revisar,,35,
4,173,172,2:52,,sin_revisar,,35,
4,174,173,2:53,,sin_revisar,,35,
4,175,174,2:54,,sin_revisar,,35,
4,176,175,2:55,,sin_revisar,,36,
4,177,176,2:56,,sin_revisar,,36,
4,178,177,2:57,,sin_revisar,,36,
4,179,178,2:58,,sin_revisar,,36,
4,180,179,2:59,,sin_revisar,,36,
4,181,180,3:00,,sin_revisar,,37,
4,182,181,3:01,,sin_revisar,,37,
4,183,182,3:02,,sin_revisar,,37,
4,184,183,3:03,,sin_revisar,,37,
4,185,184,3:04,,sin_revisar,,37,
4,186,185,3:05,,sin_revisar,,38,
4,187,186,3:06,,sin_revisar,,38,
4,188,187,3:07,,sin_revisar,,38,
4,189,188,3:08,,sin_revisar,,38,
4,190,189,3:09,,sin_revisar,,38,
4,191,190,3:10,,sin_revisar,,39,
4,192,191,3:11,,sin_revisar,,39,
4,193,192,3:12,,sin_revisar,,39,
4,194,193,3:13,,sin_revisar,,39,
4,195,194,3:14,,sin_revisar,,39,
4,196,195,3:15,,sin_revisar,,40,
4,197,196,3:16,,sin_revisar,,40,
4,198,197,3:17,,sin_revisar,,40,
4,199,198,3:18,,sin_revisar,,40,
4,200,199,3:19,,sin_revisar,,40,
4,201,200,3:20,,sin_revisar,,41,
4,202,201,3:21,,sin_revisar,,41,
4,203,202,3:22,,sin_revisar,,41,
4,204,203,3:23,,sin_revisar,,41,
4,205,204,3:24,,sin_revisar,,41,
4,206,205,3:25,,sin_revisar,,42,
4,207,206,3:26,,sin_revisar,,42,
4,208,207,3:27,,sin_revisar,,42,
4,209,208,3:28,,sin_revisar,,42,
4,210,209,3:29,,sin_revisar,,42,
4,211,210,3:30,,sin_revisar,,43,
4,212,211,3:31,,sin_revisar,,43,
4,213,212,3:32,,sin_revisar,,43,
4,214,213,3:33,,sin_revisar,,43,
4,215,214,3:34,,sin_revisar,,43,
4,216,215,3:35,,sin_revisar,,44,
4,217,216,3:36,,sin_revisar,,44,
4,218,217,3:37,,sin_revisar,,44,
4,219,218,3:38,,sin_revisar,,44,
4,220,219,3:39,,sin_revisar,,44,
4,221,220,3:40,,sin_revisar,,45,
4,222,221,3:41,,sin_revisar,,45,
4,223,222,3:42,,sin_revisar,,45,
4,224,223,3:43,,sin_revisar,,45,
4,225,224,3:44,,sin_revisar,,45,
4,226,225,3:45,,sin_revisar,,46,
4,227,226,3:46,,sin_revisar,,46,
4,228,227,3:47,,sin_revisar,,46,
4,229,228,3:48,,sin_revisar,,46,
4,230,229,3:49,,sin_revisar,,46,
4,231,230,3:50,,sin_revisar,,47,
4,232,231,3:51,,sin_revisar,,47,
4,233,232,3:52,,sin_revisar,,47,
4,234,233,3:53,,sin_revisar,,47,
4,235,234,3:54,,sin_revisar,,47,
4,236,235,3:55,,sin_revisar,,48,
4,237,236,3:56,,sin_revisar,,48,
4,238,237,3:57,,sin_revisar,,48,
4,239,238,3:58,,sin_revisar,,48,
4,240,239,3:59,,sin_revisar,,48,
4,241,240,4:00,,sin_revisar,,49,
4,242,241,4:01,,sin_revisar,,49,
4,243,242,4:02,,sin_revisar,,49,
4,244,243,4:03,,sin_revisar,,49,
4,245,244,4:04,,sin_revisar,,49,
4,246,245,4:05,,sin_revisar,,50,
4,247,246,4:06,,sin_revisar,,50,
4,248,247,4:07,,sin_revisar,,50,
4,249,248,4:08,,sin_revisar,,50,
4,250,249,4:09,,sin_revisar,,50,
4,251,250,4:10,,sin_revisar,,51,
4,252,251,4:11,,sin_revisar,,51,
4,253,252,4:12,,sin_revisar,,51,
4,254,253,4:13,,sin_revisar,,51,
4,255,254,4:14,,sin_revisar,,51,
4,256,255,4:15,,sin_revisar,,52,
4,257,256,4:16,,sin_revisar,,52,
4,258,257,4:17,,sin_revisar,,52,
4,259,258,4:18,,sin_revisar,,52,
4,260,259,4:19,,sin_revisar,,52,
4,261,260,4:20,,sin_revisar,,53,
4,262,261,4:21,,sin_revisar,,53,
4,263,262,4:22,,sin_revisar,,53,
4,264,263,4:23,,sin_revisar,,53,
4,265,264,4:24,,sin_revisar,,53,
4,266,265,4:25,,sin_revisar,,54,
4,267,266,4:26,,sin_revisar,,54,
4,268,267,4:27,,sin_revisar,,54,
4,269,268,4:28,,sin_revisar,,54,
4,270,269,4:29,,sin_revisar,,54,
4,271,270,4:30,,sin_revisar,,55,
4,272,271,4:31,,sin_revisar,,55,
4,273,272,4:32,,sin_revisar,,55,
4,274,273,4:33,,sin_revisar,,55,
4,275,274,4:34,,sin_revisar,,55,
4,276,275,4:35,,sin_revisar,,56,
4,277,276,4:36,,sin_revisar,,56,
4,278,277,4:37,,sin_revisar,,56,
4,279,278,4:38,,sin_revisar,,56,
4,280,279,4:39,,sin_revisar,,56,
4,281,280,4:40,,sin_revisar,,57,
4,282,281,4:41,,sin_revisar,,57,
4,283,282,4:42,,sin_revisar,,57,
4,284,283,4:43,,sin_revisar,,57,
4,285,284,4:44,,sin_revisar,,57,
4,286,285,4:45,,sin_revisar,,58,
4,287,286,4:46,,sin_revisar,,58,
4,288,287,4:47,,sin_revisar,,58,
4,289,288,4:48,,sin_revisar,,58,
4,290,289,4:49,,sin_revisar,,58,
4,291,290,4:50,,sin_revisar,,59,
4,292,291,4:51,,sin_revisar,,59,
4,293,292,4:52,,sin_revisar,,59,
4,294,293,4:53,,sin_revisar,,59,
4,295,294,4:54,,sin_revisar,,59,
4,296,295,4:55,,sin_revisar,,60,
4,297,296,4:56,,sin_revisar,,60,
4,298,297,4:57,,sin_revisar,,60,
4,299,298,4:58,,sin_revisar,,60,
4,300,299,4:59,,sin_revisar,,60,
4,301,300,5:00,,sin_revisar,,61,
4,302,301,5:01,,sin_revisar,,61,
4,303,302,5:02,,sin_revisar,,61,
4,304,303,5:03,,sin_revisar,,61,
4,305,304,5:04,,sin_revisar,,61,
4,306,305,5:05,,sin_revisar,,62,
4,307,306,5:06,,sin_revisar,,62,
4,308,307,5:07,,sin_revisar,,62,
4,309,308,5:08,,sin_revisar,,62,
4,310,309,5:09,,sin_revisar,,62,
4,311,310,5:10,,sin_revisar,,63,
4,312,311,5:11,,sin_revisar,,63,
4,313,312,5:12,,sin_revisar,,63,
4,314,313,5:13,,sin_revisar,,63,
4,315,314,5:14,,sin_revisar,,63,
4,316,315,5:15,,sin_revisar,,64,
4,317,316,5:16,,sin_revisar,,64,
4,318,317,5:17,,sin_revisar,,64,
4,319,318,5:18,,sin_revisar,,64,
4,320,319,5:19,,sin_revisar,,64,
4,321,320,5:20,,sin_revisar,,65,
4,322,321,5:21,,sin_revisar,,65,
4,323,322,5:22,,sin_revisar,,65,
4,324,323,5:23,,sin_revisar,,65,
4,325,324,5:24,,sin_revisar,,65,
4,326,325,5:25,,sin_revisar,,66,
4,327,326,5:26,,sin_revisar,,66,
4,328,327,5:27,,sin_revisar,,66,
4,329,328,5:28,,sin_revisar,,66,
4,330,329,5:29,,sin_revisar,,66,
4,331,330,5:30,,sin_revisar,,67,
4,332,331,5:31,,sin_revisar,,67,
4,333,332,5:32,,sin_revisar,,67,
4,334,333,5:33,,sin_revisar,,67,
4,335,334,5:34,,sin_revisar,,67,
4,336,335,5:35,,sin_revisar,,68,
4,337,336,5:36,,sin_revisar,,68,
4,338,337,5:37,,sin_revisar,,68,
4,339,338,5:38,,sin_revisar,,68,
4,340,339,5:39,,sin_revisar,,68,
4,341,340,5:40,,sin_revisar,,69,
4,342,341,5:41,,sin_revisar,,69,
4,343,342,5:42,,sin_revisar,,69,
4,344,343,5:43,,sin_revisar,,69,
4,345,344,5:44,,sin_revisar,,69,
4,346,345,5:45,,sin_revisar,,70,
4,347,346,5:46,,sin_revisar,,70,
4,348,347,5:47,,sin_revisar,,70,
4,349,348,5:48,,sin_revisar,,70,
4,350,349,5:49,,sin_revisar,,70,
4,351,350,5:50,,sin_revisar,,71,
4,352,351,5:51,,sin_revisar,,71,
4,353,352,5:52,,sin_revisar,,71,
4,354,353,5:53,,sin_revisar,,71,
4,355,354,5:54,,sin_revisar,,71,
4,356,355,5:55,,sin_revisar,,72,
4,357,356,5:56,,sin_revisar,,72,
4,358,357,5:57,,sin_revisar,,72,
4,359,358,5:58,,sin_revisar,,72,
4,360,359,5:59,,sin_revisar,,72,
4,361,360,6:00,,sin_revisar,,73,
4,362,361,6:01,,sin_revisar,,73,
4,363,362,6:02,,sin_revisar,,73,
4,364,363,6:03,,sin_revisar,,73,
4,365,364,6:04,,sin_revisar,,73,
4,366,365,6:05,,sin_revisar,,74,
4,367,366,6:06,,sin_revisar,,74,
4,368,367,6:07,,sin_revisar,,74,
4,369,368,6:08,,sin_revisar,,74,
4,370,369,6:09,,sin_revisar,,74,
4,371,370,6:10,,sin_revisar,,75,
