video,paso,bloque,rotar,especimen,t0,t1,n,n_visto,escala_px,gx0,gx1,g_agua,g_fondo,rng,spanx,spany,path,nq,hrise,hmean,above,area,vert,elong,me,me_max,iou,dice,bx0,by0,bx1,by1,p_escalamiento,p_inmovilidad,p_nado,clase,confianza,usar
AcuN1,12,1,0,1,0.0,5.0,13,13,182.0,297,643,614,932,0.5566277232607736,0.5510748534767955,0.07842785326655824,0.13516120448201496,2.0,0.18553459119496854,0.12360909530720851,0.10483831731777016,0.26149802383162946,0.2721648752645502,2.5007495315324024,41.16664134336167,52.90447154471545,0.47142336350093167,0.634907193917914,284,439,632,918,0.0,0.0,1.0,nado,1.0,1
AcuN1,12,2,0,1,5.0,10.0,12,12,182.0,297,643,614,932,0.4486304591180584,0.4459144139822025,0.04929121880607928,0.1606433080735406,2.0,0.20754716981132076,0.1417714884696017,0.093387840132369,0.24598619645142664,0.4599146265987426,2.1832917281019992,42.58872241657937,52.35140631761142,0.3950041963055639,0.5567428376045583,290,427,637,904,0.0,0.0,1.0,nado,1.0,1
AcuN1,12,3,0,1,10.0,15.0,13,13,182.0,297,643,614,932,0.6280159048044635,0.6274601307709464,0.02641516572493221,0.1632915456429784,2.0,0.1792452830188679,0.10812772133526852,0.1026050970334608,0.2710460851927151,0.19391406515099163,2.6805044123563793,37.49808816230609,53.6397021058038,0.5107539095918276,0.6680885348020216,291,429,637,906,0.0,0.0,1.0,nado,1.0,1
AcuN1,12,4,0,1,15.0,20.0,12,12,182.0,297,643,614,932,0.6426827644668214,0.6275173232110919,0.1387917317879628,0.15885446525031158,2.0,0.20754716981132076,0.12526205450733754,0.08103219682514842,0.27103196313097266,0.36399615568972227,2.396405247507087,39.878893239590205,56.17790002598978,0.5053781363432195,0.6620376202498137,290,436,638,915,0.0,0.0,1.0,nado,1.0,1
AcuN1,12,5,0,1,20.0,25.0,13,13,182.0,297,643,614,932,0.5425591911253369,0.4147164355768739,0.3498296070045995,0.17569302559291683,1.0,0.22955974842767296,0.11465892597968069,0.05705390325100943,0.2879020233261561,0.7312562478355654,3.1128699513909406,43.102490107638225,62.90720448891006,0.4208876130706545,0.5796030806085455,298,448,645,926,0.0,0.0,1.0,nado,1.0,1
AcuN1,12,6,0,1,25.0,30.0,12,12,182.0,297,643,614,932,0.29750612357815026,0.2414123233538617,0.1738677189687267,0.09814241671252967,1.0,0.1761006289308176,0.1417714884696017,0.09279181174567833,0.35214715125047047,0.5627118376165642,2.2422942551240186,39.3988882452254,53.86479410720625,0.57178525301088,0.720352794043562,297,437,644,915,0.0,0.0,1.0,nado,1.0,1
AcuN1,12,7,0,1,30.0,35.0,13,13,182.0,297,643,614,932,0.5363130801028186,0.47643602551204206,0.24625278370743559,0.18064900935879477,2.0,0.1792452830188679,0.1289308176100629,0.07447859291215916,0.2837327264128301,0.7192935652104364,2.139565248935189,38.698218786217645,51.3153111842928,0.5017137267290225,0.6550054035098355,301,443,648,920,0.0,0.0,1.0,nado,1.0,1
AcuN1,12,8,0,1,35.0,40.0,12,12,182.0,297,643,614,932,0.5062703410199719,0.4594695151861812,0.21259685512973703,0.2606854942578018,2.0,0.18553459119496854,0.1417714884696017,0.07892220603850929,0.3332050170371618,0.7575943569093478,2.0979225590476545,45.14418845022499,64.7078896089183,0.4110862926598073,0.5772147672351895,294,471,641,948,0.0,0.0,1.0,nado,1.0,1
AcuN1,12,9,0,1,40.0,45.0,13,13,182.0,297,643,614,932,0.704790566209407,0.6718359093766872,0.21299355175632956,0.18093787589342067,1.0,0.18867924528301888,0.11973875181422353,0.06846375532728853,0.30535921307460345,0.8182041055650491,2.1471287181620227,42.53059563742197,59.431919590437275,0.4754041181068968,0.6356963491987534,297,477,644,955,0.0,0.0,1.0,nado,1.0,1
AcuN1,12,10,0,1,45.0,50.0,12,12,182.0,297,643,614,932,0.7777241169566934,0.7186660933503122,0.29727739295928457,0.37060867291456645,2.0,0.16981132075471697,0.12578616352201258,0.08473914130608536,0.3053073676972477,0.6262040382402058,2.2016144838732803,49.65224918781488,66.61570321073313,0.3588917593572413,0.5187911010938082,298,473,644,951,0.0,0.0,1.0,nado,1.0,1
AcuN1,12,11,0,1,50.0,55.0,13,13,182.0,297,643,614,932,0.9540352387702282,0.912802929397517,0.2774419739309068,0.3156993177708866,2.0,0.2893081761006289,0.15699080793420414,0.08585130203152667,0.3998996455886353,0.8420290940613998,2.5528104098807365,48.47970873898252,68.71539169337183,0.41022668208549173,0.5696430730929806,294,481,641,959,0.0,0.0,1.0,nado,1.0,1
AcuN1,12,12,0,1,55.0,60.0,12,12,182.0,297,643,614,932,0.8484772643230177,0.7761342847740365,0.3428253783945511,0.4072960173589033,2.0,0.27672955974842767,0.13495807127882598,0.07639222900470838,0.3071583250500086,0.7622913426789246,2.622916076906495,49.89897893397147,65.54453287852947,0.2943237127256814,0.4309004269764796,299,493,644,969,0.0,0.0,1.0,nado,1.0,1
AcuN1,12,13,0,1,60.0,65.0,13,13,182.0,297,643,614,932,0.8445988434449265,0.8177745459461003,0.21116817551694897,0.2493471337692442,2.0,0.2672955974842767,0.1574746008708273,0.075035737265833,0.34350735125761356,0.8586026005119856,2.8462277136884824,45.37411463283127,73.34800895199876,0.4342448514084378,0.5896677436787704,298,492,643,968,0.0,0.0,1.0,nado,1.0,1
AcuN1,12,14,0,1,65.0,70.0,12,12,182.0,297,643,614,932,0.5806774998164861,0.5691148126594572,0.11530259669546068,0.18152085934223997,2.0,0.20125786163522014,0.12919287211740044,0.07631175259806659,0.2690703507190793,0.7563286290492184,1.9890735628322214,39.1111573315394,58.67168835433685,0.4756530117036406,0.6327732269415409,297,493,644,970,0.0,0.0,1.0,nado,1.0,1
AcuN1,12,15,0,1,70.0,75.0,13,13,182.0,297,643,614,932,0.7297301367799218,0.7019449025655489,0.19944780341504256,0.19773244229498121,2.0,0.18867924528301888,0.14223512336719885,0.08211147055749093,0.3342425049429788,0.7339882185978797,2.304637140870201,42.72539849491867,52.929726393746144,0.4589008370390383,0.6172185136924401,299,496,644,972,0.0,0.0,1.0,nado,1.0,1
AcuN1,12,16,0,1,75.0,80.0,12,12,182.0,297,643,614,932,0.8719150718280978,0.8650390450221974,0.10928560320591932,0.2933266531104529,2.0,0.24528301886792453,0.15120545073375263,0.07976972319595552,0.33353698221455913,0.8090418013358164,2.408435629066967,46.27554996229705,68.54498502220845,0.38277780792640836,0.5404798864215028,295,485,642,962,0.0,0.0,1.0,nado,1.0,1
AcuN1,12,17,0,1,80.0,85.0,13,13,182.0,297,643,614,932,0.7285509808510584,0.7203570589778323,0.10895980579941923,0.2478193712363489,2.0,0.20754716981132076,0.1463473633284954,0.08024039410306957,0.3440575313068665,0.8211867680438647,2.2809664540715024,50.82717319199591,70.61335928319625,0.3693472160283974,0.5344988364972785,296,486,643,963,0.0,0.0,1.0,nado,1.0,1
AcuN1,12,18,0,1,85.0,90.0,12,12,182.0,297,643,614,932,0.7560328479481523,0.7528842256933481,0.06892756980136346,0.27771249740488246,2.0,0.20440251572327045,0.13233752620545075,0.07835887119201684,0.3256377199251271,0.8227390693939002,1.8491274341838597,48.17188117893712,71.21388022106095,0.3975708350968579,0.5612023250769552,292,472,639,949,0.0,0.0,1.0,nado,1.0,1
AcuN1,12,19,0,1,90.0,95.0,13,13,182.0,297,643,614,932,0.35985820100130766,0.26359137964312307,0.2449847125959751,0.2227225740473504,1.0,0.29874213836477986,0.20633768746976294,0.11007779567711133,0.4291172240692149,0.9405818785367626,2.8000259128916762,47.121225343572966,57.85378923971623,0.42412431652963467,0.5911768332764606,292,475,639,953,1.0,0.0,0.0,escalamiento,1.0,1
AcuN1,12,20,0,1,95.0,100.0,12,12,182.0,297,643,614,932,0.9472275820115964,0.9152121212718464,0.24418612819040877,0.29870405551543816,2.0,0.2578616352201258,0.120020964360587,0.07445325058218302,0.34100619870599924,0.8600012141224248,2.734651397471796,51.77683874508193,63.2578716490658,0.29962922477228326,0.45148873141479223,292,476,639,953,0.0,0.0,1.0,nado,1.0,1
AcuN1,12,21,0,1,100.0,105.0,13,13,182.0,297,643,614,932,0.5228333693823096,0.2799047168516381,0.44159719385868257,0.23579045798346598,1.0,0.2672955974842767,0.11756168359941946,0.05599532897902912,0.33801251506950514,0.9169598296156913,2.7467229133106277,45.07619984213629,61.59519557823129,0.4144906981190584,0.577880945142111,291,468,638,946,1.0,0.0,0.0,escalamiento,1.0,1
AcuN1,12,22,0,1,105.0,110.0,12,12,182.0,297,643,614,932,0.8127555196285875,0.7542076579399296,0.3028899856243212,0.28474313025857245,2.0,0.24213836477987422,0.1388888888888889,0.08557408402499381,0.41938267411196894,0.8375124826111232,2.390176114388349,46.10268787002309,69.37391807875167,0.3726898078260988,0.519660668311351,292,466,639,944,0.0,0.0,1.0,nado,1.0,1
AcuN1,12,23,0,1,110.0,115.0,13,13,182.0,297,643,614,932,0.674955953123897,0.6574373725358411,0.15277971020576644,0.1857720912980608,2.0,0.16981132075471697,0.1366715045960329,0.06901393537654146,0.36683080676328517,0.8589147980869163,2.2863515858732617,43.36892408605789,62.2776508226691,0.4560156611893561,0.6211737241443331,292,466,639,944,0.0,0.0,1.0,nado,1.0,1
AcuN1,12,24,0,1,115.0,120.0,12,12,182.0,297,643,614,932,0.2521842860369258,0.22880211675077497,0.10604954264078054,0.09630774890317467,1.0,0.1509433962264151,0.12080712788259958,0.049794776609600536,0.3404805871751201,0.9340359310843128,2.5547635719081003,28.67113807242738,38.39714987714988,0.627956420754916,0.7696261551967737,294,470,640,947,0.0,1.0,0.0,inmovilidad,1.0,1
AcuN1,12,25,0,1,120.0,125.0,13,13,182.0,297,643,614,932,0.35460168744532294,0.2763378283474206,0.2222155740790955,0.15598606163558754,2.0,0.14779874213836477,0.12143202709240444,0.066971072746404,0.416776476635339,0.7529691158114039,2.0821559682647783,34.910894415682954,63.18242451190428,0.5388069959406642,0.6871156440571913,294,466,640,943,0.0,0.0,1.0,nado,1.0,1
AcuN1,12,26,0,1,125.0,130.0,12,12,182.0,297,643,614,932,0.2821592462242732,0.1593728808361734,0.23283926877532682,0.1223970174500912,1.0,0.16981132075471697,0.13653039832285113,0.058906214774074414,0.3944500773792629,0.9315911958061168,2.3320172793836975,36.07798234842239,63.08344874116686,0.5114779168456889,0.6670961748050565,293,466,640,944,0.998,0.0,0.002,escalamiento,0.998,1
AcuN1,12,27,0,1,130.0,135.0,13,13,182.0,297,643,614,932,0.6867712319868755,0.613131289491439,0.3093941611138386,0.2707150091583334,2.0,0.23270440251572327,0.14852443154329947,0.07498930856969352,0.39018444092144744,0.8427614093176479,2.4481192256253914,44.74125916555538,69.85925674529102,0.445319797944474,0.6098163534870493,294,466,641,943,0.0,0.0,1.0,nado,1.0,1
AcuN1,12,28,0,1,135.0,140.0,12,12,182.0,297,643,614,932,0.8472946193295543,0.7575230562499968,0.37956157760563475,0.2657103704091462,2.0,0.14150943396226415,0.12237945492662473,0.0846008224821698,0.4451502135635834,0.7753143028489321,1.9196718655940135,39.18180405806656,55.37007435683327,0.4820019580243347,0.646126134721565,294,467,640,944,0.0,0.0,1.0,nado,1.0,1
AcuN1,12,29,0,1,140.0,145.0,13,13,182.0,297,643,614,932,0.3549279056026523,0.3017087589732367,0.18693753752073072,0.16855771533732228,1.0,0.22955974842767296,0.14078374455732945,0.07678842054509867,0.3773236920908094,0.8612239124347005,2.2374728227096097,40.66293679663612,54.847473138324915,0.48969945982275365,0.6502970115193374,294,466,640,944,0.026,0.0,0.974,nado,0.974,1
AcuN1,12,30,0,1,145.0,150.0,12,12,182.0,297,643,614,932,0.5149790230789151,0.4464780178348208,0.25663353989999677,0.2300837712401683,2.0,0.13522012578616352,0.105083857442348,0.07418415759747457,0.4255592383217255,0.7246479494484072,1.9567595980740107,35.04985461366919,52.416404563675606,0.5169621481986983,0.6722608956631989,295,467,642,944,0.0,0.0,1.0,nado,1.0,1
AcuN1,12,31,0,1,150.0,155.0,12,12,182.0,297,643,614,932,0.6641160593850088,0.6019557028137399,0.28053426204848686,0.17689562274720472,2.0,0.14150943396226415,0.11556603773584906,0.06750210095849939,0.447484029356195,0.7554850586128419,1.849967687992715,32.729988316585285,48.29387479357454,0.5697604586379115,0.720827253344877,299,476,645,953,0.0,0.0,1.0,nado,1.0,1
AcuN1,12,32,0,1,155.0,160.0,13,13,182.0,297,643,614,932,0.6322636944584059,0.5767475618107746,0.25907456315802074,0.1597784853161176,1.0,0.1761006289308176,0.11151427189163038,0.057813012432890054,0.4904518531042851,0.8925971291112632,1.878057507280571,31.961750100723812,46.68779424820425,0.5597585333228776,0.7077142206432724,296,470,642,947,0.0,0.021,0.979,nado,0.979,1
AcuN1,12,33,0,1,160.0,165.0,12,12,182.0,297,643,614,932,0.606485684274776,0.5540418613712328,0.24670326523688904,0.2774417977287196,2.0,0.16352201257861634,0.13338574423480082,0.0845781884928018,0.3591687177299656,0.7434319359313356,2.3182774451326478,43.74635888113025,57.11549524002431,0.4456830185881057,0.609801227030871,296,466,643,944,0.0,0.0,1.0,nado,1.0,1
AcuN1,12,34,0,1,165.0,170.0,13,13,182.0,297,643,614,932,0.4272181406727468,0.3553826068412536,0.23710449695143668,0.12949627859013646,1.0,0.1949685534591195,0.1282051282051282,0.06085641346483347,0.36268008132841495,0.911122094164319,1.9832811813964761,31.758145862875764,44.302863016827835,0.6171366020313361,0.7599788286067118,294,459,640,936,0.0,1.0,0.0,inmovilidad,1.0,1
AcuN1,12,35,0,1,170.0,175.0,12,12,182.0,297,643,614,932,0.2905576858274697,0.23781092578560722,0.1669423025191848,0.14759460583428108,2.0,0.2358490566037736,0.14019916142557654,0.0683621925544834,0.42786287546184637,0.9542300053072439,2.2258902853999953,37.80373641358677,45.97975649112513,0.5433071939652272,0.7004142600243952,296,459,642,937,0.973,0.0,0.027,escalamiento,0.973,1
AcuN1,12,36,0,1,175.0,180.0,13,13,182.0,297,643,614,932,0.7850084030892724,0.7699258684062494,0.15314160140096605,0.30265084510637114,2.0,0.19811320754716982,0.11659409772617321,0.07421162790935709,0.3556275623848268,0.7257228624980795,2.061820574272241,43.232101844881655,58.32047541405647,0.44660028492685355,0.6146874667831181,294,453,641,930,0.0,0.0,1.0,nado,1.0,1
AcuN1,12,37,0,1,180.0,185.0,12,12,182.0,297,643,614,932,1.0112932911103516,1.0077130722363237,0.08502049569860419,0.2396622538334594,2.0,0.14150943396226415,0.1179245283018868,0.07022572434578209,0.3235906013311768,0.8192542717588123,1.952437529523644,40.323784289893084,50.968719372754,0.501397126919474,0.66503423831163,296,454,642,931,0.0,0.0,1.0,nado,1.0,1
AcuN1,12,38,0,1,185.0,190.0,13,13,182.0,297,643,614,932,0.4410356643263986,0.3594040635989559,0.25561920169734,0.1525012043492115,1.0,0.20754716981132076,0.1204644412191582,0.06568499786334019,0.35897971424609776,0.8090615909828777,2.163338024226042,39.379801291655724,49.333004322521354,0.5178304605441757,0.679135570894356,295,449,641,926,0.0,0.0,1.0,nado,1.0,1
AcuN1,12,39,0,1,190.0,195.0,12,12,182.0,297,643,614,932,0.48984933533057046,0.43340209714702566,0.2282870857327715,0.18600877180379918,2.0,0.14465408805031446,0.11346960167714885,0.05890369988636685,0.3580118693844901,0.8699152374529867,2.033057767362504,35.784607961811425,46.82008849557522,0.567304648104772,0.7159921317745991,295,447,642,925,0.0,0.0,1.0,nado,1.0,1
AcuN1,12,40,0,1,195.0,200.0,13,13,182.0,297,643,614,932,0.5042170658485962,0.50117640903507,0.0552906549036971,0.10859428344522316,1.0,0.11635220125786164,0.10595065312046445,0.049845848175353966,0.340473235964898,0.8380996133109655,2.243665119977714,29.23143651392792,44.71540036308857,0.6451630255515126,0.7783533621163156,293,444,640,922,0.0,0.997,0.003,inmovilidad,0.997,1
AcuN1,12,41,0,1,200.0,205.0,12,12,182.0,297,643,614,932,0.7910438667489026,0.7370370975410597,0.28727463509559287,0.27663501716303485,2.0,0.15723270440251572,0.11163522012578617,0.06643830345820338,0.383211044214197,0.7951166744333005,2.1244848611054707,36.965042039542375,50.10410682400435,0.49061544239812743,0.6520036775344659,292,436,639,914,0.0,0.0,1.0,nado,1.0,1
AcuN1,12,42,0,1,205.0,210.0,13,13,182.0,297,643,614,932,0.45815963382710917,0.4174739147819715,0.1887479285852059,0.1690460307803383,1.0,0.18238993710691823,0.12747943880019352,0.08234825690780231,0.40586341160775247,0.7954580291074612,1.959317732732503,36.445303594614565,48.0167222767419,0.5317796441315751,0.6889483031949737,293,439,640,917,0.0,0.0,1.0,nado,1.0,1
AcuN1,12,43,0,1,210.0,215.0,12,12,182.0,297,643,614,932,0.5590336120327987,0.5420209993458615,0.13686422341339394,0.25129211465690243,2.0,0.2138364779874214,0.1339098532494759,0.08758850907874584,0.37917213455586274,0.7490182846232459,2.0138601756705463,38.1123023669718,49.91463003133285,0.5057984915526688,0.6639519662225773,292,429,639,907,0.0,0.0,1.0,nado,1.0,1
AcuN1,12,44,0,1,215.0,220.0,13,13,182.0,297,643,614,932,0.7628287422526419,0.7524125031027932,0.12563086874385973,0.2122324967443126,2.0,0.16666666666666666,0.12385099177552009,0.07623591906103877,0.3766086901702612,0.7701237980715204,1.9204997944725182,39.31731068244216,53.763436654607084,0.505804043591602,0.6626189391135818,293,429,638,906,0.0,0.0,1.0,nado,1.0,1
AcuN1,12,45,0,1,220.0,225.0,12,12,182.0,297,643,614,932,0.3352023963439029,0.31139527056685085,0.12407107633648028,0.11034738017526151,1.0,0.14150943396226415,0.12237945492662473,0.08872272343485339,0.398121813432294,0.7299299525849071,1.8613050520067036,27.22031288403085,43.040334603279774,0.6539262990037712,0.7823708467799554,292,430,638,907,0.0,1.0,0.0,inmovilidad,1.0,1
AcuN1,12,46,0,1,225.0,230.0,13,13,182.0,297,643,614,932,0.33129261698270573,0.2536876610098792,0.21306658282937377,0.11931031535497048,1.0,0.14150943396226415,0.10643444605708757,0.07596431118862276,0.45059978177295584,0.7642818357954655,1.6932457173845363,29.53569694420069,36.03287308340692,0.5935148689328508,0.7421527727321883,292,428,638,905,0.0,1.0,0.0,inmovilidad,1.0,1
AcuN1,12,47,0,1,230.0,235.0,12,12,182.0,297,643,614,932,0.7035174091007392,0.6925039668833203,0.1239959707356739,0.24021227867759318,2.0,0.1509433962264151,0.11425576519916143,0.07614074023395281,0.43671276530473446,0.7016929191562448,1.9299733803011112,37.26367227630239,50.113639216670855,0.4936794473331214,0.6546524131033047,292,430,638,908,0.0,0.0,1.0,nado,1.0,1
AcuN1,12,48,0,1,235.0,240.0,13,13,182.0,297,643,614,932,0.9811724439643614,0.9694216175028194,0.15139713442867858,0.23096941930369355,2.0,0.13836477987421383,0.10401548137397194,0.04957191886813099,0.319905323575105,0.8536695143812741,2.2898668534235,34.23774028165388,54.18485115838317,0.47896864160243446,0.6341556930635736,293,432,639,909,0.0,0.0,1.0,nado,1.0,1
AcuN1,12,49,0,1,240.0,245.0,12,12,182.0,297,643,614,932,1.0798089305361493,1.0079068295134896,0.38744180141756474,0.3047160347420827,2.0,0.1949685534591195,0.10403563941299791,0.07527058908713859,0.31151914033491,0.8189033834903056,2.0251852725127732,38.494851477663964,57.85347226936393,0.4714366733776747,0.6366200247816168,292,429,638,905,0.0,0.0,1.0,nado,1.0,1
AcuN1,12,50,0,1,245.0,250.0,13,13,182.0,297,643,614,932,0.8177779455571415,0.7996693746283084,0.17114222015981087,0.2071990301909048,2.0,0.22327044025157233,0.12481857764876633,0.06831518349964216,0.3929330197329051,0.8698771206029376,2.308666938138688,37.58367158503012,58.05969387755102,0.5072624506365593,0.6634042581477139,293,432,639,909,0.0,0.0,1.0,nado,1.0,1
AcuN1,12,51,0,1,250.0,255.0,12,12,182.0,297,643,614,932,0.5680784095960947,0.5520409819345513,0.1340292270885896,0.1641682961251073,2.0,0.12264150943396226,0.11058700209643606,0.0560417576751686,0.4027617812527341,0.8975500806492059,1.5463809772791883,30.32161237261805,41.46055597295267,0.6102989191839922,0.756410573543452,291,424,638,901,0.0,0.998,0.002,inmovilidad,0.998,1
AcuN1,12,52,0,1,255.0,260.0,13,13,182.0,297,643,614,932,0.5306482971695102,0.49221036767118553,0.19828406200675122,0.16303707538026924,2.0,0.12578616352201258,0.117803580067731,0.07580645362174851,0.4057728756502805,0.7233931594451269,1.9060681009048464,30.672718618804147,39.37794797395324,0.5497923596115493,0.7040563077328823,292,429,638,906,0.0,0.0,1.0,nado,1.0,1
AcuN1,12,53,0,1,260.0,265.0,12,12,182.0,297,643,614,932,0.759703262593759,0.746185958394248,0.14267292206603058,0.267525131697849,2.0,0.12578616352201258,0.1139937106918239,0.06732102904355539,0.3570008845260527,0.7581377053649931,1.8421097694797541,42.82048413755433,63.42600366356282,0.49125631322813135,0.6475604208828434,293,430,638,907,0.0,0.0,1.0,nado,1.0,1
AcuN1,12,54,0,1,265.0,270.0,13,13,182.0,297,643,614,932,0.41461774181198396,0.4077283802106355,0.07526911581837838,0.09191388929103064,1.0,0.10062893081761007,0.07595549104983067,0.06451963759023906,0.4796920027739588,0.8230471810924986,1.5678978863883843,21.529148544357398,40.54661002548853,0.7009824566203521,0.8187347355065204,290,420,636,896,0.0,1.0,0.0,inmovilidad,1.0,1
AcuN1,12,55,0,1,270.0,275.0,12,12,182.0,297,643,614,932,0.9040847961729778,0.8852942053698319,0.18336708704053883,0.23459036490317345,2.0,0.13836477987421383,0.120020964360587,0.07003459288000785,0.35401068304176914,0.7920285776505475,1.8534839392910196,37.89860056587495,56.86687168295224,0.5515622262827147,0.7041976110005163,290,415,636,892,0.0,0.0,1.0,nado,1.0,1
AcuN1,12,56,0,1,275.0,280.0,13,13,182.0,297,643,614,932,0.2161135966082874,0.2061506814623275,0.06486126094663551,0.09680580979061605,1.0,0.11949685534591195,0.10546686018384133,0.05903176570655161,0.3974574961716982,0.7998506225282268,1.777022306477007,26.06225940451352,34.57328378936306,0.640075975944655,0.7778177173690365,291,417,637,895,0.0,1.0,0.0,inmovilidad,1.0,1
AcuN1,12,57,0,1,280.0,285.0,12,12,182.0,297,643,614,932,0.6002426742795335,0.586017686542555,0.12990203649503665,0.18600309933052317,2.0,0.18238993710691823,0.10639412997903565,0.05772421755152329,0.35745104942570516,0.8850836883028518,1.7682841694244675,30.49049072615784,39.79575446798884,0.5872441777582965,0.7350780696778675,289,411,636,889,0.001,0.248,0.751,nado,0.751,0
AcuN1,12,58,0,1,285.0,290.0,13,13,182.0,297,643,614,932,0.2519399651760159,0.1905658670790089,0.1647980471890296,0.09866494407218894,1.0,0.1320754716981132,0.11296565070149975,0.06672500065686472,0.39121283654093714,0.8658732927376603,1.7626091066252347,30.11973806880382,41.690804120599225,0.6627347105950503,0.7890938696289427,290,416,636,893,0.0,1.0,0.0,inmovilidad,1.0,1
AcuN1,12,59,0,1,290.0,295.0,12,12,182.0,297,643,614,932,0.22245304404272281,0.20754879090671455,0.08005533209620996,0.10019149482355086,1.0,0.14150943396226415,0.12866876310272535,0.08266184405964444,0.40124530396507807,0.8733365904176398,1.7102390754935592,30.234367024501903,38.85865619675531,0.6450253151361863,0.7801974415083882,289,416,637,895,0.0,1.0,0.0,inmovilidad,1.0,1
AcuN1,12,60,0,1,295.0,300.0,12,12,182.0,297,643,614,932,0.33651281874403066,0.24927738039318761,0.22605677340739622,0.09629001562484892,2.0,0.16352201257861634,0.12762054507337528,0.06450435481109314,0.40231413124078924,0.83107748861485,2.002557278042739,25.728717059436196,38.8116752057134,0.6786861202531668,0.8076290158707153,285,417,632,895,0.0,1.0,0.0,inmovilidad,1.0,1
AcuN1,12,61,0,1,300.0,305.0,13,13,182.0,297,643,614,932,0.5396369515330535,0.49427759288568435,0.21655876946228897,0.1783255869264278,2.0,0.16352201257861634,0.09917755200774069,0.07178572853606888,0.4415856504174743,0.8733593779100615,1.7791428970970824,32.199315154683866,51.03046651856553,0.5854769044467786,0.7290097445655017,288,428,634,906,0.0,0.012,0.988,nado,0.988,1
AcuN1,12,62,0,1,305.0,310.0,12,12,182.0,297,643,614,932,0.48859496921995715,0.4409830217783101,0.21037827466333434,0.1552048371746863,1.0,0.18867924528301888,0.12054507337526206,0.08154523391748977,0.4111690508590924,0.8366213482583529,1.7922284080025477,38.56293108579927,59.31341705780371,0.5080635742794085,0.6690223819815384,287,432,633,909,0.0,0.0,1.0,nado,1.0,1
AcuN1,12,63,0,1,310.0,315.0,13,13,182.0,297,643,614,932,0.3380292355726428,0.3268990051038468,0.08602792897623678,0.11453804666133807,1.0,0.15723270440251572,0.11828737300435413,0.059301052144160635,0.40054500446497415,0.8316523235799658,1.7446596455654713,29.609096461983192,53.143155840535265,0.6264199672698046,0.7649916317284836,286,428,633,906,0.0,1.0,0.0,inmovilidad,1.0,1
AcuN1,12,1,0,2,0.0,5.0,13,13,182.0,643,990,614,932,0.4912348663593217,0.4744675363164782,0.1272487756673204,0.1951560899372237,1.0,0.1761006289308176,0.12433478471214321,0.05021031344004895,0.42944454637699825,0.9175045626329451,2.8223939698739104,49.309041086364886,67.24429552688892,0.40395546360748424,0.5617214229863431,631,438,980,918,1.0,0.0,0.0,escalamiento,1.0,1
AcuN1,12,2,0,2,5.0,10.0,12,12,182.0,643,990,614,932,0.9629525373122629,0.9620883191124907,0.040787931345279575,0.276050384188558,2.0,0.1792452830188679,0.13469601677148849,0.05677610488577483,0.4513066586716795,0.8877042352154603,2.6940559139557663,47.950884603613304,61.59174427384848,0.38897928680197236,0.5497993227464207,636,426,983,904,1.0,0.0,0.0,escalamiento,1.0,1
AcuN1,12,3,0,2,10.0,15.0,13,13,182.0,643,990,614,932,1.0460956850724763,1.0411872254391952,0.10121928625258984,0.23382034152633646,2.0,0.19811320754716982,0.14271891630382197,0.061097842684758805,0.38977122552580606,0.9502164903810765,3.3455710692858673,42.88120897231859,65.8958051420839,0.42974500544907246,0.5888016497023851,637,429,984,906,1.0,0.0,0.0,escalamiento,1.0,1
AcuN1,12,4,0,2,15.0,20.0,12,12,182.0,643,990,614,932,0.9819245975946187,0.9576943600625192,0.21678890208171603,0.2754636329189472,2.0,0.2169811320754717,0.12919287211740044,0.05136909631453033,0.43854360355583494,0.9402280692329068,2.921406258648851,47.12250766927877,64.89620733564705,0.386707710422516,0.5510216528719926,637,434,986,913,1.0,0.0,0.0,escalamiento,1.0,1
AcuN1,12,5,0,2,20.0,25.0,13,13,182.0,643,990,614,932,0.43506420109345983,0.3978855667616477,0.17597708611024562,0.15399220516085058,1.0,0.18238993710691823,0.09820996613449444,0.045822801654867365,0.3491159377512636,0.9476132515079753,3.129641875149959,40.560623060083536,56.55188809261301,0.46199899873700073,0.6228698113472463,644,447,992,925,0.0,0.0,1.0,nado,1.0,1
AcuN1,12,6,0,2,25.0,30.0,12,12,182.0,643,990,614,932,0.5421553650540123,0.5326985567586591,0.1008200748070095,0.14369294344353653,1.0,0.1949685534591195,0.1559224318658281,0.0685256602554745,0.456804203200396,0.9725998989856405,3.148023880047763,37.36867832799299,52.69129950691904,0.5229091686706931,0.6841902460623861,644,437,992,915,0.294,0.0,0.706,activa,1.0,1
AcuN1,12,7,0,2,30.0,35.0,13,13,182.0,643,990,614,932,0.8893336911465248,0.8755081571138869,0.15620461272109748,0.21058071212880036,2.0,0.18553459119496854,0.1507014997581035,0.06215177408712518,0.39973946658695403,0.940644233030953,3.338815440664897,39.12092847888638,59.11562232013485,0.48197844130738066,0.6394137429662805,647,443,995,921,0.733,0.001,0.266,activa,0.999,1
AcuN1,12,8,0,2,35.0,40.0,12,12,182.0,643,990,614,932,0.48639586174399935,0.4664288636160665,0.13793132170581351,0.21512190678478593,2.0,0.1918238993710692,0.13941299790356396,0.05882573836743263,0.42830549569837617,0.9112941164173919,3.2118576496228273,43.74101581677419,67.38830125426276,0.4653073649841806,0.6264310527384821,640,471,988,949,1.0,0.0,0.0,escalamiento,1.0,1
AcuN1,12,9,0,2,40.0,45.0,13,13,182.0,643,990,614,932,0.8610912200582015,0.8525415105953948,0.12104157125981171,0.23145662202481723,2.0,0.16981132075471697,0.09337203676826318,0.0511388873628387,0.4805114692608208,0.8725632969787486,2.175820282408245,43.64655656932785,61.6219508057676,0.4437329909930789,0.6043476629201263,643,478,991,955,0.001,0.0,0.999,nado,0.999,1
AcuN1,12,10,0,2,45.0,50.0,12,12,182.0,643,990,614,932,0.364755357415934,0.30250052270391586,0.20381340615249877,0.154119433549016,1.0,0.21069182389937108,0.09486373165618449,0.047428267276790725,0.36607459937491327,0.9222988237376524,3.0602029108009083,38.42863779435662,62.25123204361959,0.4698198452563305,0.6246998886416819,644,474,991,952,0.003,0.001,0.995,nado,0.995,1
AcuN1,12,11,0,2,50.0,55.0,13,13,182.0,643,990,614,932,0.8910471734857925,0.8831996511243153,0.1179976340055509,0.23691197077579268,2.0,0.20754716981132076,0.14707305273343008,0.06366070671165854,0.4190770185290506,0.9662328931115207,3.256361575898729,39.34419010122041,60.0191135504868,0.4655428443161676,0.6246405467399968,640,481,988,958,0.784,0.0,0.216,activa,1.0,1
AcuN1,12,12,0,2,55.0,60.0,12,12,182.0,643,990,614,932,0.2546089519111876,0.19718660343656366,0.16106881081843508,0.11108326777715016,1.0,0.22327044025157233,0.11084905660377359,0.06431322334531892,0.4378972774149931,0.9393006865772376,2.685687577139861,35.0578788613823,49.02564951183187,0.5095501815286984,0.6670542955857703,644,492,991,968,0.999,0.0,0.001,escalamiento,0.999,1
AcuN1,12,13,0,2,60.0,65.0,13,13,182.0,643,990,614,932,0.32108559933622205,0.115556464123949,0.29957080248293794,0.11172466429418149,1.0,0.1761006289308176,0.117803580067731,0.0548369330103489,0.41041110239461526,0.9720474117182447,2.909328332699308,35.87290185602894,46.09222744256594,0.5219788027762922,0.683036859110243,643,492,990,968,0.24,0.002,0.758,activa,0.998,1
AcuN1,12,14,0,2,65.0,70.0,12,12,182.0,643,990,614,932,0.4309869277035546,0.4037190751847906,0.15086629903091808,0.22726604250094196,2.0,0.20440251572327045,0.09276729559748427,0.04891959568737119,0.566387920169423,0.9080076170866161,2.097378669477884,40.966805997928894,56.033690129729194,0.46184210907568013,0.6215639511109083,643,493,991,970,0.0,0.0,1.0,nado,1.0,1
AcuN1,12,15,0,2,70.0,75.0,13,13,182.0,643,990,614,932,0.6456302425436694,0.6020915490104292,0.23307547425076588,0.18524977060987663,1.0,0.1918238993710692,0.09700048379293663,0.04721334110424502,0.4020585799591214,0.9177449768441057,3.0468665429048007,38.012960411674996,55.10709535502353,0.48166385255447014,0.6411849679787279,644,495,991,972,0.0,0.0,1.0,nado,1.0,1
AcuN1,12,16,0,2,75.0,80.0,12,12,182.0,643,990,614,932,0.31327028574867083,0.29327739018604443,0.11012104403208538,0.16533120354354122,1.0,0.18238993710691823,0.12159329140461216,0.048150040048859186,0.4016904390893154,0.9298108289152021,3.2604471849596233,41.39220580368385,55.31544308795946,0.4532878345073344,0.617191030452824,642,485,989,962,0.047,0.002,0.951,nado,0.951,1
AcuN1,12,17,0,2,80.0,85.0,13,13,182.0,643,990,614,932,0.4279615041111888,0.38599058473500614,0.18483051018984692,0.22060445932007797,1.0,0.1918238993710692,0.1378809869375907,0.06043391232996413,0.42584167955657404,0.9424644215867871,3.011405390861145,42.912964826521176,61.885133426078156,0.4573567341401827,0.6164690594715446,642,486,989,962,1.0,0.0,0.0,escalamiento,1.0,1
AcuN1,12,18,0,2,85.0,90.0,12,12,182.0,643,990,614,932,0.45706494254704966,0.4066538687282661,0.20866478561049048,0.1646577869678692,2.0,0.2169811320754717,0.125,0.048172674038227184,0.43963003504549897,0.9193327010175278,3.277414477403171,38.67053556546841,51.53185946872322,0.5075823810723574,0.671553590612645,638,471,986,949,0.001,0.0,0.999,nado,0.999,1
AcuN1,12,19,0,2,90.0,95.0,13,13,182.0,643,990,614,932,0.49547319905497444,0.49250458897846794,0.05415644760248455,0.15789802861437996,1.0,0.1918238993710692,0.12094823415578132,0.04728994845287517,0.3966148153367665,0.9289714397532415,3.2974515735696293,42.196493405383016,52.503882894646416,0.4509590725508108,0.6171614779779306,638,475,986,952,1.0,0.0,0.0,escalamiento,1.0,1
AcuN1,12,20,0,2,95.0,100.0,12,12,182.0,643,990,614,932,0.5197183297227713,0.5096393162435265,0.10185730012452686,0.13362821528050656,2.0,0.17295597484276728,0.13364779874213836,0.057150823154200614,0.45163610896136924,0.9563136323684475,3.107904827462385,35.21200445457429,51.926522281437805,0.5369828752297526,0.6915707510164225,638,475,986,953,0.097,0.0,0.903,nado,0.903,1
AcuN1,12,21,0,2,100.0,105.0,13,13,182.0,643,990,614,932,0.9849993494948223,0.9667141084025975,0.18891149017620398,0.2568246695560273,2.0,0.16666666666666666,0.06579583938074504,0.03418544896750478,0.5016458117435155,0.8801769384709002,2.164758692229476,37.48921253440614,55.700768930014334,0.4994653281037819,0.656810354088949,637,467,985,945,0.0,0.0,1.0,nado,1.0,1
AcuN1,12,22,0,2,105.0,110.0,12,12,182.0,643,990,614,932,0.2974593710365434,0.2840061673151436,0.08844531838610009,0.09949206730714913,1.0,0.11006289308176101,0.07416142557651992,0.02734940381966696,0.3694068255874244,0.8871754769226866,2.2473611278738534,29.180269630845256,36.84624194702935,0.5852714722886095,0.7348673802833435,638,466,986,943,0.0,1.0,0.0,inmovilidad,1.0,1
AcuN1,12,23,0,2,110.0,115.0,13,13,182.0,643,990,614,932,0.39528659624776524,0.3843963698549465,0.09214620998979267,0.13747968832503082,1.0,0.14779874213836477,0.07885824866956942,0.038480103360407386,0.35767506788457815,0.8760559400287045,2.9881493836633704,36.28948449308971,54.28232432001276,0.5266051454491192,0.6845753023974231,638,465,986,943,0.0,0.0,1.0,nado,1.0,1
AcuN1,12,24,0,2,115.0,120.0,12,12,182.0,643,990,614,932,0.4361469112805757,0.4218382696393782,0.11079983071847038,0.14462553642395024,2.0,0.15723270440251572,0.105083857442348,0.03484376918818259,0.41043721853619375,0.9595877944322474,2.8961077723010775,39.89564809512897,56.46468239320828,0.48032159686125236,0.641997508396252,639,470,987,947,0.0,0.0,1.0,nado,1.0,1
AcuN1,12,25,0,2,120.0,125.0,13,13,182.0,643,990,614,932,0.6270960665077915,0.6249761944807228,0.051519248460532616,0.1582159297544882,2.0,0.1792452830188679,0.11707789066279634,0.04430922616072007,0.45241978666162375,0.941851271759321,2.785662691026647,38.01079050435074,59.50240043479574,0.513771219451027,0.6720526311964576,639,466,987,943,0.002,0.0,0.998,nado,0.998,1
AcuN1,12,26,0,2,125.0,130.0,12,12,182.0,643,990,614,932,0.15167988214917844,0.08164141273520634,0.1278337450573531,0.08326395002222849,1.0,0.16666666666666666,0.13495807127882598,0.05238762583609034,0.3725982180883124,0.9576086974620867,3.4470846845844263,29.381465409180333,36.38211666084527,0.5942195053871168,0.7419821135912499,639,465,987,943,0.0,1.0,0.0,inmovilidad,1.0,1
AcuN1,12,27,0,2,130.0,135.0,13,13,182.0,643,990,614,932,0.29498089239539094,0.27817043031933625,0.09815772294800096,0.08320029100086522,1.0,0.1792452830188679,0.11514271891630382,0.05480211148824428,0.4111934259245656,0.9612863017975866,2.9680501274146853,34.58843761174795,44.42181327030221,0.5061308768879982,0.6689018048857787,641,466,988,943,0.111,0.002,0.886,nado,0.886,1
AcuN1,12,28,0,2,135.0,140.0,12,12,182.0,643,990,614,932,0.22714492346495543,0.20493844507818312,0.0979543260138979,0.06917802260524239,1.0,0.15723270440251572,0.11084905660377359,0.048300933311312515,0.3769288547207231,0.946193723997208,3.4792879078807197,31.67722648936827,44.30649469089962,0.5557142647110879,0.708208414944778,640,466,988,944,0.0,1.0,0.0,inmovilidad,1.0,1
AcuN1,12,29,0,2,140.0,145.0,13,13,182.0,643,990,614,932,0.9398252379973583,0.9367476685499433,0.07599528566323455,0.20380525365678248,2.0,0.14465408805031446,0.10546686018384133,0.0395758205892993,0.5736822552387376,0.8737012523046626,1.9925182328404143,32.62060200080812,47.97381727158949,0.569858917132726,0.7178289468726751,640,466,988,944,0.0,0.0,1.0,nado,1.0,1
AcuN1,12,30,0,2,145.0,150.0,12,12,182.0,643,990,614,932,0.29163133106805383,0.2835939708090319,0.0679948011342836,0.10394701128319518,1.0,0.14779874213836477,0.11713836477987422,0.041254217954741774,0.5772622946168934,0.976096588143899,1.8156980080664058,29.976878985892665,36.195413870246085,0.6078616446265113,0.7547522807681344,641,466,989,944,0.0,1.0,0.0,inmovilidad,1.0,1
AcuN1,12,31,0,2,150.0,155.0,12,12,182.0,643,990,614,932,0.48758854482387176,0.48685351729060494,0.02676269316095471,0.19437213658281255,2.0,0.13522012578616352,0.0980083857442348,0.039370567061782644,0.5929551939120402,0.8970493935916045,1.9336837070724233,36.20202025898776,45.73185647272638,0.5150330276568538,0.6743508010820952,645,476,992,953,0.0,0.0,1.0,nado,1.0,1
AcuN1,12,32,0,2,155.0,160.0,13,13,182.0,643,990,614,932,0.15112123764241073,0.13840014886283425,0.06068794988561811,0.05088403858965716,1.0,0.16352201257861634,0.08176100628930817,0.03731474308730625,0.5044338549466918,0.9405687835038784,2.1516971913987457,27.691952660621816,37.578359667243596,0.6390759813984579,0.7780088863022078,642,470,989,947,0.0,1.0,0.0,inmovilidad,1.0,1
AcuN1,12,33,0,2,160.0,165.0,12,12,182.0,643,990,614,932,0.0864315688040728,0.07886009884595244,0.035376558565521646,0.041826537179850375,1.0,0.16666666666666666,0.06577568134171909,0.03968492802522709,0.5279327722331905,0.9288589716425486,2.0238987405062727,26.93119002742495,41.848106998369666,0.6441221359917728,0.7812646878019204,642,467,990,944,0.0,1.0,0.0,inmovilidad,1.0,1
AcuN1,12,34,0,2,165.0,170.0,13,13,182.0,643,990,614,932,0.3002228720049609,0.28876335669962827,0.08215532059745365,0.08338833774355839,1.0,0.13836477987421383,0.09337203676826318,0.03649991947005824,0.39567927710955586,0.9464397706036678,2.999588673251257,31.617405056180875,41.65948899826289,0.5663275036555862,0.7174802610279342,640,459,987,936,0.0,1.0,0.0,inmovilidad,1.0,1
AcuN1,12,35,0,2,170.0,175.0,12,12,182.0,643,990,614,932,0.3816255609923238,0.33113200893990746,0.1897094132037916,0.1416344351013218,2.0,0.1761006289308176,0.11713836477987422,0.04051735585642799,0.4614969836626947,0.985319827387145,2.663060141122639,34.42086597905024,41.2408429690414,0.5729449523056449,0.7269120507304382,642,460,990,937,0.014,0.003,0.983,nado,0.983,1
AcuN1,12,36,0,2,175.0,180.0,13,13,182.0,643,990,614,932,0.48462304725062405,0.4741747168062228,0.10008913961174341,0.13253100216016547,1.0,0.17295597484276728,0.1049830672472182,0.039262426890357756,0.4238289955789272,0.9442015293645754,2.629887243720105,34.66562384690028,48.73525211817345,0.5538557614764072,0.7090183199100484,640,452,988,930,0.0,0.0,1.0,nado,1.0,1
AcuN1,12,37,0,2,180.0,185.0,12,12,182.0,643,990,614,932,0.1617971475414532,0.12469839641490042,0.10309523211139845,0.09276576208170918,1.0,0.16981132075471697,0.10272536687631026,0.05252342977229835,0.4521944140324466,0.9446424406374968,2.6315933947066292,27.609991818669126,33.469118252216525,0.6180611667228941,0.7627381661255668,642,454,989,931,0.0,1.0,0.0,inmovilidad,1.0,1
AcuN1,12,38,0,2,185.0,190.0,13,13,182.0,643,990,614,932,0.19127659652717174,0.08664187718198926,0.1705283598038741,0.090389937835184,1.0,0.1792452830188679,0.10232220609579101,0.04885227407796893,0.38754729098072455,0.961654325516547,3.08050947133298,29.512984392279755,39.22573863007635,0.5758065049530809,0.7260014035726724,641,448,988,926,0.0,1.0,0.0,inmovilidad,1.0,1
AcuN1,12,39,0,2,190.0,195.0,12,12,182.0,643,990,614,932,0.11443432996187326,0.05305374568096615,0.10139287915352957,0.06562858635564327,1.0,0.16981132075471697,0.06289308176100629,0.04462668237057381,0.4277547352904215,0.934635767086858,2.688973240828625,27.75427329529579,36.910344344904814,0.6021508380490682,0.7491552654527984,641,448,989,926,0.0,1.0,0.0,inmovilidad,1.0,1
AcuN1,12,40,0,2,195.0,200.0,13,13,182.0,643,990,614,932,0.45660717207177837,0.44461327731295414,0.1039670295065736,0.1173889830906312,2.0,0.1540880503144654,0.10014513788098695,0.03394866261719339,0.5716811784351258,0.9785595434195413,1.7690352233497921,32.06014688293729,44.98849321044882,0.5685884338556693,0.7194651590429436,640,444,988,923,0.0,0.997,0.003,inmovilidad,0.997,1
AcuN1,12,41,0,2,200.0,205.0,12,12,182.0,643,990,614,932,0.5326236908013755,0.5261535691956626,0.08276724971596172,0.14225722749366668,2.0,0.16037735849056603,0.08280922431865828,0.03572397988582705,0.5619742922426629,0.9338209400229412,1.9375348315897938,30.430711274327408,40.52785531864346,0.5898271339013054,0.7356684174478931,639,436,987,914,0.001,0.968,0.031,inmovilidad,0.968,1
AcuN1,12,42,0,2,205.0,210.0,13,13,182.0,643,990,614,932,0.34211074765405053,0.31927281179699146,0.12290091662659124,0.10879509808817485,1.0,0.1289308176100629,0.06918238993710692,0.02927329291594698,0.37041974497486757,0.9321702979586803,2.6765713695932103,32.4544034292851,44.83438823169933,0.5671080400364501,0.7181716214929094,640,439,988,917,0.001,0.001,0.998,nado,0.998,1
AcuN1,12,43,0,2,210.0,215.0,12,12,182.0,643,990,614,932,0.2931430464756762,0.2685228762393187,0.11759383756474646,0.14548029963996859,1.0,0.13836477987421383,0.0820230607966457,0.03211260113777723,0.3610448239598021,0.9262557799461736,2.60283001680355,37.289853738854774,60.017287773231594,0.5050980290471412,0.6650372377457793,638,430,986,908,0.0,0.0,0.999,nado,0.999,1
AcuN1,12,44,0,2,215.0,220.0,13,13,182.0,643,990,614,932,0.27128467972923664,0.26863601868831616,0.03781622560601697,0.07565716022052844,2.0,0.17295597484276728,0.061199806482825345,0.021111128134625047,0.407894667063855,0.8777897295767263,2.263706013234789,29.80024804304344,40.24320992901772,0.6187808449895456,0.762738999442505,638,429,985,906,0.0,1.0,0.0,inmovilidad,1.0,1
AcuN1,12,45,0,2,220.0,225.0,12,12,182.0,643,990,614,932,0.6261374646994865,0.5893158812724597,0.21155357898264163,0.23230636854426912,2.0,0.11635220125786164,0.08018867924528301,0.03466772704865371,0.4340620736609709,0.7972618878427454,2.3273475440254487,41.21440235622483,54.62796130462128,0.490076626160653,0.653244386064218,638,430,986,907,0.0,0.0,1.0,nado,1.0,1
AcuN1,12,46,0,2,225.0,230.0,13,13,182.0,643,990,614,932,0.2813839274837662,0.18244142267262908,0.21422427952820036,0.0691704767114589,1.0,0.15723270440251572,0.08877600387034348,0.04546762212940028,0.44380726352774874,0.8368233297562013,2.3556697977770225,29.807420229991525,35.985988019756896,0.583582072362025,0.7359649292910564,638,428,985,905,0.0,1.0,0.0,inmovilidad,1.0,1
AcuN1,12,47,0,2,230.0,235.0,12,12,182.0,643,990,614,932,0.7210913472491775,0.7058425215731627,0.14750954483311646,0.2636314862909735,1.0,0.16666666666666666,0.09905660377358491,0.04940245412722186,0.5501543200171517,0.9027683901935987,2.1411148794236503,40.67413848226435,63.45034725571525,0.4119200810498654,0.5653756187045242,638,430,985,907,0.0,0.0,0.999,nado,0.999,1
AcuN1,12,48,0,2,235.0,240.0,13,13,182.0,643,990,614,932,0.2132396190833823,0.1806648588966998,0.11327552209838412,0.06072304646830272,1.0,0.1069182389937107,0.042573778422835024,0.02166362961868495,0.42762686292313734,0.8128824638961049,2.0061244816082993,33.2597820453294,42.797382816689904,0.5446040855827484,0.6987457698403197,639,432,986,909,0.0,0.0,1.0,nado,1.0,1
AcuN1,12,49,0,2,240.0,245.0,12,12,182.0,643,990,614,932,0.3160087388883258,0.2662170138849036,0.17026457227501882,0.12249304110614007,2.0,0.16981132075471697,0.07625786163522012,0.028878455545860753,0.4092275575488595,0.9692594347117439,2.0575575613043067,34.99758931153557,44.77056603773585,0.5725705442431568,0.7266400008830368,638,429,985,905,0.013,0.017,0.97,nado,0.97,1
AcuN1,12,50,0,2,245.0,250.0,13,13,182.0,643,990,614,932,0.18708688012004418,0.07143039380676738,0.17291385009206725,0.06888106380137925,2.0,0.1540880503144654,0.08127721335268505,0.03131615554608443,0.44042957588360104,0.874074736394064,2.258744256037675,32.317669703106105,38.064864864864866,0.585924198447495,0.7375452482503719,639,432,986,909,0.0,0.994,0.006,inmovilidad,0.994,1
AcuN1,12,51,0,2,250.0,255.0,12,12,182.0,643,990,614,932,0.46910128877035734,0.452565315858999,0.1234530437350763,0.1368020642204597,2.0,0.10377358490566038,0.06079664570230608,0.025586467536670498,0.4156706998556169,0.8155077952828912,1.9833535022083997,33.36846155239089,44.25889979906737,0.5903071240008221,0.7366335235110949,637,424,984,901,0.0,0.0,1.0,nado,1.0,1
AcuN1,12,52,0,2,255.0,260.0,13,13,182.0,643,990,614,932,0.7985392977505211,0.7959218902181318,0.06460150713018711,0.17666373746671127,2.0,0.16352201257861634,0.03725205611998065,0.021649701009843102,0.44122118515277925,0.831138529265644,1.9890579286199335,33.33425732395968,44.40945635528331,0.5511428433684706,0.7026528514251693,637,429,984,906,0.0,0.0,1.0,nado,1.0,1
AcuN1,12,53,0,2,260.0,265.0,12,12,182.0,643,990,614,932,0.5977620465433418,0.5550507153870633,0.22189674994463857,0.2871208449145893,1.0,0.12264150943396226,0.06918238993710692,0.02802339372529186,0.4833890811569661,0.7721969587046308,2.0117864940011434,37.80576049655948,53.82948130791352,0.4731049020656599,0.6285876831179497,638,430,985,907,0.0,0.0,1.0,nado,1.0,1
AcuN1,12,54,0,2,265.0,270.0,13,13,182.0,643,990,614,932,0.3817021835574783,0.3043632932324601,0.23034657076943513,0.14058412675850912,1.0,0.13522012578616352,0.08345428156748912,0.030315617144278478,0.47308752074811666,0.9223978681964515,1.8374126774437751,28.99540264853462,35.63366006719796,0.5647843258473578,0.7179237913013059,635,420,982,896,0.0,1.0,0.0,inmovilidad,1.0,1
AcuN1,12,55,0,2,270.0,275.0,12,12,182.0,643,990,614,932,0.4020827933315762,0.3692954338100418,0.159032874778695,0.18340207296146793,1.0,0.12264150943396226,0.05660377358490566,0.024180645308146925,0.439833740949811,0.7395085241647065,1.751555098046443,39.15393293133173,61.18955854338643,0.4717089664989376,0.6346768759347475,636,415,982,892,0.0,0.0,1.0,nado,1.0,1
AcuN1,12,56,0,2,275.0,280.0,13,13,182.0,643,990,614,932,0.3771626318523185,0.3584140770300212,0.11743508952815417,0.12045455189712527,1.0,0.1320754716981132,0.05491049830672472,0.02038219760523509,0.3807199512134129,0.8745031609924454,1.925275050460967,34.988423495617525,51.13224549439844,0.5232903174491638,0.683148116305377,637,418,984,895,0.0,0.0,1.0,nado,1.0,1
AcuN1,12,57,0,2,280.0,285.0,12,12,182.0,643,990,614,932,0.36239833101750607,0.35333939012338844,0.08052220632537231,0.15174153990144446,1.0,0.14465408805031446,0.0490041928721174,0.01657310999279129,0.37419517178261025,0.8710460108026395,1.9141560766965215,30.29168983549005,42.27747262740533,0.5717771056494664,0.7255096558188034,635,411,983,889,0.0,0.781,0.219,inmovilidad,0.781,0
AcuN1,12,58,0,2,285.0,290.0,13,13,182.0,643,990,614,932,0.24207250029724509,0.2089356481660102,0.12224970480786007,0.08025792015920055,1.0,0.09748427672955975,0.05104015481373972,0.019126301374661946,0.38374013789728656,0.8257830884586917,2.0341198677611785,27.362316884608223,37.655498219347336,0.6356031365050977,0.773422546225472,636,416,983,893,0.0,1.0,0.0,inmovilidad,1.0,1
AcuN1,12,59,0,2,290.0,295.0,12,12,182.0,643,990,614,932,0.20959058506955597,0.18490266054722113,0.09868748386881632,0.09054818653518235,1.0,0.05345911949685535,0.025681341719077565,0.009815606722589439,0.3453091715736268,0.7996388395620225,1.9914269736857226,25.679175836153874,34.537872700359486,0.6757315339987703,0.8031537996467639,635,417,984,896,0.0,1.0,0.0,inmovilidad,1.0,1
AcuN1,12,60,0,2,295.0,300.0,12,12,182.0,643,990,614,932,0.26479489958778807,0.25105159320550996,0.08419879094548753,0.09056977278909317,1.0,0.1320754716981132,0.037211740041928724,0.018783696287732646,0.38983525843589845,0.8766028546892812,1.6689238232735126,27.689131787901715,37.87199749628355,0.634308332433252,0.7733284618885589,631,418,979,896,0.0,1.0,0.0,inmovilidad,1.0,1
AcuN1,12,61,0,2,300.0,305.0,13,13,182.0,643,990,614,932,0.4776758054269282,0.44952297177966505,0.16156507336872986,0.11070043584346595,2.0,0.07232704402515723,0.043299467827769715,0.016417186954922842,0.4271022186567611,0.5389730410710296,2.0191536780629677,26.76827538904525,33.124097798628654,0.6386719408337537,0.777982710053881,634,429,981,906,0.0,1.0,0.0,inmovilidad,1.0,1
AcuN1,12,62,0,2,305.0,310.0,12,12,182.0,643,990,614,932,0.43377366722260247,0.34659288697338686,0.2608312961958326,0.2218632459520129,2.0,0.16666666666666666,0.05214884696016771,0.025797718104105166,0.5041218154180542,0.6026733132098195,2.272311048715967,38.98072559969656,50.37073344866408,0.47201966837962095,0.6363208904321074,633,432,980,909,0.0,0.0,1.0,nado,1.0,1
AcuN1,12,63,0,2,310.0,315.0,13,13,182.0,643,990,614,932,0.25764100265071505,0.19173996240364657,0.17208914278452883,0.1130041837646312,1.0,0.1320754716981132,0.055394291243347854,0.02935222169938411,0.39732749582250765,0.5651957564184898,2.3270264138322228,30.920507230556623,45.72480690430431,0.5548732051376586,0.7098664984126289,633,428,981,906,0.0,0.994,0.006,inmovilidad,0.994,1
AcuN1,12,1,0,3,0.0,5.0,13,13,182.0,990,1335,614,932,0.7390021947377027,0.7182938647636202,0.17371864514232066,0.3122374199263336,2.0,0.20754716981132076,0.10546686018384133,0.05224156889615154,0.3471078966432308,0.7510601928169474,3.095223451030899,45.6771494682774,69.78229634787012,0.3681185815719356,0.5247725613145563,979,438,1326,917,0.0,0.0,1.0,nado,1.0,1
AcuN1,12,2,0,3,5.0,10.0,12,12,182.0,990,1335,614,932,0.9524419295572708,0.9265764452793804,0.22045797838183262,0.3907432994452691,2.0,0.17295597484276728,0.06420335429769393,0.04728491867746006,0.34910162223662067,0.7763288515543166,2.636647329222903,54.91252744829089,72.827330217212,0.2571978898903309,0.3950740125495696,983,426,1328,903,0.0,0.0,1.0,nado,1.0,1
AcuN1,12,3,0,3,10.0,15.0,13,13,182.0,990,1335,614,932,1.163215211313911,1.1476601341931496,0.18959389287587297,0.29974735593003304,2.0,0.13522012578616352,0.0401548137397194,0.04093153851657234,0.3736883251830875,0.7743372833382403,2.890393011318018,50.754290595321535,76.68092178979607,0.3372911106820436,0.4888114957977543,983,429,1328,906,0.0,0.0,1.0,nado,1.0,1
AcuN1,12,4,0,3,15.0,20.0,12,12,182.0,990,1335,614,932,1.238274670678907,1.2220972616846075,0.19950549623491323,0.3115117455867849,2.0,0.13836477987421383,0.05372117400419287,0.0555890778878086,0.4086617078146595,0.8159298671248609,2.566266939369681,47.312359888642106,67.54246083709201,0.35211158103971685,0.5094007536768846,984,433,1332,912,0.0,0.0,1.0,nado,1.0,1
AcuN1,12,5,0,3,20.0,25.0,13,13,182.0,990,1335,614,932,0.9396239141487849,0.8874548568800529,0.308734476598076,0.40290639657196436,2.0,0.16352201257861634,0.08200290275761973,0.04823477241931375,0.37751404974498126,0.7163580096899062,2.6362855326671517,50.525368303140084,68.75423535451486,0.3160700182620898,0.47473533857921707,991,446,1337,924,0.0,0.0,1.0,nado,1.0,1
AcuN1,12,6,0,3,25.0,30.0,12,12,182.0,990,1335,614,932,1.0848444701263389,1.0637942663390048,0.21267177355717748,0.3232424334749556,2.0,0.13522012578616352,0.07075471698113207,0.05119053928729388,0.38862811233627176,0.744722157565497,2.493643793401377,42.559190230920706,59.59642982149107,0.3903184573556628,0.5549000839351048,991,436,1337,914,0.0,0.0,1.0,nado,1.0,1
AcuN1,12,7,0,3,30.0,35.0,13,13,182.0,990,1335,614,932,0.9404545402453138,0.9257467637409856,0.16567338860274525,0.3672322450164915,2.0,0.14465408805031446,0.0965166908563135,0.04693709036221507,0.38487299808309006,0.7096756420986172,2.4676040061426283,48.94465514845553,69.01535119478639,0.35163394943735127,0.5039557829900766,994,444,1340,921,0.0,0.0,1.0,nado,1.0,1
AcuN1,12,8,0,3,35.0,40.0,12,12,182.0,990,1335,614,932,0.8944448598887249,0.8160783975568278,0.3661251922805107,0.39230852815158,2.0,0.1949685534591195,0.11923480083857442,0.054580607917078805,0.3430382279737041,0.8317377921127963,2.891246271666064,55.2147501126052,70.68827056713741,0.26680682435855213,0.41379634788167513,987,472,1333,949,0.0,0.0,1.0,nado,1.0,1
AcuN1,12,9,0,3,40.0,45.0,13,13,182.0,990,1335,614,932,1.1403974752693946,1.1272391214659203,0.17273784946429596,0.25462573563952207,2.0,0.1918238993710692,0.09433962264150944,0.04416297576788068,0.3619279364509553,0.8872383268305082,2.876082325738169,49.4188496363248,63.4527568534379,0.3588846263798206,0.5236666574286406,990,479,1335,956,1.0,0.0,0.0,escalamiento,1.0,1
AcuN1,12,10,0,3,45.0,50.0,12,12,182.0,990,1335,614,932,0.8743403192999639,0.8594148638309965,0.160863562623462,0.3595870401919213,2.0,0.16666666666666666,0.08045073375262055,0.04091219322651422,0.35053259334221976,0.725795836013304,2.7140718981194847,50.04089889777888,67.98788280086079,0.2994760214275047,0.45643750243278697,991,475,1336,952,0.0,0.0,1.0,nado,1.0,1
AcuN1,12,11,0,3,50.0,55.0,13,13,182.0,990,1335,614,932,1.007710125957315,1.0021109565552035,0.10608170770176366,0.28481173404182686,2.0,0.09748427672955975,0.04305757135945815,0.03280419525735502,0.3422955622883729,0.7939148659705325,2.245192071706547,43.78737548992917,59.74627939142462,0.37114230694792033,0.5325226005738448,987,480,1333,958,0.0,0.0,1.0,nado,1.0,1
AcuN1,12,12,0,3,55.0,60.0,12,12,182.0,990,1335,614,932,0.8926617423841735,0.8661233984277033,0.2160445440468118,0.36688639575671367,2.0,0.1540880503144654,0.06394129979035638,0.04265249552014268,0.41450630684701867,0.6617563387154443,2.3371033769512493,46.070484980705224,56.473588411512644,0.38624296685413845,0.551879162143846,990,491,1335,968,0.0,0.0,1.0,nado,1.0,1
AcuN1,12,13,0,3,60.0,65.0,13,13,182.0,990,1335,614,932,0.5986557348007724,0.48353686006766355,0.3529600455657234,0.2049846321993242,1.0,0.1069182389937107,0.045960328979196906,0.03439437810013247,0.3090711873309555,0.8967273062083749,2.5872876490475267,36.77234960475502,56.35821086807929,0.4578619199305149,0.6184284372857943,990,492,1334,968,0.0,0.0,1.0,nado,1.0,1
AcuN1,12,14,0,3,65.0,70.0,12,12,182.0,990,1335,614,932,0.8450890017702478,0.8390455382622783,0.10088610228964931,0.3489422753864133,2.0,0.0660377358490566,0.03825995807127883,0.022845239935434913,0.3665826066918395,0.7614635690242292,2.183711647357735,45.75222557993745,60.70977543911658,0.42164024833776587,0.5868552791375179,990,492,1336,969,0.0,0.0,1.0,nado,1.0,1
AcuN1,12,15,0,3,70.0,75.0,13,13,182.0,990,1335,614,932,1.1233201655864877,1.1072615498841498,0.18926186768972986,0.27652742874632924,2.0,0.12264150943396226,0.0660377358490566,0.032476872949571634,0.32814641713986403,0.80382274216682,2.1204698796427546,44.11545644285356,67.46315336939777,0.4262058062715722,0.5878813724521147,990,495,1335,971,0.0,0.0,1.0,nado,1.0,1
AcuN1,12,16,0,3,75.0,80.0,12,12,182.0,990,1335,614,932,1.0608110230463443,1.0510075968759898,0.1438855723329782,0.28394301501102476,2.0,0.08176100628930817,0.05372117400419287,0.03176051685871945,0.4084253083701493,0.7213354504412418,1.9648092188763737,37.379020222175804,50.75254808118408,0.5027933855247446,0.6589846534059917,989,484,1334,962,0.0,0.0,1.0,nado,1.0,1
AcuN1,12,17,0,3,80.0,85.0,13,13,182.0,990,1335,614,932,0.8207308350950212,0.7980464503897156,0.1916271554246582,0.2892749931389168,2.0,0.15723270440251572,0.06966618287373004,0.04063439486127962,0.45447657790060303,0.6619460871785194,2.4200289766929672,40.540524160350756,49.479751030636166,0.4279441352728964,0.5944164614066383,989,485,1334,962,0.0,0.0,1.0,nado,1.0,1
AcuN1,12,18,0,3,85.0,90.0,12,12,182.0,990,1335,614,932,0.6638529988407863,0.5877868879147466,0.3085569290510295,0.2662529302937944,1.0,0.16037735849056603,0.07075471698113207,0.03287964188858169,0.42886631565716105,0.8156863891001237,2.5402027798232343,39.11926993709508,56.63641579019259,0.4577623344825528,0.6197416254784106,985,471,1331,948,0.0,0.0,1.0,nado,1.0,1
AcuN1,12,19,0,3,90.0,95.0,13,13,182.0,990,1335,614,932,1.0642299814940468,1.0423793820351812,0.214547611076825,0.2964364111208755,2.0,0.08176100628930817,0.04233188195452346,0.025610068790541403,0.2877627372377376,0.6843637560836656,2.019585328857895,42.78465747715731,71.65968217086429,0.3968004143690155,0.5576967441973605,985,475,1331,952,0.0,0.0,1.0,nado,1.0,1
AcuN1,12,20,0,3,95.0,100.0,12,12,182.0,990,1335,614,932,0.9611450975487681,0.940762808532512,0.196888894110488,0.44243831402373257,2.0,0.1069182389937107,0.05843815513626834,0.03771325606250352,0.3465842196413575,0.7110477383635363,2.0571518912604723,45.70582005635231,73.23748284650068,0.3243098260793361,0.4840620034755876,985,475,1331,952,0.0,0.0,1.0,nado,1.0,1
AcuN1,12,21,0,3,100.0,105.0,13,13,182.0,990,1335,614,932,0.3189019263264044,0.1947953284901126,0.25249399718235,0.156427667778329,1.0,0.07861635220125786,0.03701015965166909,0.018555228412146248,0.3419659185457825,0.715358089892479,2.0352927823751483,32.40921409811518,50.30141636427484,0.5568889634150114,0.7118037598778878,984,466,1330,945,0.0,0.001,0.999,nado,0.999,1
AcuN1,12,22,0,3,105.0,110.0,12,12,182.0,990,1335,614,932,0.29099625212179386,0.2805333393903719,0.077329581916735,0.18129426696345485,1.0,0.07861635220125786,0.05057651991614255,0.02221903289625357,0.33338105917669064,0.7876311760153483,1.9828506384664226,39.411197532556955,49.43726079262521,0.460626114194388,0.6288325922392534,985,466,1331,943,0.0,0.0,1.0,nado,1.0,1
AcuN1,12,23,0,3,110.0,115.0,13,13,182.0,990,1335,614,932,1.013520455350614,1.0009237973421972,0.15929615603708772,0.37050243643609004,2.0,0.07861635220125786,0.06337687469762941,0.0321983007727347,0.33759697823905677,0.6754414078995356,2.2100449424575386,44.6077662702208,66.63214422708094,0.38529800174252604,0.5502616132074528,986,465,1332,943,0.0,0.0,1.0,nado,1.0,1
AcuN1,12,24,0,3,115.0,120.0,12,12,182.0,990,1335,614,932,1.206506849387241,1.196533682851767,0.15480931309037474,0.37608543666032035,2.0,0.07232704402515723,0.056865828092243186,0.02967818983686343,0.3236886819517715,0.7594915705418369,1.7850603600653738,40.231073132535144,60.984410016564354,0.4378776394469251,0.6008721337471723,986,469,1332,946,0.0,0.0,1.0,nado,1.0,1
AcuN1,12,25,0,3,120.0,125.0,13,13,182.0,990,1335,614,932,1.111989109784938,1.1058285506033623,0.11688882303610616,0.3408798776898176,2.0,0.07232704402515723,0.05128205128205128,0.02812882555610861,0.34986343975910944,0.7203969518149376,1.9856896805327864,43.17741819037638,64.68542168183116,0.4015530723825421,0.5676473844390397,986,466,1332,943,0.0,0.0,1.0,nado,1.0,1
AcuN1,12,26,0,3,125.0,130.0,12,12,182.0,990,1335,614,932,1.079184907595926,1.076632260871484,0.07418247524573315,0.24558669870204192,2.0,0.10062893081761007,0.056865828092243186,0.026169921484823392,0.3143383294550798,0.8363829281351004,1.9210731145194286,41.01781962287774,56.85772029102668,0.45228831138860276,0.6162147416327267,986,465,1332,943,0.0,0.0,1.0,nado,1.0,1
AcuN1,12,27,0,3,130.0,135.0,13,13,182.0,990,1335,614,932,0.8989516946026113,0.8945812432997045,0.08853557683361771,0.3869990796470769,2.0,0.07232704402515723,0.05926463473633285,0.029621508136993137,0.33603000974434905,0.6913742231478242,1.9663456523867269,42.69044805584645,66.04031274657486,0.4178899976485768,0.5833885584342589,988,466,1334,943,0.0,0.0,1.0,nado,1.0,1
AcuN1,12,28,0,3,135.0,140.0,12,12,182.0,990,1335,614,932,1.0127006003752652,1.0119701500851104,0.038456746315073564,0.24172213722373856,2.0,0.08490566037735849,0.05450733752620545,0.025136302637018045,0.3416047419803974,0.7010269129946022,1.7676966116272332,34.08651158730844,46.45705779334501,0.5174454543364253,0.6752051802511954,987,466,1333,944,0.0,0.0,1.0,nado,1.0,1
AcuN1,12,29,0,3,140.0,145.0,13,13,182.0,990,1335,614,932,0.9622618857889044,0.9600999086375136,0.0644678390847442,0.3790275510096405,2.0,0.06289308176100629,0.05224963715529754,0.027659895725099783,0.3539073791928588,0.6685695647284903,1.8627947150933342,44.75161897795177,62.09990331936835,0.4267090427063659,0.5939658022057505,987,466,1333,943,0.0,0.0,1.0,nado,1.0,1
AcuN1,12,30,0,3,145.0,150.0,12,12,182.0,990,1335,614,932,1.0642350632432152,1.0547098854857837,0.14206803755544406,0.29964596594822696,2.0,0.07861635220125786,0.05634171907756814,0.02743993977713896,0.29186277801265553,0.80387323681565,1.9672795855377119,39.159584753953894,65.5084036644305,0.4367188238097723,0.598377942249267,989,466,1334,943,0.0,0.0,1.0,nado,1.0,1
AcuN1,12,31,0,3,150.0,155.0,12,12,182.0,990,1335,614,932,0.9127691414352631,0.90577528779351,0.112776919531664,0.3952367754446103,2.0,0.12578616352201258,0.06577568134171909,0.030244039571063433,0.4507206898358191,0.6581550544865747,2.140195504790514,41.42932111620288,60.87917790547672,0.43361293627361336,0.5997128376392581,992,476,1336,953,0.0,0.0,1.0,nado,1.0,1
AcuN1,12,32,0,3,155.0,160.0,13,13,182.0,990,1335,614,932,0.9823113985256975,0.9611139155564714,0.20296730031514895,0.2580998601464188,2.0,0.12578616352201258,0.04958877600387034,0.026250784797266332,0.41669754785190194,0.6134165857720407,2.3720863879997256,35.10235838987523,40.31363476631135,0.4687441834354354,0.6352998660512041,989,470,1335,947,0.0,0.0,1.0,nado,1.0,1
AcuN1,12,33,0,3,160.0,165.0,12,12,182.0,990,1335,614,932,0.9395113370933611,0.9240191926807643,0.1699119892313187,0.3689336567381945,2.0,0.12264150943396226,0.06184486373165619,0.03237163457165546,0.36462099427994615,0.6588647452941397,1.9084738150033689,46.98906147139622,65.74731832603112,0.3931333961872998,0.5583992169467358,989,467,1335,944,0.0,0.0,1.0,nado,1.0,1
AcuN1,12,34,0,3,165.0,170.0,13,13,182.0,990,1335,614,932,1.0852042096639505,1.0825975080110786,0.07517188517366119,0.2538413582159382,2.0,0.0880503144654088,0.06071601354620222,0.029621508136993137,0.3245156931017561,0.7996781276492914,1.999459126069314,39.611370677099316,54.80538474322752,0.4456349665451918,0.6109334024395523,987,459,1333,936,0.0,0.0,1.0,nado,1.0,1
AcuN1,12,35,0,3,170.0,175.0,12,12,182.0,990,1335,614,932,1.1205069211924286,1.100870057361402,0.20885611613079183,0.3012300106696525,2.0,0.07232704402515723,0.047431865828092244,0.024779188582545155,0.40128805705610654,0.717789233602432,2.367375126167779,35.719536307175645,43.56555356720802,0.4746201711883666,0.6428764245308848,989,460,1335,937,0.0,0.0,1.0,nado,1.0,1
AcuN1,12,36,0,3,175.0,180.0,13,13,182.0,990,1335,614,932,0.7906474309053926,0.769912983076333,0.17988151235688393,0.32298397127356304,2.0,0.09433962264150944,0.057087566521528785,0.028063825381513325,0.4053457316457971,0.6665440511687587,1.9240451134761694,42.7457799023836,56.58698687517453,0.43571463271062044,0.605547697083795,988,452,1333,930,0.0,0.0,1.0,nado,1.0,1
AcuN1,12,37,0,3,180.0,185.0,12,12,182.0,990,1335,614,932,0.9901367882500159,0.9788633568215268,0.14898787909809713,0.2920951958209302,2.0,0.0880503144654088,0.05660377358490566,0.025724786360586054,0.3221193920222568,0.8402174621754009,1.9361879730613467,38.89939634648409,66.80797529890947,0.44848972911293133,0.6060193392325023,989,454,1335,931,0.0,0.0,1.0,nado,1.0,1
AcuN1,12,38,0,3,185.0,190.0,13,13,182.0,990,1335,614,932,0.9422213112365044,0.9365795665901926,0.10295491631760391,0.3350779240237478,2.0,0.11006289308176101,0.059506531204644414,0.029254721437491183,0.3491275449252985,0.7307037416836253,1.8970838241194496,41.21656232727955,60.43798724309001,0.4177658333624342,0.583661905261097,988,448,1333,926,0.0,0.0,1.0,nado,1.0,1
AcuN1,12,39,0,3,190.0,195.0,12,12,182.0,990,1335,614,932,0.9668051232013095,0.9600298574499119,0.11425768706306454,0.3019457180091779,2.0,0.06918238993710692,0.05581761006289308,0.025153906850970936,0.344164897666689,0.7539727156160927,1.9019154516086008,34.68214404804902,47.90436983591295,0.45255881589334807,0.6190848690550752,989,448,1335,926,0.0,0.0,1.0,nado,1.0,1
AcuN1,12,40,0,3,195.0,200.0,13,13,182.0,990,1335,614,932,0.6535278874808813,0.6335657183571923,0.16029092375352536,0.26649556562629656,2.0,0.08490566037735849,0.04668601838413159,0.020166304168186475,0.3850679986068759,0.7988665716766772,1.8535653346102807,39.339538659226285,53.71216,0.4964904393366897,0.6551273564932012,988,444,1334,923,0.0,0.0,1.0,nado,1.0,1
AcuN1,12,41,0,3,200.0,205.0,12,12,182.0,990,1335,614,932,0.6644204839241251,0.6555376353696629,0.10828198405976594,0.29035894589478656,2.0,0.07232704402515723,0.05057651991614255,0.030555885646800326,0.43262104300454157,0.5092378610610075,2.1103558715741557,37.859442640957894,45.49289374456154,0.4597946560790333,0.6274446073468523,986,436,1332,913,0.0,0.0,1.0,nado,1.0,1
AcuN1,12,42,0,3,205.0,210.0,13,13,182.0,990,1335,614,932,0.3837839547708448,0.3728367134236571,0.0910104887526467,0.18964571356424606,2.0,0.08176100628930817,0.0563618771165941,0.02652935697410326,0.37844030223296404,0.6889520754630153,1.9500201841032683,35.998715226255605,44.37463988638669,0.4750952434888147,0.6414046514723767,988,438,1334,917,0.0,0.0,1.0,nado,1.0,1
AcuN1,12,43,0,3,210.0,215.0,12,12,182.0,990,1335,614,932,1.0803902892302746,1.0712446054139237,0.1402789094434476,0.2932976190034998,2.0,0.0660377358490566,0.05345911949685535,0.022236637110206462,0.28854312623868217,0.82274730090583,1.8386830924538786,39.00376273375191,53.960215467487494,0.46623287420354104,0.6305380273705987,986,430,1332,908,0.0,0.0,1.0,nado,1.0,1
AcuN1,12,44,0,3,215.0,220.0,13,13,182.0,990,1335,614,932,1.1836647667035498,1.1775964338809646,0.1197034621312331,0.27295946034848817,2.0,0.07232704402515723,0.05370101596516691,0.023082026285746297,0.3456871785413625,0.7802644333880276,1.8117971097042809,32.78776081788391,43.33499389342418,0.5073818865338855,0.6700882356557935,985,429,1330,906,0.0,0.0,1.0,nado,1.0,1
AcuN1,12,45,0,3,220.0,225.0,12,12,182.0,990,1335,614,932,0.8937836341920669,0.8907687734114295,0.07334969028343617,0.38618569206774633,2.0,0.06918238993710692,0.04716981132075472,0.024029752045693593,0.37476102151681023,0.7296493002034395,1.8077363402064746,45.800470868427176,59.465859832853624,0.414996997847951,0.5768441480264809,985,430,1331,907,0.0,0.0,1.0,nado,1.0,1
AcuN1,12,46,0,3,225.0,230.0,13,13,182.0,990,1335,614,932,0.9019216925904631,0.8916682880141972,0.13561122267377573,0.23120595077436618,2.0,0.16666666666666666,0.0602322206095791,0.027666860029520707,0.3446657472262938,0.7440256696768676,2.0982097366405204,37.97316410433661,54.08763337414728,0.46378987261967536,0.6300525248356768,985,428,1330,905,0.0,0.0,1.0,nado,1.0,1
AcuN1,12,47,0,3,230.0,235.0,12,12,182.0,990,1335,614,932,1.1372578679135412,1.1223927298427716,0.18327579798583393,0.29438994670437896,2.0,0.06918238993710692,0.046645702306079666,0.02208322896004557,0.34471817296235124,0.7075203693091532,1.9527647965347947,35.438212510211564,49.24574259469502,0.4754616386153958,0.6417541848021301,985,430,1330,907,0.0,0.0,1.0,nado,1.0,1
AcuN1,12,48,0,3,235.0,240.0,13,13,182.0,990,1335,614,932,0.9425527108064461,0.9281772523581424,0.16398963642093134,0.3700991866602819,2.0,0.1069182389937107,0.0524915336236091,0.027687752942783476,0.3915726589360181,0.6776695555403904,1.9216245595945336,45.77038304781153,62.79673791210915,0.39214765549957475,0.5586592475816731,986,432,1331,909,0.0,0.0,1.0,nado,1.0,1
AcuN1,12,49,0,3,240.0,245.0,12,12,182.0,990,1335,614,932,0.929249471348715,0.9191257323190695,0.13679352393589594,0.24262569013486318,2.0,0.09433962264150944,0.05660377358490566,0.025473297589830496,0.3249486406932568,0.8218046506650181,1.9575297298331185,37.20710793926754,62.661045218680506,0.4662841271704176,0.6315092744408887,985,429,1329,905,0.0,0.0,1.0,nado,1.0,1
AcuN1,12,50,0,3,245.0,250.0,13,13,182.0,990,1335,614,932,1.0596902165126927,1.056015042690609,0.08817927525143761,0.23111719458414082,2.0,0.06918238993710692,0.047895500725689405,0.020296304517377038,0.35128880073059165,0.7519071341488043,1.7856448801417173,30.903815115419317,43.189835746580435,0.5046561666996884,0.6674548125236133,986,432,1331,909,0.0,0.0,1.0,nado,1.0,1
AcuN1,12,51,0,3,250.0,255.0,12,12,182.0,990,1335,614,932,0.9562119051516957,0.9512902256191866,0.0968922814017325,0.34762812703852325,2.0,0.06918238993710692,0.05188679245283019,0.025797718104105166,0.3665222493868582,0.723923140498389,1.71332832179705,42.62625179099312,60.47519739404454,0.44409505680564965,0.60778501900117,983,423,1329,900,0.0,0.0,1.0,nado,1.0,1
AcuN1,12,52,0,3,255.0,260.0,13,13,182.0,990,1335,614,932,0.8405676669287784,0.8257317634115295,0.15722931526714606,0.22673944667713528,2.0,0.09748427672955975,0.05611998064828254,0.024630423301998213,0.34464021144341705,0.7729103357769651,1.951355892087552,34.61739159874316,58.08931560807484,0.5003323807505613,0.6533359517620119,984,429,1329,906,0.0,0.0,1.0,nado,1.0,1
AcuN1,12,53,0,3,260.0,265.0,12,12,182.0,990,1335,614,932,1.0888648503254843,1.0773965681261148,0.15761756648422556,0.26652055080941395,2.0,0.09748427672955975,0.05607966457023061,0.028503737277434972,0.3601419792727896,0.8022994140176177,1.7699033157821502,35.878231975492106,50.657296481464016,0.4708630549253418,0.6350946004487866,985,430,1330,906,0.0,0.0,1.0,nado,1.0,1
AcuN1,12,54,0,3,265.0,270.0,13,13,182.0,990,1335,614,932,0.9637298945756917,0.9565518474161536,0.11740473969826537,0.3850221308098232,2.0,0.10377358490566038,0.045234639574262214,0.02147327196451305,0.3753319010264254,0.8097020202651837,1.777165139629952,46.569992758556936,63.644488299971805,0.3742474849847991,0.5379153645097113,981,420,1326,897,0.0,0.0,1.0,nado,1.0,1
AcuN1,12,55,0,3,270.0,275.0,12,12,182.0,990,1335,614,932,0.9214219368528062,0.8703249450114052,0.3025770576307319,0.3102351603525725,2.0,0.07861635220125786,0.04350104821802935,0.02711551926286429,0.4508992468630555,0.6375721315130629,2.3522659086889037,33.98198014969163,40.192230943195426,0.5255843696192918,0.6860483811216134,982,415,1327,892,0.0,0.0,1.0,nado,1.0,1
AcuN1,12,56,0,3,275.0,280.0,13,13,182.0,990,1335,614,932,1.0272731035436382,0.9891956710804406,0.27709556759337584,0.265672399539533,2.0,0.13522012578616352,0.062409288824383166,0.03350759000386826,0.386056929834647,0.8095015817698226,2.1182745374341057,39.172221504267064,57.63183615608446,0.4583452404587972,0.6231648677827784,984,418,1329,895,0.0,0.0,1.0,nado,1.0,1
AcuN1,12,57,0,3,280.0,285.0,12,12,182.0,990,1335,614,932,1.0601105688846046,1.0521228194883714,0.12989222829977248,0.2654050304205958,2.0,0.12578616352201258,0.048480083857442346,0.02351168517793714,0.41864329712594756,0.754579763725859,1.7790798326565518,33.231595970097,40.799678695007415,0.5189968353506221,0.6780104772487165,982,412,1328,889,0.0,0.0,1.0,nado,1.0,1
AcuN1,12,58,0,3,285.0,290.0,13,13,182.0,990,1335,614,932,0.9031768598523681,0.8667302620125524,0.2539824660964541,0.23509981156808976,2.0,0.11006289308176101,0.06700532172230285,0.03391384109508877,0.4009396483821598,0.8082594658050101,2.0068557399449096,34.0867294384346,44.32031767041694,0.4956855291881859,0.6578748781905221,983,416,1328,893,0.0,0.0,1.0,nado,1.0,1
AcuN1,12,59,0,3,290.0,295.0,12,12,182.0,990,1335,614,932,0.6650602548417198,0.6175313962224201,0.2469010272350474,0.2573357828118574,2.0,0.1509433962264151,0.055031446540880505,0.028549005256170972,0.37359411362050443,0.7727845470042544,2.1273296134214004,42.2545645686404,60.51799378487653,0.4538130478366004,0.6166322145582602,983,418,1329,897,0.0,0.0,1.0,nado,1.0,1
AcuN1,12,60,0,3,295.0,300.0,12,12,182.0,990,1335,614,932,0.6876974255681575,0.6791835333022604,0.10787713948807162,0.1955991410758851,2.0,0.08490566037735849,0.05634171907756814,0.03257031070055235,0.38518271617692057,0.6976794461756683,2.2382609429025053,34.927092285787324,54.511755714077744,0.541028337368895,0.692330828382517,978,418,1325,897,0.0,0.0,1.0,nado,1.0,1
AcuN1,12,61,0,3,300.0,305.0,13,13,182.0,990,1335,614,932,0.6182172689583538,0.5819920709230479,0.20851335933466583,0.2171217294140066,2.0,0.14779874213836477,0.05418480890179003,0.028460790733505947,0.45258692996772587,0.698567217958979,1.9689393946577594,35.95817857845707,43.9600276816609,0.4558692748802446,0.6245073506020072,981,429,1326,906,0.0,0.0,1.0,nado,1.0,1
AcuN1,12,62,0,3,305.0,310.0,12,12,182.0,990,1335,614,932,0.5888922155908864,0.5097498113954215,0.29487144888217864,0.29430720037616737,1.0,0.1761006289308176,0.06263102725366877,0.0325225278341088,0.37707974798317645,0.7860018686401093,2.40497764744006,37.9032111385817,56.53311244029433,0.42856350914674374,0.5956697493590636,980,432,1325,909,0.0,0.0,1.0,nado,1.0,1
AcuN1,12,63,0,3,310.0,315.0,13,13,182.0,990,1335,614,932,0.9889900508520466,0.9520105772973,0.2679126376235265,0.3617888239434482,2.0,0.15723270440251572,0.04958877600387034,0.026554892756979975,0.3913312297160928,0.7882535104388574,1.98949502546267,44.50169833001455,62.62669882252802,0.36524647368591495,0.5293023086535421,980,428,1326,906,0.0,0.0,1.0,nado,1.0,1
AcuN1,12,1,0,4,0.0,5.0,13,13,182.0,1335,1681,614,932,0.824122117549816,0.7868197690967316,0.24513652439683198,0.19784032629825335,2.0,0.14779874213836477,0.08200290275761973,0.03389062674701903,0.4677783993445662,0.8639315204619878,2.964421142068735,44.49514016371163,55.952355898515144,0.45049631699274956,0.6156455072614319,1325,437,1673,916,0.0,0.0,1.0,nado,1.0,1
AcuN1,12,2,0,4,5.0,10.0,12,12,182.0,1335,1681,614,932,0.8568774462748812,0.8520439072613346,0.0908853015256044,0.21625045361390108,2.0,0.1069182389937107,0.06289308176100629,0.029026833920606534,0.38126200624084144,0.8720778887977252,2.7479762926358453,39.067138728412125,46.11059305570273,0.436747502125274,0.6031293457939995,1328,426,1674,903,0.0,0.0,1.0,nado,1.0,1
AcuN1,12,3,0,4,10.0,15.0,13,13,182.0,1335,1681,614,932,0.8244610833618113,0.8094754136453087,0.15647885698038624,0.19477706256591817,2.0,0.1069182389937107,0.03701015965166909,0.022991490328274296,0.4402183253161664,0.713020893627683,2.5089229754874602,38.67196384495485,55.657657390375604,0.5365452749497076,0.6888076139411474,1328,429,1674,906,0.0,0.0,1.0,nado,1.0,1
AcuN1,12,4,0,4,15.0,20.0,12,12,182.0,1335,1681,614,932,0.4832182801984368,0.4616996148996515,0.14259513287433245,0.20097388178373826,2.0,0.1509433962264151,0.07127882599580714,0.02929592690531498,0.4154443599619369,0.8533467345322278,2.99762561969805,36.0858839592961,49.29758522727273,0.5172558664390347,0.672464544296998,1330,432,1678,911,0.0,0.0,1.0,nado,1.0,1
AcuN1,12,5,0,4,20.0,25.0,13,13,182.0,1335,1681,614,932,0.4047588162229497,0.40026583563209056,0.0601411683952665,0.14356499119796287,1.0,0.11320754716981132,0.04644412191582003,0.025171317612023243,0.4399513603133643,0.7731697802212062,2.9477713609952665,41.218981217247396,58.94060773480663,0.5223565462609734,0.6789603482464663,1336,446,1683,924,0.0,0.0,1.0,nado,1.0,1
AcuN1,12,6,0,4,25.0,30.0,12,12,182.0,1335,1681,614,932,0.409570582627569,0.3786991820950576,0.1559967680255612,0.16407576044440061,1.0,0.13836477987421383,0.06394129979035638,0.027922798216989633,0.4708121277314806,0.8803545236564357,2.433691719080255,41.224762355318965,53.72063013239484,0.49602209636671435,0.6591951457763875,1337,436,1684,914,0.0,0.0,1.0,nado,1.0,1
AcuN1,12,7,0,4,30.0,35.0,13,13,182.0,1335,1681,614,932,0.3492501021479224,0.302750900483954,0.17411928700316112,0.10742923399548326,1.0,0.11635220125786164,0.05587808417997098,0.021756487010963926,0.4469992363873385,0.713651491944189,2.892670450741841,33.89397743461975,46.933274401893414,0.5610749366993646,0.7150779516494568,1339,444,1686,922,0.0,0.0,1.0,nado,1.0,1
AcuN1,12,8,0,4,35.0,40.0,12,12,182.0,1335,1681,614,932,0.6647953375483394,0.6420117114135766,0.17255087143744288,0.17911721390824245,2.0,0.11320754716981132,0.05136268343815513,0.02688163470606162,0.49438919998981423,0.8368813831745191,2.2101892976204494,36.58913824868305,46.22087617974363,0.5450781722987317,0.6996803955009788,1332,472,1679,950,0.0,0.0,1.0,nado,1.0,1
AcuN1,12,9,0,4,40.0,45.0,13,13,182.0,1335,1681,614,932,0.6616357236183236,0.644881750437727,0.14795052794875693,0.1973971232034899,2.0,0.13522012578616352,0.06627963231736816,0.03385348379010744,0.45095031842880895,0.7169483898914902,2.180201050966722,38.089470287799195,48.777890323851324,0.49130185934801773,0.6547446670898632,1334,479,1681,957,0.0,0.0,1.0,nado,1.0,1
AcuN1,12,10,0,4,45.0,50.0,12,12,182.0,1335,1681,614,932,0.1402753406532327,0.10284392953450137,0.0953954786836514,0.062491009068231906,1.0,0.09433962264150944,0.05267295597484277,0.020971648593306,0.466509154863853,0.6405726735672487,1.9390381415392117,31.261455087608624,39.069521119527536,0.6087751453107749,0.7549046009446091,1335,475,1682,953,0.0,1.0,0.0,inmovilidad,1.0,1
AcuN1,12,11,0,4,50.0,55.0,13,13,182.0,1335,1681,614,932,0.251885248004239,0.21789945449896517,0.12635666144374974,0.09491900558845812,1.0,0.07232704402515723,0.045476536042573776,0.01820469175629312,0.4375417109837249,0.5912383312598204,2.3469212910950104,25.99639218810495,37.94639949489915,0.6847290865509605,0.8104370301812367,1332,479,1679,957,0.0,1.0,0.0,inmovilidad,1.0,1
AcuN1,12,12,0,4,55.0,60.0,12,12,182.0,1335,1681,614,932,0.6259601514776,0.5808256480302003,0.2333831138453632,0.2997623197122256,2.0,0.25157232704402516,0.13836477987421383,0.06689349813327095,0.4496292285707399,0.9203310491241138,3.0114526374240995,45.19200930755611,64.79106813763853,0.3952952218584223,0.5540348227151676,1334,491,1680,967,1.0,0.0,0.0,escalamiento,1.0,1
AcuN1,12,13,0,4,60.0,65.0,13,13,182.0,1335,1681,614,932,0.5520784774505905,0.49722694068512174,0.23990834650148496,0.20538489783051878,1.0,0.16666666666666666,0.06797290759554911,0.03950617754509007,0.48973685118373694,0.8929500471471307,2.4672892480643687,40.72611028252,49.81921758419036,0.5236922691965968,0.6849661860013385,1334,492,1680,968,0.0,0.0,1.0,nado,1.0,1
AcuN1,12,14,0,4,65.0,70.0,12,12,182.0,1335,1681,614,932,0.4861335457260507,0.47909093036689,0.08244819416075798,0.1464625115391802,2.0,0.14150943396226415,0.0749475890985325,0.029610287868759428,0.4704147754736868,0.7898734186841199,2.2186474008503856,39.314389512003025,61.629384619488384,0.5018747872376633,0.6607026390083474,1335,492,1682,969,0.0,0.0,1.0,nado,1.0,1
AcuN1,12,15,0,4,70.0,75.0,13,13,182.0,1335,1681,614,932,0.5938568506214248,0.573318182584645,0.1548296500927293,0.15636930157222778,2.0,0.11320754716981132,0.07619738751814223,0.03330098230604754,0.40033607533234644,0.9282136264223256,2.112707824349872,34.706547626070034,43.66114799222798,0.5286753748608441,0.688623325173363,1334,495,1680,971,0.0,0.0,1.0,nado,1.0,1
AcuN1,12,16,0,4,75.0,80.0,12,12,182.0,1335,1681,614,932,0.15003484137125972,0.10064211810929267,0.11127271762554491,0.08712743267679321,1.0,0.11635220125786164,0.06813417190775682,0.03344046184736658,0.45596674559378,0.7413352326264571,2.269384065794027,35.21986387921536,42.40276254455717,0.5493767248245948,0.7062533568866268,1334,484,1680,961,0.0,0.0,1.0,nado,1.0,1
AcuN1,12,17,0,4,80.0,85.0,13,13,182.0,1335,1681,614,932,0.7669148147163136,0.7193186774409224,0.26596799302923646,0.19648584019792042,2.0,0.0880503144654088,0.047895500725689405,0.023123812112271838,0.48363844194581523,0.7464155363252215,2.0036627335619883,34.58624512541725,47.13770864946889,0.56018804505396,0.7160489955865285,1334,485,1680,962,0.0,0.0,1.0,nado,1.0,1
AcuN1,12,18,0,4,85.0,90.0,12,12,182.0,1335,1681,614,932,0.18037069227337957,0.17701935275418618,0.034608313765151714,0.047324063054880475,1.0,0.05660377358490566,0.02410901467505241,0.014445514992199267,0.47796698325947623,0.7282067489206662,2.231320268839429,23.294962102890462,32.03344645304444,0.7022587199781385,0.8233661605924786,1330,470,1677,948,0.0,1.0,0.0,inmovilidad,1.0,1
AcuN1,12,19,0,4,90.0,95.0,13,13,182.0,1335,1681,614,932,0.10541695006731418,0.061322674135711984,0.08574533805601267,0.03356506781015062,1.0,0.059748427672955975,0.020561199806482824,0.016751473567127154,0.47602877864855325,0.7102751825961042,2.279688983194738,25.971684019229727,33.54868547661172,0.664341905340393,0.7972411001902281,1331,474,1677,952,0.0,1.0,0.0,inmovilidad,1.0,1
AcuN1,12,20,0,4,95.0,100.0,12,12,182.0,1335,1681,614,932,0.9608850711623609,0.958422754518381,0.06874549879151715,0.22209098848037534,2.0,0.1069182389937107,0.06420335429769393,0.03131789662218967,0.38358827737033035,0.8145890898456735,2.003242967577202,34.30591125900593,46.53107541899441,0.5205818029147875,0.6788516551448622,1330,474,1677,952,0.0,0.0,1.0,nado,1.0,1
AcuN1,12,21,0,4,100.0,105.0,13,13,182.0,1335,1681,614,932,0.5059822271063603,0.4935984458206161,0.11125910493521245,0.1741532335241763,2.0,0.06289308176100629,0.05128205128205128,0.019660231380266055,0.5154606702798201,0.7322745377069263,1.9727217385740015,33.047660140731054,39.77796896957182,0.5538833369043457,0.7097788593123163,1329,466,1677,944,0.0,0.0,1.0,nado,1.0,1
AcuN1,12,22,0,4,105.0,110.0,12,12,182.0,1335,1681,614,932,0.6581249782657949,0.6386879155205908,0.15876471139808015,0.15585193419159976,2.0,0.05345911949685535,0.04061844863731656,0.018102161718985085,0.47919424846076336,0.6795269091882156,1.857121252116446,26.660804389367087,34.56949931097841,0.6352145476335729,0.7744317843325921,1330,465,1677,943,0.0,1.0,0.0,inmovilidad,1.0,1
AcuN1,12,23,0,4,110.0,115.0,13,13,182.0,1335,1681,614,932,0.7903276028321602,0.7787538820806806,0.13475945585634408,0.1801293668200222,2.0,0.08176100628930817,0.05273343009192066,0.022552739149756137,0.3848869266919319,0.9163969793988448,1.883460571644179,28.857468959997984,41.6083571600813,0.5823039474888069,0.7268256227342552,1331,465,1678,943,0.0,0.986,0.013,inmovilidad,0.986,1
AcuN1,12,24,0,4,115.0,120.0,12,12,182.0,1335,1681,614,932,0.20430209646259437,0.17339280272832483,0.10804759405478419,0.09612430022531093,1.0,0.0880503144654088,0.059748427672955975,0.0271658170170154,0.4220660592959308,0.7744026331319205,2.293981704443131,29.71645366786315,35.4206744619556,0.5909928156705219,0.7416267839297891,1331,469,1678,946,0.0,1.0,0.0,inmovilidad,1.0,1
AcuN1,12,25,0,4,120.0,125.0,13,13,182.0,1335,1681,614,932,0.20581307158776063,0.20279581675701408,0.03511235028083781,0.06503987489574992,1.0,0.0880503144654088,0.05394291243347847,0.018139691581697835,0.5089049383849243,0.7366513892118802,1.9845788041668084,25.065020445048976,32.60620807986274,0.6721268320453415,0.8021684257012178,1331,466,1677,943,0.0,1.0,0.0,inmovilidad,1.0,1
AcuN1,12,26,0,4,125.0,130.0,12,12,182.0,1335,1681,614,932,0.5410115562517429,0.533531797078249,0.0896511321980194,0.14645956202875415,2.0,0.07232704402515723,0.04716981132075472,0.01932691203256465,0.49122547125370924,0.6298574349655827,1.7295877129544477,27.7634980020272,35.10735267936621,0.6151238718799127,0.7581669338960628,1331,464,1678,942,0.0,0.73,0.27,inmovilidad,0.73,0
AcuN1,12,27,0,4,130.0,135.0,13,13,182.0,1335,1681,614,932,0.7418190501382393,0.7362649705363125,0.09060571896498924,0.20604960342932416,2.0,0.07232704402515723,0.05152394775036284,0.02583524796681792,0.4264847169981059,0.715130654447963,1.9051386167964213,30.828960683936824,65.95821398483572,0.5782908717624726,0.7127722194550065,1333,465,1680,943,0.0,0.0,1.0,nado,1.0,1
AcuN1,12,28,0,4,135.0,140.0,12,12,182.0,1335,1681,614,932,0.8281137655822361,0.8114364176650408,0.16535824392426335,0.20809449034871233,2.0,0.11635220125786164,0.06027253668763103,0.02753047573461096,0.47942561812985846,0.8045283979947299,1.7350018176368038,38.132998423680114,45.7227634467618,0.47053717414703433,0.6369510268856696,1332,466,1679,943,0.0,0.0,1.0,nado,1.0,1
AcuN1,12,29,0,4,140.0,145.0,13,13,182.0,1335,1681,614,932,0.8779571095526373,0.8722780929926142,0.09969761631648928,0.18737604094810095,2.0,0.11006289308176101,0.06579583938074504,0.0311652622836311,0.3819503116611093,0.8632073438789452,1.8407179189461294,34.528131126518765,46.334520260571935,0.5089548170266872,0.6642898300159966,1333,466,1679,943,0.0,0.0,1.0,nado,1.0,1
AcuN1,12,30,0,4,145.0,150.0,12,12,182.0,1335,1681,614,932,0.35690415215689186,0.3567532025763524,0.010379127051246271,0.08213450084552663,1.0,0.07547169811320754,0.05581761006289308,0.023390970567974474,0.44276610001682076,0.7143706067869835,2.0089594943762954,24.820238131547544,32.12128017967434,0.6437440072220252,0.7816892321082286,1334,466,1680,943,0.0,1.0,0.0,inmovilidad,1.0,1
AcuN1,12,31,0,4,150.0,155.0,12,12,182.0,1335,1681,614,932,0.33253547847522114,0.3245309337648047,0.072522530805869,0.0799671214467248,2.0,0.06289308176100629,0.05267295597484277,0.020946499716230447,0.4881346742611235,0.7341599923363865,1.5260076279769883,21.819144034898727,26.446316773088306,0.7003301750171366,0.8229751820493801,1336,476,1682,952,0.0,1.0,0.0,inmovilidad,1.0,1
AcuN1,12,32,0,4,155.0,160.0,13,13,182.0,1335,1681,614,932,0.1648082358568158,0.1535100880655517,0.05997005476354333,0.040721025406297566,1.0,0.05660377358490566,0.042815674891146585,0.019599874075284723,0.46143391801710526,0.6834299561762758,1.7840142020993732,19.96273783184004,25.43131963452716,0.7314044386161084,0.8436846312548058,1334,470,1681,947,0.0,1.0,0.0,inmovilidad,1.0,1
AcuN1,12,33,0,4,160.0,165.0,12,12,182.0,1335,1681,614,932,0.9603760671452021,0.9587498763677391,0.055864701826202665,0.23951336101969317,2.0,0.07232704402515723,0.06132075471698113,0.03048043901557366,0.3781209114941045,0.7954116580775247,1.852031211982366,34.093663759090774,57.97261253419548,0.534466448450439,0.6839552652039519,1334,467,1681,945,0.0,0.0,1.0,nado,1.0,1
AcuN1,12,34,0,4,165.0,170.0,13,13,182.0,1335,1681,614,932,0.635271816799036,0.6328890054004644,0.05497079281180796,0.14069727961347597,2.0,0.0660377358490566,0.053217223028543786,0.021649701009843102,0.46759036312520136,0.7904070617850485,1.525665453312392,26.776381509278778,34.204919389545466,0.6245762092772966,0.766510857013152,1332,458,1679,936,0.0,1.0,0.0,inmovilidad,1.0,1
AcuN1,12,35,0,4,170.0,175.0,12,12,182.0,1335,1681,614,932,0.6573057104621024,0.6469606464321206,0.11615816361419333,0.17461207589878872,2.0,0.09119496855345911,0.05843815513626834,0.02639877626621095,0.45318276490151593,0.6259499763660114,2.118148824108626,30.419607246694255,37.99459719393528,0.556078509055571,0.7119166276820023,1334,460,1681,937,0.0,0.0,1.0,nado,1.0,1
AcuN1,12,36,0,4,175.0,180.0,13,13,182.0,1335,1681,614,932,0.7591612483724139,0.7517450038622225,0.10585485439293299,0.1746748677289788,2.0,0.12578616352201258,0.036284470246734396,0.020191839951063193,0.5121340542014258,0.7152393009770495,1.65842756681581,30.495992300712143,45.49080407356741,0.5769462281497915,0.7254456548296434,1333,452,1679,929,0.0,0.0,1.0,nado,1.0,1
AcuN1,12,37,0,4,180.0,185.0,12,12,182.0,1335,1681,614,932,0.43755210014166174,0.4112034288356781,0.14954457680624922,0.12195035227248542,1.0,0.06918238993710692,0.04612159329140461,0.0179990513229753,0.531981741442355,0.6642580776619061,1.9442516120204643,29.343777067648514,33.675410139957364,0.6233822041079343,0.7671671173621967,1334,454,1681,931,0.0,0.997,0.003,inmovilidad,0.997,1
AcuN1,12,38,0,4,185.0,190.0,13,13,182.0,1335,1681,614,932,0.5463032266789164,0.5143201059956519,0.18417938008478812,0.19095474386326797,1.0,0.09433962264150944,0.03217223028543783,0.01698361704782459,0.4670564331195972,0.8560819658366109,1.6360044952039976,32.81157509569654,48.11708829117088,0.554691767088289,0.7058278609238547,1333,448,1679,926,0.0,0.0,1.0,nado,1.0,1
AcuN1,12,39,0,4,190.0,195.0,12,12,182.0,1335,1681,614,932,0.6297217087626878,0.6221839561175116,0.09714193346316444,0.1530858232771404,2.0,0.05345911949685535,0.04140461215932914,0.016925194271849072,0.5282119247687291,0.5862316919267512,2.1179531454532827,26.805276670004535,33.306890578667684,0.6607808926679031,0.7943244538310409,1334,448,1681,926,0.0,0.998,0.002,inmovilidad,0.998,1
AcuN1,12,40,0,4,195.0,200.0,13,13,182.0,1335,1681,614,932,0.16230564247776785,0.15529334301391326,0.04719215184417935,0.04819786718471201,1.0,0.08490566037735849,0.05660377358490566,0.02396649294720354,0.4341384875567005,0.6697985335264506,2.122656827583953,21.488779686127085,26.21849075155165,0.6769355396049389,0.8064448568889616,1334,445,1681,923,0.0,1.0,0.0,inmovilidad,1.0,1
AcuN1,12,41,0,4,200.0,205.0,12,12,182.0,1335,1681,614,932,0.8517019528701537,0.8505520015047051,0.04424374824959473,0.19656189724872628,2.0,0.0660377358490566,0.046645702306079666,0.019125721015960204,0.479224427113254,0.7184235830761572,1.520397779577659,26.177523419495756,32.202133429759535,0.6207512281157183,0.7637470846782896,1332,435,1679,913,0.0,0.973,0.026,inmovilidad,0.973,1
AcuN1,12,42,0,4,205.0,210.0,13,13,182.0,1335,1681,614,932,0.13430400028087644,0.0978425761969938,0.09200214548901087,0.04352940457824998,1.0,0.05660377358490566,0.042815674891146585,0.018648085804425226,0.43094187182749677,0.7878069774824428,1.8830750649822354,23.161372941175497,29.60832895773169,0.6686275510947435,0.79977433630828,1333,438,1680,917,0.0,1.0,0.0,inmovilidad,1.0,1
AcuN1,12,43,0,4,210.0,215.0,12,12,182.0,1335,1681,614,932,0.6612618432594463,0.6453535582879444,0.14417354180281955,0.19179413683644034,2.0,0.09433962264150944,0.044549266247379454,0.019153384780743316,0.48076856816569313,0.6220939415829682,2.113300427109192,32.98165628003669,38.131991126646945,0.5773708136903832,0.7307456252238036,1331,430,1679,908,0.0,0.0,1.0,nado,1.0,1
AcuN1,12,44,0,4,215.0,220.0,13,13,182.0,1335,1681,614,932,0.33865479380877567,0.27655963333781386,0.1954529062913067,0.09494537901521158,1.0,0.1069182389937107,0.062167392356071605,0.025709890487241302,0.3824470987098018,0.7335094025484199,2.04089570458615,26.300524219769628,37.836192075486785,0.605896792243371,0.7516644073796924,1330,429,1676,906,0.0,1.0,0.0,inmovilidad,1.0,1
AcuN1,12,45,0,4,220.0,225.0,12,12,182.0,1335,1681,614,932,0.2890741699559534,0.21833839356527238,0.18945242577243418,0.13245613550368923,1.0,0.1069182389937107,0.06420335429769393,0.03213775001485279,0.40132075059630473,0.8349677601092761,1.9550185131323505,34.44601384958554,43.64614716106605,0.543212140770395,0.6995847900160852,1331,429,1677,907,0.0,0.0,1.0,nado,1.0,1
AcuN1,12,46,0,4,225.0,230.0,13,13,182.0,1335,1681,614,932,0.8571740033513808,0.8538651366381799,0.0752436074048511,0.17932500911001353,2.0,0.07861635220125786,0.050314465408805034,0.020521483693653555,0.4602151647434437,0.6337771070940783,1.282865673350393,29.130705935375182,40.28865684451438,0.594569787595229,0.7418096385922468,1330,428,1676,905,0.0,0.0,1.0,nado,1.0,1
AcuN1,12,47,0,4,230.0,235.0,12,12,182.0,1335,1681,614,932,0.6347406022731698,0.6285760078979962,0.0882487080309085,0.14850468450934884,2.0,0.059748427672955975,0.04769392033542977,0.019684026087037544,0.4925583617387137,0.6343328497970986,1.8473634358204205,25.511973674282018,29.903080449054112,0.6603111009911967,0.7941727464791194,1330,430,1676,907,0.0,1.0,0.0,inmovilidad,1.0,1
AcuN1,12,48,0,4,235.0,240.0,13,13,182.0,1335,1681,614,932,0.6514302636874664,0.6477230893623533,0.06939876047027538,0.1546599850566499,2.0,0.12264150943396226,0.052975326560232225,0.022889347196767426,0.5246744450287014,0.6432666400588842,1.84086556029917,28.107560592861887,39.04521464715164,0.6117797972602591,0.7519394987093768,1331,433,1677,910,0.0,0.68,0.319,inmovilidad,0.68,0
AcuN1,12,49,0,4,240.0,245.0,12,12,182.0,1335,1681,614,932,0.5787717673698337,0.5554727755358644,0.16256307804321427,0.1711485258012579,2.0,0.10062893081761007,0.052935010482180286,0.023979454291542482,0.5625074484366647,0.6149914920369898,2.1198405790986947,31.11626477911609,42.37162082745651,0.5814606631423388,0.7331162648472812,1329,429,1675,905,0.0,0.0,1.0,nado,1.0,1
AcuN1,12,50,0,4,245.0,250.0,13,13,182.0,1335,1681,614,932,0.6811633581738936,0.6781417844996517,0.06408775728923696,0.15280362942749287,2.0,0.09433962264150944,0.03289791969037252,0.020646841173230172,0.5080808290284485,0.7190131881188632,1.7353014176784087,27.42672786189518,43.069541621218974,0.6230119831936535,0.7593138827172011,1331,433,1676,909,0.0,0.976,0.023,inmovilidad,0.976,1
AcuN1,12,51,0,4,250.0,255.0,12,12,182.0,1335,1681,614,932,0.2086370550551659,0.20086652913836248,0.05640973509953491,0.07461991765489787,1.0,0.07232704402515723,0.04690775681341719,0.01919613787177176,0.4055683959343661,0.8682020792774909,2.0237385892967157,25.47472916394346,30.83144690361185,0.6246061742170533,0.7680951990698902,1328,423,1674,900,0.0,1.0,0.0,inmovilidad,1.0,1
AcuN1,12,52,0,4,255.0,260.0,13,13,182.0,1335,1681,614,932,0.9637734670057122,0.9384780953910028,0.21935851972395945,0.26947524732907724,2.0,0.10377358490566038,0.06265118529269473,0.027717931595274144,0.404454300679919,0.8010218445263055,2.1788054992563954,36.241285432270416,57.97242119213657,0.5031779184298529,0.656388206010686,1329,428,1675,905,0.0,0.0,1.0,nado,1.0,1
AcuN1,12,53,0,4,260.0,265.0,12,12,182.0,1335,1681,614,932,0.837167317775541,0.8318841212256681,0.09390381677062695,0.21200812672990169,2.0,0.17295597484276728,0.06184486373165619,0.02776436029141363,0.4850011241775092,0.692417037758516,1.8189713306937974,32.61948543660337,48.53119719009908,0.5368578405686175,0.6910890225476868,1329,430,1675,906,0.0,0.0,1.0,nado,1.0,1
AcuN1,12,54,0,4,265.0,270.0,13,13,182.0,1335,1681,614,932,0.6420121968199675,0.6389983018228635,0.0621355866882845,0.18446411649579664,1.0,0.08490566037735849,0.05007256894049347,0.022004880535310186,0.39665892259809904,0.8081079623983446,1.7617416105348858,29.93471522079795,48.89818298761859,0.5719521536790795,0.7189553436834563,1326,421,1671,897,0.0,0.0,1.0,nado,1.0,1
AcuN1,12,55,0,4,270.0,275.0,12,12,182.0,1335,1681,614,932,0.33849694567860805,0.2820274806265194,0.18719156606323034,0.1287465701643917,1.0,0.1509433962264151,0.07783018867924528,0.031129280044123,0.35770253819646075,0.8689022960855901,2.214164176457865,26.242460365915573,39.01270136307311,0.6064222762793522,0.7494900028795168,1327,415,1672,892,0.0,1.0,0.0,inmovilidad,1.0,1
AcuN1,12,56,0,4,275.0,280.0,13,13,182.0,1335,1681,614,932,0.8539495041668663,0.8525387259767506,0.0490660409731201,0.1925524318248369,2.0,0.09119496855345911,0.05418480890179003,0.022501667584002703,0.4565310477047754,0.730748220323562,1.5723380874374617,32.16345434252502,41.60707293969056,0.5604916149763834,0.7148334801851637,1329,418,1675,895,0.0,0.0,1.0,nado,1.0,1
AcuN1,12,57,0,4,280.0,285.0,12,12,182.0,1335,1681,614,932,0.13305261243197827,0.119485593793696,0.05853367023126168,0.036545402978544646,1.0,0.0660377358490566,0.041666666666666664,0.01705093865722685,0.44856794595815147,0.7436874688445768,1.761611675455148,21.773801385969076,27.986806806071073,0.7142316916174675,0.8324771424461272,1327,412,1674,890,0.0,1.0,0.0,inmovilidad,1.0,1
AcuN1,12,58,0,4,285.0,290.0,13,13,182.0,1335,1681,614,932,0.8849814676057407,0.8840650191793551,0.04026462304576336,0.18891060764135897,2.0,0.09433962264150944,0.06192549588776004,0.0278850749013763,0.3997789309786726,0.8174547736702172,1.8411364553992131,31.759367870570113,41.83796860572484,0.5688770035532605,0.7219209134421203,1328,416,1674,893,0.0,0.0,1.0,nado,1.0,1
AcuN1,12,59,0,4,290.0,295.0,12,12,182.0,1335,1681,614,932,0.21735443066686239,0.19602343841008435,0.09390292926423409,0.06251531867190777,1.0,0.06918238993710692,0.048480083857442346,0.017662056370162858,0.39891651794788163,0.7939321964568613,1.7133121991755533,24.28163116877246,31.305632314694407,0.6665085053228639,0.7988417300895329,1328,420,1675,898,0.0,1.0,0.0,inmovilidad,1.0,1
AcuN1,12,60,0,4,295.0,300.0,12,12,182.0,1335,1681,614,932,0.6953169370476054,0.6941308346481387,0.04059590294527161,0.16087947999806615,2.0,0.06289308176100629,0.046383647798742135,0.0195960050172731,0.47083476172084865,0.7204248580410167,1.4757339882380665,25.670463519012895,31.033463431189546,0.6589253214369457,0.7925690112326363,1323,419,1671,897,0.0,1.0,0.0,inmovilidad,1.0,1
AcuN1,12,61,0,4,300.0,305.0,13,13,182.0,1335,1681,614,932,0.8513881183005968,0.8467098142305105,0.0891303453890161,0.18919669633342517,2.0,0.07232704402515723,0.0524915336236091,0.024124350514077797,0.4074930588422485,0.8150755242054774,1.8308744490163655,31.820172501774223,49.40489032722042,0.577165348388757,0.7241676556244939,1326,429,1672,907,0.0,0.0,1.0,nado,1.0,1
AcuN1,12,62,0,4,305.0,310.0,12,12,182.0,1335,1681,614,932,0.30386842554560245,0.2969355468400236,0.06453914367559789,0.107172668721803,1.0,0.059748427672955975,0.04874213836477988,0.019588460354150433,0.38724995387253125,0.8124641435478396,1.697244425615601,25.436030643421123,34.476969674583536,0.663335309863588,0.7946038074123289,1325,433,1671,910,0.0,1.0,0.0,inmovilidad,1.0,1
AcuN1,12,63,0,4,310.0,315.0,13,13,182.0,1335,1681,614,932,0.6143880338170551,0.6114597423269118,0.05991360121953437,0.13932874237619775,2.0,0.050314465408805034,0.033623609095307205,0.01379396562304179,0.4650298205331086,0.6796056498160037,1.6230171509764126,24.730742956690165,37.1526704268505,0.6740864892219067,0.802145155214631,1326,428,1673,906,0.0,1.0,0.0,inmovilidad,1.0,1
