video,paso,bloque,especimen,t0,t1,n,n_visto,escala_px,rng,spanx,spany,path,nq,hrise,hmean,above,area,vert,elong,me,me_max,iou,dice,clase,confianza,usar,gx0,gx1,g_agua,g_fondo
IMG_0840,12,1,1,0.0,5.0,13,13,180.3,0.5322843139797387,0.4956748752842734,0.1939922908798207,0.1545323190054008,2,0.2866449511400651,0.1295414683036832,0.0652141337967056,0.4638711748921905,0.749678560036478,2.1853618010053584,52.70196209225512,82.48170201378203,0.3851741241858977,0.5417868070935282,nado,0.995,1,700,1027,517,824
IMG_0840,12,2,1,5.0,10.0,12,12,180.3,1.0319530920464015,0.993604240004473,0.278707370604479,0.4238811130249581,2,0.2899022801302932,0.1558089033659066,0.0768763915831533,0.4272531606793043,0.8621705497635476,2.3147695560930432,51.00672985596484,67.3176480204899,0.3542888781262976,0.507166669528772,nado,0.96,1,700,1027,517,824
IMG_0840,12,3,1,10.0,15.0,13,13,180.3,0.96461863732606,0.921903121641349,0.2838727704178773,0.4636773222237633,2,0.2703583061889251,0.1966925582560761,0.1054289246322572,0.4581343191374015,0.8774105378698848,2.1934146355028545,57.02124530699654,71.67596153846154,0.3080711400325597,0.4578067172331105,escalamiento,0.957,1,700,1027,517,824
IMG_0840,12,4,1,15.0,20.0,12,12,180.3,0.6721175345826761,0.638315367986933,0.210464893236856,0.280964823162302,1,0.263843648208469,0.1289359391965255,0.0596725299395114,0.4355730609823771,0.7966817513417982,2.033634535423152,54.63407224238758,70.71455490207275,0.3241584187595943,0.4806874785400998,nado,0.989,1,700,1027,517,824
IMG_0840,12,5,1,20.0,25.0,13,13,180.3,0.8877316216057187,0.8359490471384405,0.298758468644911,0.3348775195767778,2,0.3224755700325732,0.1586068654472563,0.1034219717939481,0.4425899013991774,0.9079166355719066,1.97009794557182,53.00866249495104,74.61358773959743,0.3331426756945402,0.4757614235664859,escalamiento,0.974,1,700,1027,517,824
IMG_0840,12,6,1,25.0,30.0,12,12,180.3,1.0332437054463528,1.023402875349662,0.1422642244928553,0.4043091955876018,2,0.257328990228013,0.1813246471226927,0.124460067923593,0.5025296700470132,0.8864735860996499,2.035577227023186,55.19592115923428,69.99385036790376,0.2401507774334754,0.3799780777877853,escalamiento,0.974,1,700,1027,517,824
IMG_0840,12,7,1,30.0,35.0,13,13,180.3,0.4739334056327781,0.4711964720401913,0.0508601780527812,0.2243872477406564,1,0.2442996742671009,0.1956903031821598,0.0939765133296893,0.4603116736317933,0.9622479168819884,2.1968040944837446,48.52603145616112,69.53771797424452,0.4134360148648675,0.5773257571748442,escalamiento,0.983,1,700,1027,517,824
IMG_0840,12,8,1,35.0,40.0,12,12,180.3,0.5028448526338309,0.4902026492491295,0.1120460105915158,0.3084154362625121,2,0.2833876221498371,0.1815960912052117,0.1066665061043866,0.515682547875908,0.9155231745899052,1.785380525870998,50.62856465219068,67.64056948406146,0.3255777144953141,0.4793245694076102,escalamiento,0.977,1,700,1027,517,824
IMG_0840,12,9,1,40.0,45.0,13,13,180.3,0.4634885109873287,0.393891594709897,0.2442765061035246,0.1695868986949819,1,0.2866449511400651,0.1210223001753946,0.0969916759664885,0.4422893318113646,0.9117420783623912,2.319742554039674,47.80002693168445,66.17053133695508,0.3921500790075676,0.5507513420844986,escalamiento,0.964,1,700,1027,517,824
IMG_0840,12,10,1,45.0,50.0,12,12,180.3,1.0687919457712742,1.028004741015827,0.2924422606165677,0.3081909092535755,2,0.254071661237785,0.1091205211726384,0.0535524676826749,0.500783644744581,0.867736135842557,1.9861703522676224,45.5758657475057,70.37286711818135,0.4177869768220477,0.5775189728558324,nado,0.839,1,700,1027,517,824
IMG_0840,12,11,1,50.0,55.0,13,13,180.3,1.0524228909278133,1.0468623880381127,0.1080420374668838,0.2401857995904973,2,0.1009771986970684,0.0628915058882485,0.0275624678714002,0.4270904507646419,0.8759602965113024,2.405093459244853,39.40754097249778,56.033758304902136,0.4524091425452363,0.6148047607328733,nado,0.963,1,700,1027,517,824
IMG_0840,12,12,1,55.0,60.0,12,12,180.3,0.1874240904080133,0.1463224258025568,0.117121891090122,0.0997874405494128,1,0.0846905537459283,0.0483170466883821,0.0193088348790264,0.3928864600129294,0.9698479398781512,2.634350525658501,39.13979993891181,50.22577739223275,0.4962299668403094,0.6589938818301767,nado,0.717,0,700,1027,517,824
IMG_0840,12,13,1,60.0,65.0,13,13,180.3,0.6808026659707532,0.6557690696587399,0.1829185536565266,0.2946794121451668,2,0.0846905537459283,0.0413430217990478,0.0217262111505628,0.4177988271287912,0.8464887452153255,2.7609353682813875,44.54467298854466,62.23226973259269,0.4342925751071217,0.5930762279662043,nado,0.971,1,700,1027,517,824
IMG_0840,12,14,1,65.0,70.0,12,12,180.3,0.9326095143720912,0.8716195654675117,0.3317225337410379,0.3182281682931352,2,0.1986970684039088,0.0893051031487513,0.0446377393764241,0.4674604569975745,0.8000550499442443,2.1129574561218853,45.62596153427119,74.0593744146844,0.4468135889434818,0.6060623037406522,nado,0.993,1,700,1027,517,824
IMG_0840,12,15,1,70.0,75.0,13,13,180.3,0.3069203262597486,0.1940329770163486,0.237805152386494,0.075761369016194,1,0.2247557003257329,0.0972187421698822,0.0508506942027224,0.4017100707669692,0.9416275483734976,2.2996509871643727,46.78353784556206,64.41249777461279,0.3884828563754965,0.547042231962761,escalamiento,0.998,1,700,1027,517,824
IMG_0840,12,16,1,75.0,80.0,12,12,180.3,0.7640140489063918,0.7478681200590263,0.1562393738009606,0.2115956559218564,2,0.1302931596091205,0.0347448425624321,0.0150245349078601,0.4352346243598792,0.8310323700816777,2.7925199587638443,46.8833876060276,69.0990872805426,0.4417478120289418,0.6030161865195661,nado,0.971,1,700,1027,517,824
IMG_0840,12,17,1,80.0,85.0,13,13,180.3,0.3242964888427324,0.2409425888201024,0.2170596267581594,0.171127474254611,1,0.1400651465798045,0.0177900275620145,0.013665266141977,0.4016722037322841,0.8895584245955023,2.392209083367272,44.232293085741965,80.35966556577107,0.4551963097062341,0.6135584581671005,escalamiento,0.995,1,700,1027,517,824
IMG_0840,12,18,1,85.0,90.0,12,12,180.3,0.8801066728452144,0.8740500621484845,0.1030739755947342,0.2505551319539333,2,0.2996742671009772,0.1395222584147665,0.07921211706115,0.4798646719948829,0.8573829816054355,2.14824556571744,48.5214926570952,74.01303938701439,0.4227526084308423,0.5811116480127158,nado,0.953,1,700,1027,517,824
IMG_0840,12,19,1,90.0,95.0,13,13,180.3,0.3852935143928094,0.2716927812333568,0.273192468525114,0.1794595736391928,1,0.247557003257329,0.1410674016537208,0.0847322234871949,0.4053760730624182,0.9317861464009184,2.6539107647572227,39.850390761707885,65.02019987242186,0.4857480644693491,0.6522887007178648,escalamiento,0.969,1,700,1027,517,824
IMG_0840,12,20,1,95.0,100.0,12,12,180.3,0.4569401819745138,0.4157466451686339,0.1896023653173341,0.2586559315607071,1,0.2736156351791531,0.1482084690553746,0.0958237146154207,0.4202229090210531,0.8875143069131749,2.2763236199246584,41.85265121434453,50.841179698216735,0.4184849553039984,0.585592657377372,escalamiento,0.5,0,700,1027,517,824
IMG_0840,12,21,1,100.0,105.0,13,13,180.3,0.4216471498336057,0.4119977328333503,0.0896893923660005,0.1288190025724561,1,0.260586319218241,0.0999749436231521,0.0973443127269933,0.4117022345444938,0.8596153664639399,2.344008870480147,38.34871659974608,62.28436645533488,0.4796854257339987,0.6339566059219695,nado,0.986,1,700,1027,517,824
IMG_0840,12,22,1,105.0,110.0,12,12,180.3,0.1968268524654279,0.1651147737390402,0.1071350612290528,0.102473557411291,1,0.1661237785016286,0.0952768729641693,0.0558215314016947,0.3185021926499876,0.8886008625507831,2.5836900786568973,35.59784495645738,47.7053563752042,0.4915905132438072,0.6565587419957756,escalamiento,0.671,0,700,1027,517,824
IMG_0840,12,23,1,110.0,115.0,13,13,180.3,0.2383830334828319,0.1950135915541847,0.1370991238542923,0.1423823802109123,1,0.2019543973941368,0.1185166624906038,0.0613942966728485,0.3425238955541942,0.9364738241904716,2.9075365077283046,39.95696491880863,58.54475521366001,0.4513483287555208,0.6106881068824236,escalamiento,0.968,1,700,1027,517,824
IMG_0840,12,24,1,115.0,120.0,12,12,180.3,0.1761437284352974,0.1497027414743811,0.0928208072693962,0.1028044821730201,1,0.2312703583061889,0.1340933767643865,0.056167659765613,0.3106566164011733,0.9632106328196948,3.4881988400061754,40.30607756871313,56.13687724704674,0.406295657199386,0.5661548198806282,escalamiento,0.832,1,700,1027,517,824
IMG_0840,12,25,1,120.0,125.0,13,13,180.3,0.4437178122373443,0.3731220250320062,0.2401363182292716,0.2374903967110843,1,0.1856677524429967,0.0977198697068403,0.0526470116605958,0.3517184849136645,0.9554317831588836,2.865050015359674,41.41084117855332,58.22391455940104,0.3997766280834727,0.5625784745035906,nado,0.935,1,700,1027,517,824
IMG_0840,12,26,1,125.0,130.0,12,12,180.3,0.4764476640873026,0.3958727977966003,0.2651171525551282,0.1814594968558895,1,0.1824104234527687,0.0795331161780673,0.0477298194274274,0.3584684810704183,0.8777838391738136,2.7289216952923234,39.04983928338341,60.13736187845304,0.4614189130471291,0.6247916004103505,nado,0.947,1,700,1027,517,824
IMG_0840,12,27,1,130.0,135.0,13,13,180.3,0.6490475915500735,0.6279028699059419,0.1643190861124564,0.1762578363183464,2,0.1563517915309446,0.0864445001252818,0.0574490249965971,0.3812831722440381,0.9043455252439434,2.948037077836525,39.33944890793244,48.74224425851324,0.4746332302206438,0.6408148385818373,nado,0.972,1,700,1027,517,824
IMG_0840,12,28,1,135.0,140.0,12,12,180.3,0.8366818466118153,0.8067856908009572,0.2216604646042674,0.3671153150806771,2,0.1400651465798045,0.1012486427795874,0.0603442753568936,0.3537636992349365,0.8402701259503731,2.867992918945677,50.451875749239086,70.32915152472745,0.3224972764329653,0.4709938452875075,nado,0.971,1,700,1027,517,824
IMG_0840,12,29,1,140.0,145.0,13,13,180.3,0.5075601908638993,0.4731176113415553,0.1837853998234323,0.2489307111482192,1,0.2182410423452769,0.1257830117764971,0.0717012301761928,0.3595640611624788,0.9450429512260776,3.0042918204910034,41.03047734445955,56.6535904741033,0.4461058597197586,0.6046247288265634,nado,0.572,0,700,1027,517,824
IMG_0840,12,30,1,145.0,150.0,12,12,180.3,0.5391150825960194,0.4254656456588356,0.3310952380307257,0.2486560510969791,1,0.1889250814332247,0.0874049945711183,0.0541088369787509,0.3634809325627164,0.9556249520689848,2.828573608228631,39.721379811565946,66.17715882869122,0.445756290249457,0.6109872583552681,nado,0.962,1,700,1027,517,824
IMG_0840,12,31,1,150.0,155.0,12,12,180.3,0.6647313546959593,0.5902783358308276,0.3056783606418911,0.1818181829915948,2,0.1498371335504886,0.0857763300760043,0.0720023914364226,0.3952119298356988,0.8527285223131017,2.3709810027865896,38.47289659911368,49.03225539885412,0.4873244571194514,0.6516178768151647,nado,0.999,1,700,1027,517,824
IMG_0840,12,32,1,155.0,160.0,13,13,180.3,0.7367554921606861,0.6905317499929651,0.2568551293639819,0.2520810180731409,1,0.1889250814332247,0.1498371335504886,0.0964923044465791,0.4153777035986141,0.7878949723055625,2.166508163384562,42.81720194706083,56.40823674042852,0.4667249338924633,0.6272123693210917,nado,1.0,1,700,1027,517,824
IMG_0840,12,33,1,160.0,165.0,12,12,180.3,0.7838200303701981,0.7658123379540538,0.1670488043862766,0.246751137441319,2,0.2312703583061889,0.1300217155266015,0.107322868038928,0.4587969922443903,0.8227949143205926,1.942764514299148,40.19594887767409,59.247659882843166,0.4716373655593552,0.6305675729578083,nado,0.998,1,700,1027,517,824
IMG_0840,12,34,1,165.0,170.0,13,13,180.3,0.5999098792337719,0.5446503293619601,0.25149131581068,0.2110031418592136,2,0.1986970684039088,0.1054873465296918,0.0764961434431907,0.460756611289343,0.8396790338425953,2.107659340576116,34.82367288188451,49.31842371608606,0.5139897841795118,0.671911301050851,nado,0.999,1,700,1027,517,824
IMG_0840,12,35,1,170.0,175.0,12,12,180.3,0.3657554411108739,0.3041211031927382,0.2031930050347252,0.0942005724577473,1,0.1726384364820846,0.1207926167209555,0.07675075980662,0.3703881163582412,0.8804963739607525,2.460557742378616,33.95172269333276,52.18257736471698,0.5151258475726058,0.6734035926049192,escalamiento,0.941,1,700,1027,517,824
IMG_0840,12,36,1,175.0,180.0,13,13,180.3,0.0851145041248631,0.0341936573808564,0.0779440350978954,0.0773878339189019,1,0.1824104234527687,0.1302931596091205,0.0812579230548391,0.3866129573759627,0.9445907458753156,2.546575067288777,32.3306844300868,42.50901874310915,0.5921278182028606,0.7389219876712839,inmovilidad,0.615,0,700,1027,517,824
IMG_0840,12,37,1,180.0,185.0,12,12,180.3,0.2565436875966999,0.0742786727043584,0.2455551718595882,0.114896057007025,1,0.2442996742671009,0.1511943539630836,0.0863269778750258,0.37787730858791,0.9544343110663852,2.481980742582126,37.72736441925338,51.49735182849937,0.5291127058534512,0.6894543510432677,escalamiento,0.965,1,700,1027,517,824
IMG_0840,12,38,1,185.0,190.0,13,13,180.3,0.2225722467595741,0.1138787291399654,0.1912329471536512,0.0971333427572021,1,0.1791530944625407,0.1074918566775244,0.0803467475327294,0.4432407410578272,0.8987587001753712,2.473121753415427,29.34378500888203,48.40107913669065,0.5914753299178748,0.7409820975206648,inmovilidad,0.976,1,700,1027,517,824
IMG_0840,12,39,1,190.0,195.0,12,12,180.3,0.265766216694087,0.2319653131147827,0.1297064973216425,0.1149036472971981,1,0.1889250814332247,0.0871335504885993,0.0855654954744056,0.4711601846207899,0.8433689666943224,2.2562073900151987,28.94494288811771,53.76912210584344,0.6468899395980393,0.7835427242779093,inmovilidad,0.998,1,700,1027,517,824
IMG_0840,12,40,1,195.0,200.0,13,13,180.3,0.6594934039643885,0.6013680302416263,0.2707176427125549,0.2233739062859832,2,0.2052117263843648,0.1373089451265347,0.0801621457386397,0.4482510230845964,0.8816066747594248,2.17376636601154,38.89385417552413,50.07978333598853,0.493633661768803,0.6542631448844436,nado,0.657,0,700,1027,517,824
IMG_0840,12,41,1,200.0,205.0,12,12,180.3,0.7372217328164974,0.7231541684315905,0.1433315457844985,0.2261455295994769,2,0.1596091205211726,0.1199782844733984,0.0799915468584178,0.4137156957793894,0.8397935053792861,1.922835298032645,37.983715039119794,55.923940839035176,0.49646762248772,0.6534126665592764,nado,0.998,1,700,1027,517,824
IMG_0840,12,42,1,205.0,210.0,13,13,180.3,0.7944054244480757,0.7771209924715785,0.1648118365061079,0.2677227799935111,1,0.1628664495114006,0.1132548233525432,0.0732869122536304,0.3900470240839656,0.8208695506599013,2.141484451937653,36.99434282382276,48.90123545210385,0.4840536600447128,0.6450162065607431,nado,0.999,1,700,1027,517,824
IMG_0840,12,43,1,210.0,215.0,12,12,180.3,0.5932942031799928,0.5565048519078463,0.2056705164334661,0.2157879707786855,2,0.1596091205211726,0.1313789359391965,0.0755123894379346,0.4378472525290106,0.8638468589739957,1.9610947420672635,34.496242700510706,48.37317101382222,0.535865843549469,0.6901333821921624,nado,0.999,1,700,1027,517,824
IMG_0840,12,44,1,215.0,220.0,13,13,180.3,0.2186963668625619,0.1462518313562359,0.1625992088044446,0.0750456211549153,1,0.1596091205211726,0.116011024805813,0.0674151551877757,0.3743014377239771,0.956927137244766,2.619526472511395,30.631982781955006,36.62026365077078,0.5722958638320982,0.7248878479890717,inmovilidad,0.924,1,700,1027,517,824
IMG_0840,12,45,1,220.0,225.0,12,12,180.3,0.1898820477101709,0.1130504413431795,0.1525607739712929,0.135029282701564,1,0.1954397394136807,0.1112920738327904,0.0726433698881231,0.3741904005337287,0.930203636232433,2.444564693807625,33.357462489450675,44.45390101577696,0.5637306187788204,0.7191313985755808,escalamiento,0.872,1,700,1027,517,824
IMG_0840,12,46,1,225.0,230.0,13,13,180.3,0.415779594779293,0.3997391816898423,0.114373327558344,0.2071065156066813,1,0.2117263843648208,0.1332999248308694,0.0880219221254609,0.4221085690138865,0.8925726114602905,2.2725365152781283,40.53959020514894,54.24439076047389,0.4626766598544701,0.6246896844803344,escalamiento,0.739,0,700,1027,517,824
IMG_0840,12,47,1,230.0,235.0,12,12,180.3,0.9436074068012292,0.9378487958027646,0.1040892616048581,0.2235478893133712,2,0.2117263843648208,0.1349077090119435,0.0911932862803361,0.4952199517838205,0.9121991541938916,1.996013489446236,38.19086300601392,56.05534527714694,0.4976830486679028,0.653260948408235,escalamiento,0.854,1,700,1027,517,824
IMG_0840,12,48,1,235.0,240.0,13,13,180.3,0.5522429162135577,0.5204127930336349,0.1847776051229844,0.2352705483748953,1,0.1954397394136807,0.0987221247807567,0.0814093911935794,0.5032102905506497,0.774718675572942,2.250542197389547,38.854502702151,60.68207039337474,0.4379724302265738,0.600077270686938,nado,1.0,1,700,1027,517,824
IMG_0840,12,49,1,240.0,245.0,12,12,180.3,0.524706611565346,0.4986532631322732,0.1632848780136201,0.1775009716366782,2,0.2052117263843648,0.0985342019543974,0.0747842379168028,0.4473183501313374,0.8609524485975096,2.1143342375180176,36.774497381559385,53.25091352009744,0.5240949072515023,0.6827682278240969,nado,0.999,1,700,1027,517,824
IMG_0840,12,50,1,245.0,250.0,13,13,180.3,0.3292842002888801,0.2531993771433375,0.2105187876986594,0.1623749017082375,1,0.1889250814332247,0.1260335755449762,0.0838423481720956,0.4442986513393415,0.866878197988127,2.212054087645847,34.755540448578145,50.8317993904463,0.5299911976145266,0.6875807931795426,escalamiento,0.623,0,700,1027,517,824
IMG_0840,12,51,1,250.0,255.0,12,12,180.3,0.5661904898457056,0.4990006912991746,0.2675256639551912,0.2338878165158986,1,0.1498371335504886,0.1066775244299674,0.0663258862681628,0.3757954105767868,0.9280680767438588,2.274688284540386,35.6652496547573,44.73502312812606,0.5056697171933904,0.6690449625083664,nado,0.832,1,700,1027,517,824
IMG_0840,12,52,1,255.0,260.0,13,13,180.3,0.6208531359940732,0.545284071143781,0.2968566964556117,0.1834291511132185,1,0.2214983713355048,0.0653971435730393,0.0607765906695482,0.3999539870334488,0.7905853887760326,2.38971685114097,29.39808609933393,49.96675147449983,0.5664724980251236,0.7143609404304266,nado,0.966,1,700,1027,517,824
IMG_0840,12,53,1,260.0,265.0,12,12,180.3,0.2892072915720625,0.1462617056244256,0.2494962343729496,0.0823350982696634,1,0.1237785016286645,0.0827904451682953,0.0562855998007259,0.3640475575140196,0.9402427934164578,2.431921078836567,25.687538929295886,34.26949870901739,0.5933187578144803,0.7426411852687846,inmovilidad,0.999,1,700,1027,517,824
IMG_0840,12,54,1,265.0,270.0,13,13,180.3,0.3463623662598127,0.234524404746846,0.2548827030993554,0.1088986459563719,1,0.1986970684039088,0.1237785016286645,0.0695167756127975,0.3597273627495582,0.9214268387407124,2.8248823013432136,34.265422678553165,60.88052663346914,0.5303333985015726,0.6867309524097163,escalamiento,0.952,1,700,1027,517,824
IMG_0840,12,55,1,270.0,275.0,12,12,180.3,0.1951511310075383,0.1427731710016955,0.133040541097975,0.1103078219128091,1,0.1986970684039088,0.1015200868621064,0.0635978819777254,0.3837384155502595,0.9274444051297732,2.7726539105735224,33.42148295992943,43.1149375807146,0.5097418572627108,0.670361427011152,escalamiento,0.889,1,700,1027,517,824
IMG_0840,12,56,1,275.0,280.0,13,13,180.3,0.4296818886314429,0.2096486405186745,0.3750652915780868,0.156360954382785,1,0.2084690553745928,0.0681533450263092,0.0559485437472009,0.373991401377493,0.9065457412898852,2.658212958743439,32.012510701250804,43.79639801591264,0.525218763940148,0.6830102921024456,inmovilidad,0.93,1,700,1027,517,824
IMG_0840,12,57,1,280.0,285.0,12,12,180.3,0.3430890338397823,0.2292390123202657,0.2552637075095955,0.1375250701795616,1,0.1954397394136807,0.0936482084690553,0.0524063982110343,0.3683113461747315,0.8763839996104698,2.649709979307374,38.84050086609761,53.10008128070113,0.4496056644230439,0.6170369270777444,escalamiento,0.481,0,700,1027,517,824
IMG_0840,12,58,1,285.0,290.0,13,13,180.3,0.3139053491238379,0.1187763491600684,0.2905662524946145,0.1311244679470057,1,0.2410423452768729,0.0876973189676772,0.0702788496858346,0.4137588878658271,0.9069790858389652,2.29937944280814,31.47104292505348,41.29580598103574,0.5739242224057663,0.7249228160732115,inmovilidad,0.783,0,700,1027,517,824
IMG_0840,12,59,1,290.0,295.0,12,12,180.3,0.525801587867046,0.5163824309274475,0.0990782258267007,0.2364426722302612,1,0.1726384364820846,0.1207926167209555,0.0740714698785119,0.4619506062267568,0.8697086608774701,2.145229486749482,37.32979221095077,45.94935123329908,0.485591923431789,0.6498119731666211,nado,0.995,1,700,1027,517,824
IMG_0840,12,60,1,295.0,300.0,12,12,180.3,0.6143596568330066,0.5773067106677493,0.2101303161420389,0.1786194504374202,1,0.1465798045602606,0.0613463626492942,0.038110014824306,0.3270400256266385,0.9097831034635592,2.1287968893300087,31.63414316309301,41.60883936861653,0.5326105757803204,0.6922800105809289,nado,0.67,0,700,1027,517,824
IMG_0840,12,61,1,300.0,305.0,13,13,180.3,0.9030569878992764,0.8946452022139008,0.1229710760681654,0.2560172004983488,2,0.1661237785016286,0.0786770233024304,0.0721509012130781,0.3515054828435608,0.7444299336770239,2.260570406939606,40.503135608283095,52.79257802899976,0.4528746586688514,0.6155122798998387,nado,1.0,1,700,1027,517,824
IMG_0840,12,62,1,305.0,310.0,12,12,180.3,0.672248902083936,0.6699707225137372,0.0552975345515339,0.2509641194836601,2,0.1758957654723127,0.1115635179153094,0.087865326159107,0.3811770656572643,0.8271245825044954,1.983616078150229,39.62748956621544,51.813652398443466,0.4460270964765174,0.6077514580085595,nado,0.992,1,700,1027,517,824
IMG_0840,12,63,1,310.0,315.0,13,13,180.3,0.8049014112085089,0.7978181359199521,0.1065481288557526,0.2361037138113997,2,0.1954397394136807,0.0897018291155099,0.070818454930097,0.3479436148934958,0.7915094736396344,2.084534572561502,38.28400911941277,62.06068809926678,0.4897229373648724,0.6499717101546774,nado,0.998,1,700,1027,517,824
IMG_0840,12,64,1,315.0,320.0,12,12,180.3,0.6837326023876942,0.659678452204009,0.179762652588272,0.2846234194673963,2,0.1791530944625407,0.0925624321389793,0.0627697378181283,0.3458437694857249,0.8187919137795189,2.0689031197612864,42.622123768742256,56.30890287769784,0.3856817514166795,0.5534971538696957,nado,0.998,1,700,1027,517,824
IMG_0840,12,65,1,320.0,325.0,13,13,180.3,0.8745446450641322,0.8721781026729384,0.0642938055195234,0.2197833787987642,2,0.1433224755700325,0.1009771986970684,0.0752678315055935,0.4006545271751227,0.831675871040017,2.197329817235621,37.28337594375747,59.27570542177574,0.4965163864769727,0.6508617716714423,nado,0.996,1,700,1027,517,824
IMG_0840,12,66,1,325.0,330.0,12,12,180.3,0.8517671081905716,0.8167694785941102,0.2416502129782514,0.2363519791462696,2,0.1433224755700325,0.0814332247557003,0.0533550463195511,0.3336959458690967,0.8505349350024339,2.14522909033228,36.81950122433542,67.90841949778434,0.4992174314116259,0.6541967562983457,nado,1.0,1,700,1027,517,824
IMG_0840,12,67,1,330.0,335.0,13,13,180.3,0.7332740160078494,0.7167095701232302,0.1549779811652422,0.2003086152365099,1,0.1433224755700325,0.061137559508895,0.0482733691544694,0.3676723399644208,0.8896103378714181,1.875663123007654,31.35744437965884,38.63885860852837,0.5101552752920894,0.6709865176368883,nado,0.547,0,700,1027,517,824
IMG_0840,12,68,1,335.0,340.0,12,12,180.3,0.5939329110559275,0.5647768544843169,0.1838026318477754,0.1948071803170526,2,0.1172638436482084,0.0719326818675352,0.0525551052118289,0.3782875347969984,0.8737637809058093,2.347873114174914,31.80868721169593,43.383779232211886,0.5800256071141355,0.7303596820064443,nado,0.516,0,700,1027,517,824
IMG_0840,12,69,1,340.0,345.0,13,13,180.3,0.6186281834148573,0.6149255934576692,0.0675821265269133,0.1917660066931407,2,0.1726384364820846,0.0638937609621648,0.0444582654099479,0.3472620082691645,0.8347130116082406,1.7700424832102872,33.872434634236534,45.16209946353487,0.5087217269001871,0.6709031024203234,nado,1.0,1,700,1027,517,824
IMG_0840,12,70,1,345.0,350.0,12,12,180.3,0.5280091014466858,0.4985631837210665,0.173863058320192,0.2319366795517476,2,0.1563517915309446,0.1023344191096634,0.0535909263897769,0.3694215208530768,0.9326237043026758,2.026943948912288,39.56941054885277,50.077306733167084,0.4851668953831612,0.6509814388569091,nado,0.956,1,700,1027,517,824
IMG_0840,12,71,1,350.0,355.0,13,13,180.3,0.7650653922329131,0.7506893221836352,0.1476163810421315,0.2034206251568323,2,0.1335504885993485,0.0744174392382861,0.0554491722272914,0.3331210375039561,0.8605653135645656,1.857755580620368,38.91474553725439,51.527643661838496,0.458548857276059,0.6222398478953296,nado,1.0,1,700,1027,517,824
IMG_0840,12,72,1,355.0,360.0,12,12,180.3,0.567860648353448,0.5603292943708381,0.0921780766683541,0.2296193113991508,1,0.1400651465798045,0.0836047774158523,0.0408662221666182,0.3437669993022152,0.874857685189366,1.82349507361496,36.29090414714661,48.67553536664504,0.4870901317937987,0.6496750545431318,nado,0.911,1,700,1027,517,824
IMG_0840,12,73,1,360.0,365.0,13,13,180.3,0.4070104095387959,0.3697185196783745,0.1701930952764234,0.1296998099366853,2,0.4527687296416938,0.2994237033324981,0.5675132488252457,1.5711719030842024,0.8802846153286656,1.960004699117038,35.24187382277789,66.77018764125654,0.5587944839064021,0.692678630037295,escalamiento,0.651,0,700,1027,517,824
IMG_0840,12,74,1,365.0,370.0,9,7,180.3,0.8178799677820984,0.4088817339548268,0.7083384567686132,0.3190619646028965,1,0.4527687296416938,0.3382968822708236,0.8903300576140493,3.299365889362031,0.9758660619853292,1.399439633048727,108.14391468114054,214.6575387901584,0.5450783015368845,0.5988377630074463,escalamiento,0.963,1,700,1027,517,824
IMG_0840,12,1,2,0.0,5.0,13,13,180.3,0.6247937011579591,0.5669907417101361,0.2624665079998796,0.214214740925541,2,0.3127035830618892,0.1403157103482836,0.0670601517376031,0.3451603878441426,0.8489290853487723,2.2475147635184216,52.0695719077475,76.02959068512759,0.3195279313614497,0.4612175094024882,nado,0.96,1,1027,1354,517,824
IMG_0840,12,2,2,5.0,10.0,12,12,180.3,0.5715287110523877,0.5657486921973672,0.0810770302500787,0.302890969945504,2,0.2247557003257329,0.0909337676438653,0.0541216565477849,0.404770200507457,0.6827777153088243,2.568084058438758,53.44278294165096,79.30407170972117,0.3252695187880862,0.4777647517729802,nado,0.993,1,1027,1354,517,824
IMG_0840,12,3,2,10.0,15.0,13,13,180.3,0.4743232298785981,0.4028361419033793,0.2504108008430663,0.2624896144618099,1,0.3192182410423452,0.1440741668754698,0.0815797928496622,0.4506981802011195,0.7874600852519198,2.057037758412956,57.53456904443583,84.50517117416072,0.2968384268559095,0.4520125615611872,nado,0.972,1,1027,1354,517,824
IMG_0840,12,4,2,15.0,20.0,12,12,180.3,0.4896645518207373,0.3233478935573409,0.3677193400432375,0.1923386909561467,1,0.257328990228013,0.1221498371335504,0.0551369664152785,0.397801482780569,0.9296064236441636,2.5889775761742686,45.52886561705983,68.63717856193261,0.3626448173818998,0.5283022653177168,escalamiento,0.998,1,1027,1354,517,824
IMG_0840,12,5,2,20.0,25.0,13,13,180.3,0.4171337413135266,0.3529263701805953,0.2223590235933086,0.1616003983660317,1,0.3159609120521172,0.1463292407917815,0.0716893967278538,0.4089616079091614,0.9168703875608673,2.197911720794038,48.62018677592739,76.05278928912975,0.3859064262136794,0.5457456717298853,escalamiento,0.973,1,1027,1354,517,824
IMG_0840,12,6,2,25.0,30.0,12,12,180.3,0.5684538946411148,0.5496292552655758,0.1450776071241188,0.268065975446286,2,0.2442996742671009,0.1036916395222584,0.0513885244297339,0.419899855881396,0.9077461523035631,2.522684731503705,46.18002359844863,61.880835713212086,0.3190632260939987,0.4707552524648147,escalamiento,0.942,1,1027,1354,517,824
IMG_0840,12,7,2,30.0,35.0,13,13,180.3,0.4312638683154478,0.4122475677445121,0.1266509652672959,0.2907769917132709,1,0.2768729641693811,0.1804059133049361,0.0917210580762594,0.4152830360119015,0.9357736060759462,2.656894582072295,50.38755606061846,65.11003217975498,0.363833452479762,0.5204793783931189,escalamiento,0.978,1,1027,1354,517,824
IMG_0840,12,8,2,35.0,40.0,12,12,180.3,0.9335605311897736,0.8559282295162617,0.3727225929729637,0.3577161435087568,1,0.2931596091205212,0.1951682953311617,0.0968800471038231,0.4445980375823204,0.9488052456418586,2.498520057944266,41.548302205004056,63.44556081064523,0.4382523991366092,0.6005097801875755,escalamiento,0.516,0,1027,1354,517,824
IMG_0840,12,9,2,40.0,45.0,13,13,180.3,0.6587065422102448,0.6355544931220958,0.1731034229092333,0.2454503428615987,1,0.3127035830618892,0.208970182911551,0.1094144300328615,0.5075910331257796,0.9219417854715872,2.379596285178532,52.43386401425548,68.45493621422825,0.2884674115111796,0.4408906068886837,escalamiento,0.957,1,1027,1354,517,824
IMG_0840,12,10,2,45.0,50.0,12,12,180.3,0.8574368746878367,0.8234484551925201,0.2390201575505653,0.2312970285624769,1,0.1856677524429967,0.1251357220412595,0.0561394567137382,0.4653247167965083,0.8275315834718685,2.036704845281588,44.276030817816526,59.70386143333863,0.4208432480001591,0.5871452096173296,nado,0.949,1,1027,1354,517,824
IMG_0840,12,11,2,50.0,55.0,13,13,180.3,0.4626834056939105,0.4160133188006468,0.2025064257869049,0.1899859839711204,2,0.1758957654723127,0.0598847406664996,0.0262726220024398,0.462143491434684,0.776196512135533,2.28921414368276,42.78819475987114,59.44900281658085,0.4551164523877103,0.6197524345079374,nado,1.0,1,1027,1354,517,824
IMG_0840,12,12,2,55.0,60.0,12,12,180.3,0.7938245088322292,0.7854088642636005,0.1152834192713388,0.2267299297224022,2,0.1400651465798045,0.0912052117263843,0.0594110107312176,0.3877047902093824,0.5779167007461689,1.7317043059646318,42.99487714238668,59.11725347238245,0.521601344510264,0.6814960788555764,nado,1.0,1,1027,1354,517,824
IMG_0840,12,13,2,60.0,65.0,13,13,180.3,0.6497501757953851,0.5381014908895401,0.3641731407566846,0.1922012731483064,1,0.263843648208469,0.1097469305938361,0.0556077404350352,0.3708910379126524,0.545986809814477,2.2310317179900703,42.02111684550415,60.77944794882119,0.5099999697943268,0.6693174657783033,nado,1.0,1,1027,1354,517,824
IMG_0840,12,14,2,65.0,70.0,12,12,180.3,0.4397454325694868,0.3388492456682438,0.2802806346785079,0.2255547098714191,1,0.257328990228013,0.1959826275787188,0.1009951287637404,0.5768395839095578,0.8679780202382935,1.7930602690055062,51.3617303060031,64.31106649002236,0.3340119366720523,0.4920752339881111,escalamiento,0.991,1,1027,1354,517,824
IMG_0840,12,15,2,70.0,75.0,13,13,180.3,0.90111940425842,0.8421211280980504,0.3206995265695241,0.3195575453425003,2,0.3550488599348534,0.1846654973690804,0.1058643955311356,0.5244726305263203,0.8319583730884175,1.9576689451608875,54.54212084407882,74.98308998302207,0.3131289876095139,0.467754060426246,nado,0.932,1,1027,1354,517,824
IMG_0840,12,16,2,75.0,80.0,12,12,180.3,0.2744956298591705,0.2639913726660639,0.075209081696761,0.1464555435374104,1,0.1433224755700325,0.0727470141150922,0.0281697209953343,0.3274041013872044,0.9633851565676976,2.96933689588966,44.25057092063852,65.53778414908868,0.420271511798806,0.5842784752676994,escalamiento,0.997,1,1027,1354,517,824
IMG_0840,12,17,2,80.0,85.0,13,13,180.3,0.4994467352783378,0.4432259280029715,0.2302125498883471,0.2974513816883996,2,0.1986970684039088,0.08694562766224,0.0438594929239901,0.4789327879381799,0.8285681891306574,2.351241300362074,51.49745250726122,73.15488791475106,0.3583176333437847,0.5187071135788812,nado,0.972,1,1027,1354,517,824
IMG_0840,12,18,2,85.0,90.0,12,12,180.3,0.3771472539347779,0.3163605157251393,0.2053194468156091,0.2210010274825265,1,0.4039087947882736,0.1509229098805646,0.078240393728372,0.4477362680818461,0.7391300511019251,2.3575876987525297,51.50619576553185,74.3623829787234,0.3779146054967814,0.5360642190437264,escalamiento,0.926,1,1027,1354,517,824
IMG_0840,12,19,2,90.0,95.0,13,13,180.3,1.0522808515921762,1.0185323892725833,0.2643610459773508,0.2416071501983608,2,0.2931596091205212,0.1884239538962666,0.117996046768367,0.5013690059890878,0.8959179706895741,2.132851389760466,46.494552254518176,68.82055361864427,0.4132373590063021,0.5765414184164055,escalamiento,0.957,1,1027,1354,517,824
IMG_0840,12,20,2,95.0,100.0,12,12,180.3,1.087168936924814,1.0860955386469653,0.0482988441413319,0.2495373119855739,2,0.2964169381107492,0.1701954397394136,0.0966800618268926,0.3947965757989969,0.8831280154480936,2.334154968992378,47.91676014671842,76.93320780554605,0.3923108355817639,0.5470997848435455,escalamiento,0.963,1,1027,1354,517,824
IMG_0840,12,21,2,100.0,105.0,13,13,180.3,0.1713659360936384,0.1143248145530608,0.1276562604444342,0.0736621550526983,1,0.250814332247557,0.1556001002255073,0.0841878848635969,0.3724767199900899,0.8976386912650595,2.290397086190288,40.67250306416378,54.03304871540749,0.5135445587103796,0.6703354134758075,escalamiento,0.97,1,1027,1354,517,824
IMG_0840,12,22,2,105.0,110.0,12,12,180.3,0.1025688887365647,0.0911398329923939,0.0470521814454159,0.0449100371404005,1,0.1433224755700325,0.1072204125950054,0.0736766271522643,0.3607811313241538,0.7551747380195648,2.262662056646717,31.17392061588496,45.07621200500545,0.5999442245767501,0.7473766613042593,inmovilidad,0.932,1,1027,1354,517,824
IMG_0840,12,23,2,110.0,115.0,13,13,180.3,0.5618263735860964,0.5543033030581928,0.091633630702277,0.129414726808207,1,0.1074918566775244,0.0744174392382861,0.051283798411933,0.2967970844822962,0.6441944934311441,1.9562409848965543,40.32224934398487,49.30145502049642,0.4998544297678741,0.6613890337937,nado,1.0,1,1027,1354,517,824
IMG_0840,12,24,2,115.0,120.0,12,12,180.3,0.4705123942277663,0.4434316068964201,0.1573223541878383,0.2074222999409837,1,0.257328990228013,0.1362649294245385,0.0886627033530225,0.3579377509124103,0.7573240471593516,2.435420309179924,45.74934659150992,61.71922590942342,0.4133839990145659,0.5709022134425085,nado,0.99,1,1027,1354,517,824
IMG_0840,12,25,2,120.0,125.0,13,13,180.3,0.698469188897534,0.6456276994312153,0.2665034363124335,0.2320497745125909,1,0.1889250814332247,0.1393134552743673,0.0870823463273375,0.3436883068707603,0.7718691041360711,2.4274705349920995,47.09120755670262,67.9699890388177,0.4494280639413987,0.6036795975515179,nado,0.992,1,1027,1354,517,824
IMG_0840,12,26,2,125.0,130.0,12,12,180.3,0.2017125569422761,0.1947671594000225,0.0524757967775354,0.0542256031118366,1,0.1628664495114006,0.1221498371335504,0.0917419638349918,0.3387109612752015,0.6349779691157187,1.9904592971958923,32.76727779991748,40.48328445747801,0.6059701762442627,0.7529798616218631,escalamiento,0.617,0,1027,1354,517,824
IMG_0840,12,27,2,130.0,135.0,13,13,180.3,0.2088834118113792,0.2010897436920791,0.0565260533897083,0.0852706178591312,1,0.1986970684039088,0.1077424204460035,0.0886467281977647,0.3354853604821056,0.6233048079989186,1.7675683983289052,38.641625760281926,48.77909923961786,0.5041384858214139,0.6629692911237436,nado,0.522,0,1027,1354,517,824
IMG_0840,12,28,2,135.0,140.0,12,12,180.3,0.7827981726309634,0.7715677664247012,0.1321217653862276,0.2226927095144626,2,0.263843648208469,0.1159066232356134,0.1027924323423087,0.3666678774245714,0.5640209799430819,3.172806591133822,43.10603286684156,57.94956504740495,0.4213971680468169,0.5820217815252265,nado,0.994,1,1027,1354,517,824
IMG_0840,12,29,2,140.0,145.0,13,13,180.3,0.2430925788951755,0.1409742275135141,0.1980410793014295,0.1503570757669536,1,0.2801302931596091,0.189676772738662,0.1024397955818039,0.3789543496109058,0.9640925292766214,2.858197127868769,35.86760491438928,52.08822818467488,0.5249230064652887,0.6864808039886976,escalamiento,0.965,1,1027,1354,517,824
IMG_0840,12,30,2,145.0,150.0,12,12,180.3,0.904704592112033,0.902522360937537,0.062799577994874,0.2154507589542455,2,0.2442996742671009,0.1555374592833876,0.0965159713432572,0.4068777376566483,0.882708336370646,2.1895408691743863,46.55501787909364,62.50122601105045,0.4345707002693598,0.5972085914378528,escalamiento,0.963,1,1027,1354,517,824
IMG_0840,12,31,2,150.0,155.0,12,12,180.3,0.6801914841648178,0.6601037007343739,0.1640840010699449,0.2847120876965178,2,0.2964169381107492,0.1967969598262758,0.1118020254594112,0.4699269420797181,0.8993646886693553,2.0453985724270805,44.69935110487679,64.3470032376089,0.4341937848580877,0.5941245046804461,escalamiento,0.974,1,1027,1354,517,824
IMG_0840,12,32,2,155.0,160.0,13,13,180.3,0.3365068979057521,0.2592244770722222,0.2145683173834973,0.1537013994857246,1,0.3061889250814332,0.1851666249060385,0.1021723596493406,0.458373354793851,0.8917771058132697,2.450018444385188,44.494675959615854,57.28033090941208,0.4492055630460554,0.6153849928624056,escalamiento,0.999,1,1027,1354,517,824
IMG_0840,12,33,2,160.0,165.0,12,12,180.3,0.2468274311548158,0.1675237764436155,0.1812720747841622,0.1470238346563029,1,0.263843648208469,0.1501085776330076,0.088875508198987,0.4271557319546459,0.9386268163286048,2.507058623451828,39.223545608556,51.055468593216936,0.4939447440002062,0.6572178263025178,escalamiento,0.969,1,1027,1354,517,824
IMG_0840,12,34,2,165.0,170.0,13,13,180.3,0.366915746816828,0.3354968596123434,0.1485564621697966,0.1601262644437417,1,0.2247557003257329,0.1418190929591581,0.0799136433235189,0.3837894966022566,0.9584246641846936,2.60835924012735,38.23897754403862,56.3824085208727,0.5254157400999826,0.68226294375515,escalamiento,0.965,1,1027,1354,517,824
IMG_0840,12,35,2,170.0,175.0,12,12,180.3,0.6011337653933855,0.5955034747110604,0.0820817610866339,0.2135319447218736,1,0.2182410423452769,0.1416938110749185,0.1092124725145411,0.4824337136292986,0.8017672282092194,2.1346725190891056,37.59932961792848,55.0884935654807,0.4749096531067797,0.6372151929549742,nado,0.999,1,1027,1354,517,824
IMG_0840,12,36,2,175.0,180.0,13,13,180.3,0.3418156893514205,0.3283176905200898,0.0951076210318675,0.1169787255189029,1,0.1172638436482084,0.0796792783763467,0.0563343141630551,0.349209793865778,0.8982289018258587,1.909729914054518,31.09965694956537,40.93948960799789,0.5751555535136602,0.7263218383986053,inmovilidad,0.938,1,1027,1354,517,824
IMG_0840,12,37,2,180.0,185.0,12,12,180.3,0.4693244347540795,0.4251265802072115,0.1988286092557042,0.2687823353345621,2,0.1563517915309446,0.1161780673181324,0.0628184521804576,0.3754133874195732,0.88004660689657,2.604689286378132,44.714263224335774,62.01139940710858,0.3835601417510561,0.545259096348916,escalamiento,0.964,1,1027,1354,517,824
IMG_0840,12,38,2,185.0,190.0,13,13,180.3,0.4133597973370632,0.3277394882603645,0.2518990867180196,0.1105291501907018,1,0.1758957654723127,0.1277875219243297,0.0833926771352103,0.3938786946561617,0.8374898538849798,2.543985454217592,33.55739737654015,52.584874157442336,0.5618063526618564,0.7132129581984467,escalamiento,0.644,0,1027,1354,517,824
IMG_0840,12,39,2,190.0,195.0,12,12,180.3,0.9029154483315928,0.8964765793212912,0.1076385133873442,0.2185377859377205,2,0.1693811074918566,0.1319218241042345,0.086116736942868,0.3933274531876993,0.8251353752243968,1.5423436721217847,36.58658754965631,49.91604633573504,0.5133439564581187,0.674266942775474,nado,0.996,1,1027,1354,517,824
IMG_0840,12,40,2,195.0,200.0,13,13,180.3,0.8157822413965996,0.8045033823575705,0.1351849590497726,0.2439485106780447,2,0.1986970684039088,0.109496366825357,0.0649987650369343,0.3455792919153463,0.8872560472702726,1.8050472479970583,38.42514511503039,49.22974468421469,0.5223045519722933,0.6795580604794863,nado,0.632,0,1027,1354,517,824
IMG_0840,12,41,2,200.0,205.0,12,12,180.3,0.602297666620771,0.4988103974407926,0.3375657959891434,0.2515453389709596,2,0.1563517915309446,0.0879478827361563,0.0644029509130613,0.3463155296261765,0.8508337311781107,1.9406752559215263,34.48405003594423,45.81313336035671,0.5092636777273652,0.6701946586914497,nado,0.999,1,1027,1354,517,824
IMG_0840,12,42,2,205.0,210.0,13,13,180.3,0.5362323574707762,0.4697764826715899,0.2585637204392291,0.2361801747480238,1,0.2149837133550488,0.144825858180907,0.081906396023821,0.3990120445456575,0.8785768194474242,2.101197480755018,36.299377230422685,52.8473999251777,0.5348852473350549,0.6939012450730395,nado,0.61,0,1027,1354,517,824
IMG_0840,12,43,2,210.0,215.0,12,12,180.3,0.6073902485115684,0.5552394538226997,0.2462357872154556,0.270627241574958,2,0.1400651465798045,0.0876764386536373,0.0625697525411978,0.3962554427550673,0.7066748962398007,2.216395415653844,38.65663708382022,55.7403931290951,0.4719443612967901,0.6382833896112375,nado,1.0,1,1027,1354,517,824
IMG_0840,12,44,2,215.0,220.0,13,13,180.3,0.7199608334573233,0.6581758561602397,0.2918015491396494,0.2805249753373649,2,0.1889250814332247,0.1112503132047106,0.0771162161361588,0.3598764641986307,0.7851406616163327,2.280603761807,42.195896190509934,58.511055853098696,0.4294824677190246,0.5931609891163171,nado,1.0,1,1027,1354,517,824
IMG_0840,12,45,2,220.0,225.0,12,12,180.3,0.7276165577344561,0.6463186270139071,0.3342126380976596,0.2386403163943677,2,0.1400651465798045,0.0988056460369164,0.0539216712708544,0.3462642513500404,0.8501511567515685,2.1669648963411694,40.9184112137255,56.53137172842288,0.4361438508478257,0.6028406911305068,nado,1.0,1,1027,1354,517,824
IMG_0840,12,46,2,225.0,230.0,13,13,180.3,0.2634225067469789,0.2228151300262889,0.1405163153951529,0.0986642644362575,1,0.1205211726384364,0.0969681784014031,0.0624853406097123,0.3709880721890328,0.8751285362464905,2.125815263192388,30.30673292984408,48.32568712543914,0.6002650461687048,0.7452608396597639,inmovilidad,0.997,1,1027,1354,517,824
IMG_0840,12,47,2,230.0,235.0,12,12,180.3,0.4551155939314428,0.4450518229192099,0.0951791928724875,0.1425460997130209,2,0.1335504885993485,0.0822475570032573,0.0382612857389073,0.3725751348354433,0.8998588411428425,2.248756248052368,32.52981618106456,44.24556740816252,0.5664509828309189,0.7205658019200332,nado,0.934,1,1027,1354,517,824
IMG_0840,12,48,2,235.0,240.0,13,13,180.3,0.7743135319315082,0.7439634757645021,0.2146620424309991,0.1956802361802474,2,0.1726384364820846,0.1295414683036832,0.0844529541063925,0.4008201954518699,0.8024761892867468,2.500933534546116,35.72823778184549,57.82351440958939,0.5354131152779263,0.684008761888826,nado,1.0,1,1027,1354,517,824
IMG_0840,12,49,2,240.0,245.0,12,12,180.3,0.8094171097254298,0.8019050857519202,0.110019502641458,0.2147743486761378,2,0.1302931596091205,0.0898479913137893,0.0530089179556328,0.3333267422809172,0.8275176373385928,1.9996541218449249,36.50097060126533,56.33797544777621,0.5026110773168616,0.6644545247636175,nado,1.0,1,1027,1354,517,824
IMG_0840,12,50,2,245.0,250.0,13,13,180.3,0.7766022981476379,0.7676665806282554,0.117469785369323,0.1801696552689679,2,0.1726384364820846,0.1109997494362315,0.0829856065123457,0.4057405432712621,0.7709716866288658,1.700106738024847,32.17809080255422,39.9558699679973,0.5699835955311563,0.7190040574432602,nado,0.996,1,1027,1354,517,824
IMG_0840,12,51,2,250.0,255.0,12,12,180.3,0.9036181661280196,0.8878395345145753,0.1681271873002918,0.2322588814701768,2,0.1628664495114006,0.0979913137893594,0.0567471042859503,0.3486717664146276,0.8736584414155283,2.136481592591285,36.60575649113019,49.42679817779078,0.5073955420704386,0.6680722113882213,nado,0.979,1,1027,1354,517,824
IMG_0840,12,52,2,255.0,260.0,13,13,180.3,0.915217131371892,0.9075211958440574,0.1184384931108415,0.2884727187131324,2,0.1628664495114006,0.1069907291405662,0.0758003366808524,0.3708981379816558,0.8386424344590272,2.136121932040586,39.61073432751189,60.04183572573221,0.4380370060121429,0.6003042916712974,nado,0.998,1,1027,1354,517,824
IMG_0840,12,53,2,260.0,265.0,12,12,180.3,0.5194716707141521,0.5085879287949077,0.105778709382647,0.1900816844374349,2,0.1628664495114006,0.1064060803474484,0.0493861077466215,0.3856562230777475,0.9039714991643304,2.548213188789051,40.41516118011796,61.364230067959554,0.4495708456440846,0.6074706879493347,nado,0.902,1,1027,1354,517,824
IMG_0840,12,54,2,265.0,270.0,13,13,180.3,0.6255277295831002,0.5518255320886322,0.2945734587712989,0.2833725991533546,2,0.1661237785016286,0.0886995740415935,0.0402408244218975,0.3737547324107113,0.8881353680565856,2.310304406789252,37.29255708020826,55.43573208266159,0.4801607136522793,0.6396159325244029,nado,0.964,1,1027,1354,517,824
IMG_0840,12,55,2,270.0,275.0,12,12,180.3,0.4414153766010383,0.3760748158165207,0.2311174325065215,0.1944572553679184,2,0.1335504885993485,0.0806188925081433,0.0363973204013622,0.3609477857215959,0.9188740044298118,2.373369168642142,39.357527539135454,51.26708775095872,0.4533986655640267,0.6185982994001694,nado,0.947,1,1027,1354,517,824
IMG_0840,12,56,2,275.0,280.0,13,13,180.3,0.6271204508535009,0.6013913962483959,0.1777876497316479,0.1937141479969902,2,0.1270358306188925,0.102981708844901,0.0591696083851002,0.3865727236516098,0.8468190221141826,2.696171536401444,35.937536232957626,58.66453660949868,0.5232553667817931,0.6729330639730576,nado,0.999,1,1027,1354,517,824
IMG_0840,12,57,2,280.0,285.0,12,12,180.3,0.3850783945987837,0.249287861924,0.2934977544788669,0.1353569828833649,1,0.1465798045602606,0.0993485342019544,0.0580162416203173,0.379146445922277,0.894015557230194,2.3924109654509658,31.17225664415678,47.64268251559602,0.5479326980197005,0.7041976017536019,inmovilidad,0.964,1,1027,1354,517,824
IMG_0840,12,58,2,285.0,290.0,13,13,180.3,0.9286922266696872,0.92545811772486,0.0774372275708574,0.2010417676481443,2,0.1758957654723127,0.0974693059383613,0.0715497620374525,0.3826889859067215,0.6921377017672128,1.822115682481583,33.32297157644623,43.08732489832806,0.5312512542004589,0.6876470415784404,nado,0.999,1,1027,1354,517,824
IMG_0840,12,59,2,290.0,295.0,12,12,180.3,0.6764952263795255,0.6687385882563607,0.1021493606988086,0.1743311180122678,2,0.1107491856677524,0.0773615635179153,0.0435275646980788,0.318756020116861,0.9155932781489424,1.9853922408192064,32.28315609452159,47.67539766702015,0.5801052422197394,0.7275949888698144,inmovilidad,0.5,0,1027,1354,517,824
IMG_0840,12,60,2,295.0,300.0,12,12,180.3,0.920218935446944,0.9197529741299062,0.0292806375323197,0.2411683717101303,2,0.1661237785016286,0.0979913137893594,0.0999080293096564,0.3807309446548807,0.7302508437743239,1.9276348677274309,36.26999737296084,46.46904637087166,0.5251858708221121,0.681311507217775,nado,0.999,1,1027,1354,517,824
IMG_0840,12,61,2,300.0,305.0,13,13,180.3,0.5218963693891719,0.4941490412538659,0.1679063590501688,0.1297795828435592,1,0.1237785016286645,0.0761713856176396,0.0400798895244859,0.335984732002015,0.9534786029589588,1.9233827238543344,28.894883203769925,35.98105429348303,0.6244735418689108,0.7662792738585384,inmovilidad,0.997,1,1027,1354,517,824
IMG_0840,12,62,2,305.0,310.0,12,12,180.3,0.6371065105690341,0.5866257037505347,0.2485457493272428,0.204406784445843,1,0.1107491856677524,0.0678610206297502,0.0387099706550977,0.3607683117551198,0.8853451597834837,2.015671805892223,30.62515648780957,47.80678202840071,0.5481974109761515,0.704139447525936,inmovilidad,0.692,0,1027,1354,517,824
IMG_0840,12,63,2,310.0,315.0,13,13,180.3,0.1824294532873694,0.1378932249040548,0.1194402107846777,0.0780477073983325,1,0.1498371335504886,0.1007266349285893,0.0908761498648486,0.3905582290522141,0.8419273315353858,1.9634519625349496,25.768714694122817,42.20977303523036,0.654402607326293,0.789565929920162,inmovilidad,0.999,1,1027,1354,517,824
IMG_0840,12,64,2,315.0,320.0,12,12,180.3,0.688344981949551,0.6676885880626194,0.1673641644620298,0.1751812159607211,2,0.1042345276872964,0.0727470141150922,0.0355102062242087,0.3371597934220863,0.9351184827001148,2.1192440192084647,32.51522817235345,40.44919021100496,0.5560193920590544,0.7128246825976919,nado,0.986,1,1027,1354,517,824
IMG_0840,12,65,2,320.0,325.0,13,13,180.3,0.9363202848670646,0.929122471559388,0.1158754016041173,0.2541335174751392,2,0.1628664495114006,0.096467050864445,0.0720183665916804,0.3626289242823021,0.6939980160755022,2.2011393223446616,37.38909205957735,49.9280781052251,0.4869595260894329,0.6496926165317096,nado,1.0,1,1027,1354,517,824
IMG_0840,12,66,2,325.0,330.0,12,12,180.3,0.3766134257223663,0.3468610643610239,0.1467142612859225,0.11752265446136,2,0.0781758957654723,0.0589033659066232,0.0272467120248856,0.3056672401331364,0.9739585935294258,1.831867239767579,28.180985146035567,35.424684524088754,0.6366656043331873,0.7726500174954157,inmovilidad,0.999,1,1027,1354,517,824
IMG_0840,12,67,2,330.0,335.0,13,13,180.3,0.6368618479757908,0.6209438112657916,0.141498398075216,0.1961000170795346,2,0.1889250814332247,0.1368078175895765,0.0778214896571684,0.3875809334500999,0.8982041283434165,1.6444649834475251,34.99328664519668,43.57627118644068,0.5431409041869887,0.7014992624064766,nado,0.666,0,1027,1354,517,824
IMG_0840,12,68,2,335.0,340.0,12,12,180.3,0.8235161563073904,0.8083109099092699,0.1575193087241898,0.270346757997965,2,0.1791530944625407,0.0958197611292073,0.0905061573801132,0.3908327650536809,0.6172186539772211,1.975584381806489,32.7107071211184,42.752008475324445,0.5113082596920105,0.6678200701686031,nado,1.0,1,1027,1354,517,824
IMG_0840,12,69,2,340.0,345.0,13,13,180.3,0.2954881618372051,0.2772679234410041,0.1021555305240192,0.1258054794029192,1,0.1302931596091205,0.0972187421698822,0.0681346288467922,0.3361456668994266,0.8574618435392326,1.8591210759148,29.514285005423154,43.66818936877076,0.6061484269215853,0.7527725212291917,inmovilidad,0.996,1,1027,1354,517,824
IMG_0840,12,70,2,345.0,350.0,12,12,180.3,0.6242693659745151,0.6196280737998078,0.0759821785247247,0.1542278542524379,2,0.1661237785016286,0.1207926167209555,0.0792941623029677,0.4012422551092973,0.838688086172481,1.525701752738474,33.29897236290643,42.52642134635507,0.5718348962520391,0.7252778070143234,nado,0.998,1,1027,1354,517,824
IMG_0840,12,71,2,350.0,355.0,13,13,180.3,0.7334490340755743,0.7268487890227784,0.0981749636236931,0.1831544618639681,2,0.1498371335504886,0.0699072914056627,0.0707521876193981,0.3651328819508529,0.6358474395501099,1.9204689568045568,27.845941931283367,39.24663232207594,0.5579955700901077,0.7115466252355985,nado,0.939,1,1027,1354,517,824
IMG_0840,12,72,2,355.0,360.0,12,12,180.3,0.5699731715381011,0.5460192193075937,0.1635005456257793,0.1602401526625104,1,0.1107491856677524,0.0705754614549402,0.0459273880212455,0.3389853000525294,0.93537044612968,1.9584450164596607,28.018162361701723,41.56280842527583,0.6244763824337842,0.7665841889111985,inmovilidad,0.998,1,1027,1354,517,824
IMG_0840,12,73,2,360.0,365.0,13,13,180.3,0.5196331782700362,0.4736793806684596,0.2136503786295819,0.2026455835666689,1,0.4527687296416938,0.1348033074417439,0.1198704649852783,0.4660721962832607,0.747578901352476,2.644673881989171,48.56458612845293,64.89744198670104,0.3429780589916339,0.4735245504259031,nado,0.993,1,1027,1354,517,824
IMG_0840,12,74,2,365.0,370.0,9,5,180.3,0.8129864369874402,0.8129179168620732,0.0105549595053919,0.2556404636082572,1,0.4527687296416938,0.4527687296416938,0.858146053398745,3.208409948245525,0.9969770992607097,3.879367287080013,66.43910944784466,116.71016998412686,0.5425964041617743,0.6575536379770517,escalamiento,0.952,1,1027,1354,517,824
