bloque,especimen,inicio_s,propuesta,seguridad,clase,videito
1,1,0.0,nado,0.995,nado,
2,1,5.0,nado,0.96,nado,
3,1,10.0,escalamiento,0.957,escalamiento,
4,1,15.0,nado,0.989,nado,
5,1,20.0,escalamiento,0.974,escalamiento,
6,1,25.0,escalamiento,0.974,escalamiento,
7,1,30.0,escalamiento,0.983,escalamiento,
8,1,35.0,escalamiento,0.977,escalamiento,
9,1,40.0,escalamiento,0.964,escalamiento,
10,1,45.0,nado,0.839,nado,
11,1,50.0,nado,0.963,nado,
12,1,55.0,nado,0.717,,b012_tubo1.mp4
13,1,60.0,nado,0.971,nado,
14,1,65.0,nado,0.993,nado,
15,1,70.0,escalamiento,0.998,escalamiento,
16,1,75.0,nado,0.971,nado,
17,1,80.0,escalamiento,0.995,escalamiento,
18,1,85.0,nado,0.953,nado,
19,1,90.0,escalamiento,0.969,escalamiento,
20,1,95.0,escalamiento,0.5,,b020_tubo1.mp4
21,1,100.0,nado,0.986,nado,
22,1,105.0,escalamiento,0.671,,b022_tubo1.mp4
23,1,110.0,escalamiento,0.968,escalamiento,
24,1,115.0,escalamiento,0.832,escalamiento,
25,1,120.0,nado,0.935,nado,
26,1,125.0,nado,0.947,nado,
27,1,130.0,nado,0.972,nado,
28,1,135.0,nado,0.971,nado,
29,1,140.0,nado,0.572,,b029_tubo1.mp4
30,1,145.0,nado,0.962,nado,
31,1,150.0,nado,0.999,nado,
32,1,155.0,nado,1.0,nado,
33,1,160.0,nado,0.998,nado,
34,1,165.0,nado,0.999,nado,
35,1,170.0,escalamiento,0.941,escalamiento,
36,1,175.0,inmovilidad,0.615,,b036_tubo1.mp4
37,1,180.0,escalamiento,0.965,escalamiento,
38,1,185.0,inmovilidad,0.976,inmovilidad,
39,1,190.0,inmovilidad,0.998,inmovilidad,
40,1,195.0,nado,0.657,,b040_tubo1.mp4
41,1,200.0,nado,0.998,nado,
42,1,205.0,nado,0.999,nado,
43,1,210.0,nado,0.999,nado,
44,1,215.0,inmovilidad,0.924,inmovilidad,
45,1,220.0,escalamiento,0.872,escalamiento,
46,1,225.0,escalamiento,0.739,,b046_tubo1.mp4
47,1,230.0,escalamiento,0.854,escalamiento,
48,1,235.0,nado,1.0,nado,
49,1,240.0,nado,0.999,nado,
50,1,245.0,escalamiento,0.623,,b050_tubo1.mp4
51,1,250.0,nado,0.832,nado,
52,1,255.0,nado,0.966,nado,
53,1,260.0,inmovilidad,0.999,inmovilidad,
54,1,265.0,escalamiento,0.952,escalamiento,
55,1,270.0,escalamiento,0.889,escalamiento,
56,1,275.0,inmovilidad,0.93,inmovilidad,
57,1,280.0,escalamiento,0.481,,b057_tubo1.mp4
58,1,285.0,inmovilidad,0.783,,b058_tubo1.mp4
59,1,290.0,nado,0.995,nado,
60,1,295.0,nado,0.67,,b060_tubo1.mp4
61,1,300.0,nado,1.0,nado,
62,1,305.0,nado,0.992,nado,
63,1,310.0,nado,0.998,nado,
64,1,315.0,nado,0.998,nado,
65,1,320.0,nado,0.996,nado,
66,1,325.0,nado,1.0,nado,
67,1,330.0,nado,0.547,,b067_tubo1.mp4
68,1,335.0,nado,0.516,,b068_tubo1.mp4
69,1,340.0,nado,1.0,nado,
70,1,345.0,nado,0.956,nado,
71,1,350.0,nado,1.0,nado,
72,1,355.0,nado,0.911,nado,
73,1,360.0,escalamiento,0.651,,b073_tubo1.mp4
74,1,365.0,escalamiento,0.963,escalamiento,
1,2,0.0,nado,0.96,nado,
2,2,5.0,nado,0.993,nado,
3,2,10.0,nado,0.972,nado,
4,2,15.0,escalamiento,0.998,escalamiento,
5,2,20.0,escalamiento,0.973,escalamiento,
6,2,25.0,escalamiento,0.942,escalamiento,
7,2,30.0,escalamiento,0.978,escalamiento,
8,2,35.0,escalamiento,0.516,,b008_tubo2.mp4
9,2,40.0,escalamiento,0.957,escalamiento,
10,2,45.0,nado,0.949,nado,
11,2,50.0,nado,1.0,nado,
12,2,55.0,nado,1.0,nado,
13,2,60.0,nado,1.0,nado,
14,2,65.0,escalamiento,0.991,escalamiento,
15,2,70.0,nado,0.932,nado,
16,2,75.0,escalamiento,0.997,escalamiento,
17,2,80.0,nado,0.972,nado,
18,2,85.0,escalamiento,0.926,escalamiento,
19,2,90.0,escalamiento,0.957,escalamiento,
20,2,95.0,escalamiento,0.963,escalamiento,
21,2,100.0,escalamiento,0.97,escalamiento,
22,2,105.0,inmovilidad,0.932,inmovilidad,
23,2,110.0,nado,1.0,nado,
24,2,115.0,nado,0.99,nado,
25,2,120.0,nado,0.992,nado,
26,2,125.0,escalamiento,0.617,,b026_tubo2.mp4
27,2,130.0,nado,0.522,,b027_tubo2.mp4
28,2,135.0,nado,0.994,nado,
29,2,140.0,escalamiento,0.965,escalamiento,
30,2,145.0,escalamiento,0.963,escalamiento,
31,2,150.0,escalamiento,0.974,escalamiento,
32,2,155.0,escalamiento,0.999,escalamiento,
33,2,160.0,escalamiento,0.969,escalamiento,
34,2,165.0,escalamiento,0.965,escalamiento,
35,2,170.0,nado,0.999,nado,
36,2,175.0,inmovilidad,0.938,inmovilidad,
37,2,180.0,escalamiento,0.964,escalamiento,
38,2,185.0,escalamiento,0.644,,b038_tubo2.mp4
39,2,190.0,nado,0.996,nado,
40,2,195.0,nado,0.632,,b040_tubo2.mp4
41,2,200.0,nado,0.999,nado,
42,2,205.0,nado,0.61,,b042_tubo2.mp4
43,2,210.0,nado,1.0,nado,
44,2,215.0,nado,1.0,nado,
45,2,220.0,nado,1.0,nado,
46,2,225.0,inmovilidad,0.997,inmovilidad,
47,2,230.0,nado,0.934,nado,
48,2,235.0,nado,1.0,nado,
49,2,240.0,nado,1.0,nado,
50,2,245.0,nado,0.996,nado,
51,2,250.0,nado,0.979,nado,
52,2,255.0,nado,0.998,nado,
53,2,260.0,nado,0.902,nado,
54,2,265.0,nado,0.964,nado,
55,2,270.0,nado,0.947,nado,
56,2,275.0,nado,0.999,nado,
57,2,280.0,inmovilidad,0.964,inmovilidad,
58,2,285.0,nado,0.999,nado,
59,2,290.0,inmovilidad,0.5,,b059_tubo2.mp4
60,2,295.0,nado,0.999,nado,
61,2,300.0,inmovilidad,0.997,inmovilidad,
62,2,305.0,inmovilidad,0.692,,b062_tubo2.mp4
63,2,310.0,inmovilidad,0.999,inmovilidad,
64,2,315.0,nado,0.986,nado,
65,2,320.0,nado,1.0,nado,
66,2,325.0,inmovilidad,0.999,inmovilidad,
67,2,330.0,nado,0.666,,b067_tubo2.mp4
68,2,335.0,nado,1.0,nado,
69,2,340.0,inmovilidad,0.996,inmovilidad,
70,2,345.0,nado,0.998,nado,
71,2,350.0,nado,0.939,nado,
72,2,355.0,inmovilidad,0.998,inmovilidad,
73,2,360.0,nado,0.993,nado,
74,2,365.0,escalamiento,0.952,escalamiento,
